year,week,date,horizon,target_year,target_week,target,rain_mean_mm,rain_max_mm,rain_std_mm,wet_days,max_daily_mm,rain_source_is_dhm,temp_c_mean,temp_c_max,humidity_pct_mean,nasa_rain_sum,age_now,age_lag1,age_lag2,age_lag3,age_lag4,age_roll4_mean,age_roll4_std,age_roll8_mean,age_diff1,age_diff2,age_now_last_year,age_yoy_ratio,rain_mean_lag1,rain_mean_lag2,rain_mean_lag3,rain_mean_lag4,rain_mean_roll3,rain_mean_roll6,max_daily_lag1,max_daily_lag2,wet_days_roll3,temp_lag1,humidity_lag1,humidity_roll3,tgt_week_of_year,tgt_sin,tgt_cos,tgt_is_monsoon,age_target_week_last_year
2021,5,2021-02-14,4,2021.0,9.0,193.0,0.0,0.0,0.0,0.0,0.0,1.0,13.78,14.32,43.021428571428565,0.08,99.0,111.0,132.0,102.0,78.0,105.75,22.36626924634504,,-12.0,-33.0,,,3.463636363636364,0.2352173913043478,0.0,0.0004347826086956,3.6988537549407114,,10.4,5.4,0.7707509881422925,11.81,42.92857142857143,41.20761904761904,9.0,0.8854560256532098,0.4647231720437686,0.0,
2021,6,2021-02-21,4,2021.0,10.0,235.0,2.0681818181818183,13.4,3.1804935770945035,0.4545454545454545,13.4,1.0,14.335714285714284,15.76,45.06142857142857,2.01,147.0,99.0,111.0,132.0,102.0,111.0,14.89966442575134,,48.0,36.0,,,0.0,3.463636363636364,0.2352173913043478,0.0,5.531818181818182,5.767470355731225,0.0,10.4,1.1818181818181817,13.78,43.021428571428565,43.67047619047619,10.0,0.9350162426854148,0.35460488704253557,0.0,
2021,7,2021-02-28,4,2021.0,11.0,285.0,0.1513636363636363,3.1,0.6599516248833298,0.0454545454545454,3.1,1.0,16.95,18.19,37.37,0.11,133.0,147.0,99.0,111.0,132.0,122.25,21.406774628607646,,-14.0,34.0,,,2.0681818181818183,0.0,3.463636363636364,0.2352173913043478,2.2195454545454547,5.918399209486166,13.4,0.0,0.4999999999999999,14.335714285714284,45.06142857142857,41.81761904761905,11.0,0.970941817426052,0.23931566428755804,0.0,
2021,8,2021-03-07,4,2021.0,12.0,292.0,3.358260869565217,8.51,2.7216332866563,0.7391304347826086,8.5,1.0,16.654285714285713,18.1,29.585714285714285,1.68,201.0,133.0,147.0,99.0,111.0,122.5,21.563858652847824,,68.0,54.0,,,0.1513636363636363,2.0681818181818183,0.0,3.463636363636364,5.5778063241106715,9.276660079051384,3.1,13.4,1.2391304347826084,16.95,37.37,37.33904761904761,12.0,0.992708874098054,0.120536680255323,0.0,
2021,9,2021-03-14,4,2021.0,13.0,343.0,3.6030434782608696,11.4,3.4879616798127095,1.0,10.8,1.0,18.307142857142857,19.3,35.83571428571428,2.79,193.0,201.0,133.0,147.0,99.0,145.0,42.42640687119285,125.375,-8.0,60.0,,,3.358260869565217,0.1513636363636363,2.0681818181818183,0.0,7.112667984189724,12.644486166007905,8.5,3.1,1.7845849802371538,16.654285714285713,29.585714285714285,34.26380952380952,13.0,1.0,-1.6081226496766366e-16,0.0,
2021,10,2021-03-21,4,2021.0,14.0,349.0,0.087391304347826,2.0,0.4169392520751058,0.0434782608695652,2.0,1.0,19.577142857142857,20.78,33.46142857142857,0.24,235.0,193.0,201.0,133.0,147.0,168.5,33.56088993655164,139.75,42.0,34.0,,,3.6030434782608696,3.358260869565217,0.1513636363636363,2.0681818181818183,7.048695652173913,9.268241106719367,10.8,8.5,1.7826086956521738,18.307142857142857,35.83571428571428,32.960952380952385,14.0,0.992708874098054,-0.12053668025532288,0.0,
2021,11,2021-03-28,4,2021.0,15.0,284.0,0.0447826086956521,1.0,0.2082801776719695,0.0,1.0,1.0,20.45285714285714,21.47,28.965714285714284,0.0,285.0,235.0,193.0,201.0,133.0,190.5,42.43819034784589,156.375,50.0,92.0,,,0.087391304347826,3.6030434782608696,3.358260869565217,0.1513636363636363,3.7352173913043476,9.313023715415019,2.0,10.8,1.0434782608695652,19.577142857142857,33.46142857142857,32.754285714285714,15.0,0.9709418174260521,-0.2393156642875575,0.0,
2021,12,2021-04-04,4,2021.0,16.0,238.0,11.16304347826087,34.5,9.122055407728023,1.0434782608695652,32.6,1.0,20.562857142857144,22.48,25.98,8.83,292.0,285.0,235.0,193.0,201.0,228.5,41.83698523236747,175.5,7.0,57.0,,,0.0447826086956521,0.087391304347826,3.6030434782608696,3.358260869565217,11.295217391304348,18.407885375494068,1.0,2.0,1.0869565217391304,20.45285714285714,28.965714285714284,29.46904761904762,16.0,0.9350162426854148,-0.35460488704253545,0.0,
2021,13,2021-04-11,4,2021.0,17.0,230.0,2.9039130434782607,12.4,3.906201059772473,0.5217391304347826,11.8,1.0,22.337142857142855,23.2,20.181428571428572,0.37,343.0,292.0,285.0,235.0,193.0,251.25,46.392348507054486,198.125,51.0,58.0,,,11.16304347826087,0.0447826086956521,0.087391304347826,3.6030434782608696,14.111739130434781,21.160434782608693,32.6,1.0,1.5652173913043477,20.562857142857144,25.98,25.042380952380952,17.0,0.8854560256532099,-0.4647231720437685,0.0,
2021,14,2021-04-18,4,2021.0,18.0,79.0,21.46695652173913,67.1,16.423820958037144,1.9565217391304348,66.5,1.0,23.177142857142854,24.4,28.564285714285713,14.94,349.0,343.0,292.0,285.0,235.0,288.75,44.18427322023075,228.625,6.0,57.0,,,2.9039130434782607,11.16304347826087,0.0447826086956521,0.087391304347826,35.53391304347826,39.26913043478261,11.8,32.6,3.5217391304347827,22.337142857142855,20.181428571428572,24.90857142857143,18.0,0.8229838658936565,-0.5680647467311557,0.0,
2021,15,2021-04-25,4,2021.0,19.0,28.0,13.206521739130435,26.110000000000003,6.213276553767492,1.6521739130434785,17.6,1.0,22.544285714285714,23.96,35.137142857142855,14.66,284.0,349.0,343.0,292.0,285.0,317.25,33.410327744576215,253.875,-65.0,-59.0,,,21.46695652173913,2.9039130434782607,11.16304347826087,0.0447826086956521,37.57739130434783,48.872608695652175,66.5,11.8,4.130434782608696,23.177142857142854,28.564285714285713,27.960952380952378,19.0,0.7485107481711013,-0.6631226582407951,0.0,
2021,16,2021-05-02,4,2021.0,20.0,25.0,31.39695652173913,91.1,20.603406698624692,2.260869565217391,48.0,1.0,23.428571428571427,24.52,37.25,12.4,238.0,284.0,349.0,343.0,292.0,317.0,33.73425558686599,272.75,-46.0,-111.0,,,13.206521739130435,21.46695652173913,2.9039130434782607,11.16304347826087,66.0704347826087,80.18217391304348,17.6,66.5,5.869565217391305,22.544285714285714,35.137142857142855,33.65047619047619,20.0,0.6631226582407952,-0.7485107481711012,0.0,
2021,17,2021-05-09,4,2021.0,21.0,33.0,21.593913043478263,70.02000000000001,18.524854738512904,2.3043478260869565,35.5,1.0,20.868571428571425,22.24,58.98142857142857,28.49,230.0,238.0,284.0,349.0,343.0,303.5,52.60228131934963,277.375,-8.0,-54.0,,,31.39695652173913,13.206521739130435,21.46695652173913,2.9039130434782607,66.19739130434783,101.7313043478261,48.0,17.6,6.217391304347826,23.428571428571427,37.25,43.78952380952381,21.0,0.5680647467311558,-0.8229838658936564,0.0,
2021,18,2021-05-16,4,2021.0,22.0,34.0,16.41913043478261,45.21,9.893736729982937,2.391304347826087,25.1,1.0,21.60571428571429,24.48,54.10142857142857,28.35,79.0,230.0,238.0,284.0,349.0,275.25,54.62218718921215,282.0,-151.0,-159.0,,,21.593913043478263,31.39695652173913,13.206521739130435,21.46695652173913,69.41000000000001,106.98739130434782,35.5,48.0,6.956521739130435,20.868571428571425,58.98142857142857,50.11095238095238,22.0,0.46472317204376906,-0.8854560256532096,1.0,
2021,19,2021-05-23,4,2021.0,23.0,74.0,17.795217391304345,100.9,18.792334962949223,2.3043478260869565,23.4,1.0,23.88714285714286,25.32,55.83571428571429,22.82,28.0,79.0,230.0,238.0,284.0,207.75,89.07066483042176,262.5,-51.0,-202.0,,,16.41913043478261,21.593913043478263,31.39695652173913,13.206521739130435,55.80826086956522,121.87869565217392,25.1,35.5,7.0,21.60571428571429,54.10142857142857,56.30619047619047,23.0,0.35460488704253584,-0.9350162426854147,1.0,
2021,20,2021-05-30,4,2021.0,24.0,53.0,93.53826086956522,133.3,16.777565825225153,4.304347826086956,65.1,1.0,23.610000000000003,26.1,71.37571428571428,115.02,25.0,28.0,79.0,230.0,238.0,143.75,106.32144656653237,230.375,-3.0,-54.0,,,17.795217391304345,16.41913043478261,21.593913043478263,31.39695652173913,127.75260869565217,193.95,23.4,25.1,9.0,23.88714285714286,55.83571428571429,60.437619047619044,24.0,0.23931566428755768,-0.970941817426052,1.0,
2021,21,2021-06-06,4,2021.0,25.0,79.0,17.004347826086956,91.5,21.54885734707126,1.434782608695652,33.0,1.0,23.73428571428571,24.89,70.91714285714286,9.76,33.0,25.0,28.0,79.0,230.0,90.5,96.24448036121343,197.0,8.0,5.0,,,93.53826086956522,17.795217391304345,16.41913043478261,21.593913043478263,128.3378260869565,197.74782608695654,65.1,23.4,8.043478260869565,23.610000000000003,71.37571428571428,66.04285714285714,25.0,0.12053668025532308,-0.992708874098054,1.0,
2021,22,2021-06-13,4,2021.0,26.0,88.0,61.44347826086957,228.51,51.695210751330784,4.086956521739131,79.2,1.0,23.261428571428574,25.02,79.93285714285715,63.290000000000006,34.0,33.0,25.0,28.0,79.0,41.25,25.382080292994065,158.25,1.0,9.0,,,17.004347826086956,93.53826086956522,17.795217391304345,16.41913043478261,171.98608695652175,227.79434782608695,33.0,65.1,9.826086956521738,23.73428571428571,70.91714285714286,74.07523809523809,26.0,-3.216245299353273e-16,-1.0,1.0,
2021,23,2021-06-20,4,2021.0,27.0,86.0,76.68434782608696,154.2,38.33022470181592,5.782608695652174,72.2,1.0,22.537142857142857,23.02,87.29714285714286,56.46,74.0,34.0,33.0,25.0,28.0,30.0,4.242640687118996,118.875,40.0,41.0,,,61.44347826086957,17.004347826086956,93.53826086956522,17.795217391304345,155.1321739130435,282.8847826086957,79.2,33.0,11.304347826086957,23.261428571428574,79.93285714285715,79.38238095238096,27.0,-0.12053668025532283,-0.992708874098054,1.0,
2021,24,2021-06-27,4,2021.0,28.0,88.0,96.60652173913044,260.3,58.831464494983514,4.478260869565218,105.0,1.0,22.75,23.29,89.83714285714287,57.71,53.0,74.0,34.0,33.0,25.0,41.5,22.03784623475407,92.625,-21.0,19.0,,,76.68434782608696,61.44347826086957,17.004347826086956,93.53826086956522,234.73434782608697,363.07217391304346,72.2,79.2,14.347826086956523,22.537142857142857,87.29714285714286,85.68904761904763,28.0,-0.23931566428755743,-0.9709418174260521,1.0,
2021,25,2021-07-04,4,2021.0,29.0,96.0,161.07434782608695,190.1,23.52423002818524,5.956521739130435,95.1,1.0,22.624285714285715,23.2,91.37571428571428,123.37,79.0,53.0,74.0,34.0,33.0,48.5,19.330459556530574,69.5,26.0,5.0,,,96.60652173913044,76.68434782608696,61.44347826086957,17.004347826086956,334.3652173913043,506.3513043478261,105.0,72.2,16.217391304347828,22.75,89.83714285714287,89.50333333333333,29.0,-0.3546048870425356,-0.9350162426854148,1.0,
2021,26,2021-07-11,4,2021.0,30.0,70.0,106.04695652173912,224.4,45.02281365493625,5.086956521739131,91.4,1.0,22.67142857142857,22.98,92.03428571428572,75.93,88.0,79.0,53.0,74.0,34.0,60.0,20.672042311618146,50.625,9.0,35.0,,,161.07434782608695,96.60652173913044,76.68434782608696,61.44347826086957,363.7278260869565,518.86,95.1,105.0,15.521739130434783,22.624285714285715,91.37571428571428,91.08238095238096,30.0,-0.46472317204376806,-0.8854560256532101,1.0,
2021,27,2021-07-18,4,2021.0,31.0,81.0,80.33739130434783,130.6,35.606240287775826,5.913043478260869,65.0,1.0,22.701428571428572,23.55,90.5085714285714,74.00999999999999,86.0,88.0,79.0,53.0,74.0,73.5,14.843629385474795,51.75,-2.0,7.0,,,106.04695652173912,161.07434782608695,96.60652173913044,76.68434782608696,347.4586956521739,582.1930434782608,91.4,95.1,16.956521739130437,22.67142857142857,92.03428571428572,91.30619047619047,31.0,-0.5680647467311556,-0.8229838658936565,1.0,
2021,28,2021-07-25,4,2021.0,32.0,62.0,97.0795652173913,215.4,47.05811044754433,5.6521739130434785,76.5,1.0,23.352857142857143,24.29,89.20142857142856,79.13,88.0,86.0,88.0,79.0,53.0,76.5,16.134848413707854,59.0,2.0,0.0,,,80.33739130434783,106.04695652173912,161.07434782608695,96.60652173913044,283.46391304347827,617.8291304347825,65.0,91.4,16.652173913043477,22.701428571428572,90.5085714285714,90.58142857142856,32.0,-0.663122658240795,-0.7485107481711013,1.0,
2021,29,2021-08-01,4,2021.0,33.0,76.0,96.21391304347826,168.4,30.776571481792978,6.260869565217392,85.2,1.0,23.035714285714285,23.21,90.0442857142857,76.07,96.0,88.0,86.0,88.0,79.0,85.25,4.272001872658477,66.875,8.0,10.0,,,97.0795652173913,80.33739130434783,106.04695652173912,161.07434782608695,273.6308695652174,637.358695652174,76.5,65.0,17.82608695652174,23.352857142857143,89.20142857142856,89.91809523809523,33.0,-0.7485107481711011,-0.6631226582407952,1.0,
2021,30,2021-08-08,4,2021.0,34.0,55.0,72.78434782608696,353.79999999999995,76.32276050527945,4.956521739130435,140.1,1.0,23.045714285714286,24.16,88.27285714285713,97.74,70.0,96.0,88.0,86.0,88.0,89.5,4.434711565216415,74.75,-26.0,-18.0,,,96.21391304347826,97.0795652173913,80.33739130434783,106.04695652173912,266.0778260869565,613.5365217391304,85.2,76.5,16.869565217391305,23.035714285714285,90.0442857142857,89.17285714285714,34.0,-0.8229838658936564,-0.5680647467311559,1.0,
2021,31,2021-08-15,4,2021.0,35.0,82.0,79.86260869565218,209.0,38.61850501053882,4.869565217391305,94.4,1.0,23.021428571428572,23.26,92.20142857142856,87.1,81.0,70.0,96.0,88.0,86.0,85.0,10.89342309224535,79.25,11.0,-15.0,,,72.78434782608696,96.21391304347826,97.0795652173913,80.33739130434783,248.8608695652174,532.3247826086956,140.1,85.2,16.086956521739133,23.045714285714286,88.27285714285713,90.17285714285714,35.0,-0.8854560256532096,-0.4647231720437691,1.0,
2021,32,2021-08-22,4,2021.0,36.0,80.0,83.02217391304347,365.2,73.41981977619108,5.217391304347826,82.1,1.0,22.132857142857144,22.99,92.47571428571428,55.19,62.0,81.0,70.0,96.0,88.0,83.75,11.026483271348617,80.125,-19.0,-8.0,,,79.86260869565218,72.78434782608696,96.21391304347826,97.0795652173913,235.66913043478263,509.3,94.4,140.1,15.043478260869566,23.021428571428572,92.20142857142856,90.98333333333333,36.0,-0.9350162426854147,-0.3546048870425359,1.0,
2021,33,2021-08-29,4,2021.0,37.0,74.0,121.08869565217393,162.8,24.259693152587637,6.391304347826087,75.0,1.0,22.041428571428572,22.47,94.31,124.32,76.0,62.0,81.0,70.0,96.0,77.25,14.728091073410166,81.25,14.0,-5.0,,,83.02217391304347,79.86260869565218,72.78434782608696,96.21391304347826,283.97347826086957,550.0513043478261,82.1,94.4,16.47826086956522,22.132857142857144,92.47571428571428,92.99571428571427,37.0,-0.970941817426052,-0.23931566428755774,1.0,
2021,34,2021-09-05,4,2021.0,38.0,77.0,73.26434782608695,233.3,54.48091332384939,4.869565217391305,114.4,1.0,21.951428571428572,22.94,91.50714285714284,48.6,55.0,76.0,62.0,81.0,70.0,72.25,8.180260794538533,80.875,-21.0,-7.0,,,121.08869565217393,83.02217391304347,79.86260869565218,72.78434782608696,277.3752173913044,526.2360869565217,75.0,82.1,16.47826086956522,22.041428571428572,94.31,92.76428571428569,38.0,-0.992708874098054,-0.12053668025532357,1.0,
2021,35,2021-09-12,4,2021.0,39.0,92.0,96.10478260869564,238.82,56.115939630664755,4.826086956521739,146.2,1.0,22.06,23.06,90.17857142857144,59.15,82.0,55.0,76.0,62.0,81.0,68.5,12.069244660154347,76.75,27.0,6.0,,,73.26434782608695,121.08869565217393,83.02217391304347,79.86260869565218,290.4578260869565,526.1269565217392,114.4,75.0,16.086956521739133,21.951428571428572,91.50714285714284,91.99857142857142,39.0,-1.0,-1.8369701987210297e-16,1.0,
2021,36,2021-09-19,4,2021.0,40.0,132.0,24.995217391304347,112.1,21.09663994564175,4.130434782608695,32.0,1.0,21.765714285714285,23.06,89.1842857142857,18.66,80.0,82.0,55.0,76.0,62.0,68.75,12.419742348374122,76.25,-2.0,25.0,,,96.10478260869564,73.26434782608695,121.08869565217393,83.02217391304347,194.36434782608694,478.3378260869565,146.2,114.4,13.82608695652174,22.06,90.17857142857144,90.29,40.0,-0.992708874098054,0.1205366802553232,0.0,
2021,37,2021-09-26,4,2021.0,41.0,78.0,64.41217391304347,147.21,38.431818015394214,3.695652173913043,61.4,1.0,21.85571428571429,22.48,90.53,33.12,74.0,80.0,82.0,55.0,76.0,73.25,12.419742348374122,75.25,-6.0,-8.0,,,24.995217391304347,96.10478260869564,73.26434782608695,121.08869565217393,185.51217391304345,462.88739130434783,32.0,146.2,12.652173913043477,21.765714285714285,89.1842857142857,89.96428571428572,41.0,-0.9709418174260521,0.23931566428755738,0.0,
2021,38,2021-10-03,4,2021.0,42.0,78.0,35.95869565217391,72.6,20.83497677733894,3.608695652173913,43.5,1.0,21.154285714285713,22.28,89.02285714285713,36.98,77.0,74.0,80.0,82.0,55.0,72.75,12.311918344974956,72.5,3.0,-3.0,,,64.41217391304347,24.995217391304347,96.10478260869564,73.26434782608695,125.36608695652174,415.8239130434783,61.4,32.0,11.434782608695652,21.85571428571429,90.53,89.57904761904761,42.0,-0.9350162426854148,0.35460488704253557,0.0,
2021,39,2021-10-10,4,2021.0,43.0,89.0,17.695652173913043,84.81,19.48556711239628,1.434782608695652,84.8,1.0,21.15285714285714,21.43,91.91428571428573,24.04,92.0,77.0,74.0,80.0,82.0,78.25,3.499999999999642,73.375,15.0,18.0,,,35.95869565217391,64.41217391304347,24.995217391304347,96.10478260869564,118.06652173913042,312.43086956521734,43.5,61.4,8.739130434782608,21.154285714285713,89.02285714285713,90.48904761904764,43.0,-0.8854560256532101,0.464723172043768,0.0,
2021,40,2021-10-17,4,2021.0,44.0,51.0,8.240869565217391,83.3,18.39021476789997,0.782608695652174,55.3,1.0,22.228571428571428,23.07,86.59142857142857,18.8,132.0,92.0,77.0,74.0,80.0,80.75,7.889866919029592,74.75,40.0,55.0,,,17.695652173913043,35.95869565217391,64.41217391304347,24.995217391304347,61.89521739130434,247.4073913043478,84.8,43.5,5.826086956521739,21.15285714285714,91.91428571428573,89.17619047619047,44.0,-0.822983865893657,0.5680647467311548,0.0,
2021,41,2021-10-24,4,2021.0,45.0,55.0,32.00217391304348,129.4,24.70470970124775,3.3043478260869565,51.1,1.0,19.12,20.54,91.06285714285715,59.150000000000006,78.0,132.0,92.0,77.0,74.0,93.75,26.68801229016499,83.5,-54.0,-14.0,,,8.240869565217391,17.695652173913043,35.95869565217391,64.41217391304347,57.93869565217391,183.30478260869566,55.3,84.8,5.521739130434783,22.228571428571428,86.59142857142857,89.85619047619048,45.0,-0.7485107481711011,0.6631226582407953,0.0,
2021,42,2021-10-31,4,2021.0,46.0,69.0,4.280434782608696,24.2,7.586518232580781,0.4347826086956521,24.2,1.0,17.674285714285713,18.1,84.95142857142856,0.35,78.0,78.0,132.0,92.0,77.0,94.75,25.76011128340347,83.75,0.0,-54.0,,,32.00217391304348,8.240869565217391,17.695652173913043,35.95869565217391,44.52347826086957,162.59,51.1,55.3,4.521739130434782,19.12,91.06285714285715,87.53523809523809,46.0,-0.6631226582407956,0.7485107481711007,0.0,
2021,43,2021-11-07,4,2021.0,47.0,64.0,0.0004347826086956,0.01,0.0020851441405707,0.0,0.01,1.0,15.854285714285714,16.5,80.23857142857142,0.0,89.0,78.0,78.0,132.0,92.0,95.0,25.534290669607362,86.625,11.0,11.0,,,4.280434782608696,32.00217391304348,8.240869565217391,17.695652173913043,36.28304347826087,98.17826086956521,24.2,51.1,3.7391304347826084,17.674285714285713,84.95142857142856,85.41761904761904,47.0,-0.5680647467311559,0.8229838658936564,0.0,
2021,44,2021-11-14,4,2021.0,48.0,76.0,0.0,0.0,0.0,0.0,0.0,1.0,15.96,16.73,85.13857142857144,0.4399999999999999,51.0,89.0,78.0,78.0,132.0,94.25,25.69533031505915,87.5,-38.0,-27.0,,,0.0004347826086956,4.280434782608696,32.00217391304348,8.240869565217391,4.280869565217391,62.219565217391306,0.01,24.2,0.4347826086956521,15.854285714285714,80.23857142857142,83.44285714285714,48.0,-0.4647231720437684,0.88545602565321,0.0,
2021,45,2021-11-21,4,2021.0,49.0,86.0,0.0017391304347826,0.02,0.0049102619010353,0.0,0.01,1.0,15.507142857142856,16.18,82.44142857142857,0.36,55.0,51.0,89.0,78.0,78.0,74.0,16.186414056238572,83.875,4.0,-34.0,,,0.0,0.0004347826086956,4.280434782608696,32.00217391304348,0.0021739130434782,44.52565217391304,0.0,0.01,0.0,15.96,85.13857142857144,82.60619047619048,49.0,-0.35460488704253595,0.9350162426854147,0.0,
2021,46,2021-11-28,4,2021.0,50.0,85.0,0.0008695652173913,0.01,0.0028810406552003,0.0,0.01,1.0,13.352857142857143,14.59,86.23,0.0,69.0,55.0,51.0,89.0,78.0,68.25,18.246004128758283,81.5,14.0,18.0,,,0.0017391304347826,0.0,0.0004347826086956,4.280434782608696,0.0026086956521739002,36.28565217391304,0.01,0.0,0.0,15.507142857142856,82.44142857142857,84.60333333333334,50.0,-0.2393156642875578,0.970941817426052,0.0,
2021,47,2021-12-05,4,2021.0,51.0,82.0,0.6082608695652174,2.5,0.8100373289597835,0.2608695652173913,2.5,1.0,15.138571428571428,15.85,82.7057142857143,0.79,64.0,69.0,55.0,51.0,89.0,66.0,17.165857586111578,80.5,-5.0,9.0,,,0.0008695652173913,0.0017391304347826,0.0,0.0004347826086956,0.6108695652173913,4.891739130434782,0.01,0.01,0.2608695652173913,13.352857142857143,86.23,83.79238095238095,51.0,-0.12053668025532363,0.992708874098054,0.0,
2021,48,2021-12-12,4,2021.0,52.0,138.0,0.0,0.0,0.0,0.0,0.0,1.0,13.29,15.21,71.79428571428572,0.1,76.0,64.0,69.0,55.0,51.0,59.75,8.220908303425542,77.0,12.0,7.0,,,0.6082608695652174,0.0008695652173913,0.0017391304347826,0.0,0.6091304347826088,0.6113043478260869,2.5,0.01,0.2608695652173913,15.138571428571428,82.7057142857143,80.24333333333334,52.0,6.432490598706546e-16,1.0,0.0,
2021,49,2021-12-19,4,2022.0,1.0,114.0,0.0,0.0,0.0,0.0,0.0,1.0,11.85,12.93,60.03857142857142,0.0,86.0,76.0,64.0,69.0,55.0,66.0,8.831760866327718,70.0,10.0,22.0,,,0.0,0.6082608695652174,0.0008695652173913,0.0017391304347826,0.6082608695652174,0.6108695652173913,0.0,2.5,0.2608695652173913,13.29,71.79428571428572,71.51285714285714,1.0,0.12053668025532305,0.992708874098054,0.0,78.0
2021,50,2021-12-26,4,2022.0,2.0,76.0,0.1804347826086956,4.01,0.8350801717683353,0.0434782608695652,4.0,1.0,10.344285714285714,10.85,75.36571428571428,0.3299999999999999,85.0,86.0,76.0,64.0,69.0,73.75,9.535023160258413,71.0,-1.0,9.0,,,0.0,0.0,0.6082608695652174,0.0008695652173913,0.1804347826086956,0.7913043478260869,0.0,0.0,0.0434782608695652,11.85,60.03857142857142,69.06619047619047,2.0,0.23931566428755774,0.970941817426052,0.0,102.0
2021,51,2022-01-02,4,2022.0,3.0,76.0,42.11869565217391,58.010000000000005,8.25935959676152,1.9130434782608696,42.2,1.0,9.93142857142857,10.72,77.40857142857143,27.630000000000003,82.0,85.0,86.0,76.0,64.0,77.75,10.210288928330955,71.875,-3.0,-4.0,,,0.1804347826086956,0.0,0.0,0.6082608695652174,42.299130434782604,42.90826086956522,4.0,0.0,1.9565217391304348,10.344285714285714,75.36571428571428,70.93761904761905,3.0,0.3546048870425356,0.9350162426854148,0.0,132.0
2021,52,2022-01-09,4,2022.0,4.0,60.0,0.0026086956521739,0.02,0.0054082355586371,0.0,0.01,1.0,11.888571428571428,13.45,72.69142857142857,0.32,138.0,82.0,85.0,86.0,76.0,82.25,4.499999999999745,71.0,56.0,53.0,,,42.11869565217391,0.1804347826086956,0.0,0.0,42.301739130434775,42.91,42.2,4.0,1.9565217391304348,9.93142857142857,77.40857142857143,75.15523809523809,4.0,0.4647231720437685,0.8854560256532099,0.0,111.0
2022,1,2022-01-16,4,2022.0,5.0,60.0,3.8634782608695657,13.6,4.1200282530978,0.782608695652174,13.6,1.0,10.55,12.24,75.42857142857143,1.58,114.0,138.0,82.0,85.0,86.0,97.75,26.887109674836086,81.875,-24.0,32.0,78.0,,0.0026086956521739,42.11869565217391,0.1804347826086956,0.0,45.98478260869565,46.16521739130435,0.01,42.2,2.6956521739130435,11.888571428571428,72.69142857142857,75.17619047619048,5.0,0.5680647467311558,0.8229838658936564,0.0,99.0
2022,2,2022-01-23,4,2022.0,6.0,45.0,4.699565217391305,22.700000000000003,7.000435361955498,0.7391304347826086,20.5,1.0,9.974285714285712,11.23,73.86,2.09,76.0,114.0,138.0,82.0,85.0,104.75,26.449637678677774,89.25,-38.0,-62.0,102.0,,3.8634782608695657,0.0026086956521739,42.11869565217391,0.1804347826086956,8.565652173913044,50.864782608695656,13.6,0.01,1.5217391304347827,10.55,75.42857142857143,73.99333333333334,6.0,0.6631226582407952,0.7485107481711011,0.0,147.0
2022,3,2022-01-30,4,2022.0,7.0,76.0,0.4343478260869565,3.93,0.9625337117447156,0.1304347826086956,3.4,1.0,8.541428571428572,10.14,76.60571428571428,0.69,76.0,76.0,114.0,138.0,82.0,102.5,28.95398648430525,90.125,0.0,-38.0,132.0,,4.699565217391305,3.8634782608695657,0.0026086956521739,42.11869565217391,8.997391304347826,51.29913043478261,20.5,13.6,1.6521739130434783,9.974285714285712,73.86,75.29809523809524,7.0,0.7485107481711011,0.6631226582407953,0.0,133.0
2022,4,2022-02-06,4,2022.0,8.0,120.0,43.88695652173913,63.92,11.539685845252226,2.0434782608695654,42.0,1.0,8.634285714285713,10.04,76.9057142857143,37.38,60.0,76.0,76.0,114.0,138.0,101.0,30.48496897379643,91.625,-16.0,-16.0,111.0,,0.4343478260869565,4.699565217391305,3.8634782608695657,0.0026086956521739,49.02086956521739,95.00565217391303,3.4,20.5,2.9130434782608696,8.541428571428572,76.60571428571428,75.79047619047618,8.0,0.8229838658936564,0.5680647467311558,0.0,201.0
2022,5,2022-02-13,4,2022.0,9.0,114.0,2.9778260869565214,18.4,4.822587910053857,0.391304347826087,18.4,1.0,10.065714285714284,11.02,74.95285714285716,0.06,60.0,60.0,76.0,76.0,114.0,81.5,22.941955743426302,89.625,0.0,-16.0,99.0,,43.88695652173913,0.4343478260869565,4.699565217391305,3.8634782608695657,47.299130434782604,55.86478260869565,42.0,3.4,2.5652173913043477,8.634285714285713,76.9057142857143,76.15476190476191,9.0,0.8854560256532098,0.4647231720437686,0.0,193.0
2022,6,2022-02-20,4,2022.0,10.0,185.0,1.046086956521739,14.5,3.5033811449284693,0.0869565217391304,14.5,1.0,11.84142857142857,12.72,68.27142857142857,1.46,45.0,60.0,60.0,76.0,76.0,68.0,9.237604307033896,86.375,-15.0,-15.0,147.0,,2.9778260869565214,43.88695652173913,0.4343478260869565,4.699565217391305,47.91086956521739,56.90826086956522,18.4,42.0,2.5217391304347827,10.065714285714284,74.95285714285716,73.37666666666668,10.0,0.9350162426854148,0.35460488704253557,0.0,235.0
2022,7,2022-02-27,4,2022.0,11.0,194.0,1.7695652173913046,7.52,2.5579368075584767,0.4347826086956521,7.2,1.0,12.627142857142855,14.33,61.285714285714285,0.66,76.0,45.0,60.0,60.0,76.0,60.25,12.658988901172078,81.375,31.0,16.0,133.0,,1.046086956521739,2.9778260869565214,43.88695652173913,0.4343478260869565,5.7934782608695645,54.81434782608695,14.5,18.4,0.9130434782608695,11.84142857142857,68.27142857142857,68.17,11.0,0.970941817426052,0.23931566428755804,0.0,285.0
2022,8,2022-03-06,4,2022.0,12.0,230.0,0.0004347826086956,0.01,0.0020851441405707,0.0,0.01,1.0,15.324285714285717,16.97,51.82,0.12,120.0,76.0,45.0,60.0,60.0,60.25,12.658988901172078,80.625,44.0,75.0,201.0,,1.7695652173913046,1.046086956521739,2.9778260869565214,43.88695652173913,2.816086956521739,50.11521739130435,7.2,14.5,0.5217391304347825,12.627142857142855,61.285714285714285,60.459047619047624,12.0,0.992708874098054,0.120536680255323,0.0,292.0
2022,9,2022-03-13,4,2022.0,13.0,288.0,1.1652173913043478,26.8,5.588186296729604,0.0869565217391304,14.3,1.0,18.738571428571426,18.93,45.2,0.0,114.0,120.0,76.0,45.0,60.0,75.25,32.407560846197576,78.375,-6.0,38.0,193.0,0.6251246261216351,0.0004347826086956,1.7695652173913046,1.046086956521739,2.9778260869565214,2.935217391304348,50.84608695652174,0.01,7.2,0.5217391304347825,15.324285714285717,51.82,52.76857142857143,13.0,1.0,-1.6081226496766366e-16,0.0,343.0
2022,10,2022-03-20,4,2022.0,14.0,290.0,0.9973913043478262,13.4,2.896160808869224,0.1739130434782608,13.4,1.0,21.78142857142857,23.16,49.31142857142857,2.44,185.0,114.0,120.0,76.0,45.0,88.75,35.074919814591134,78.375,71.0,65.0,235.0,0.5608228980322003,1.1652173913043478,0.0004347826086956,1.7695652173913046,1.046086956521739,2.1630434782608696,7.956521739130435,14.3,0.01,0.26086956521739124,18.738571428571426,45.2,48.777142857142856,14.0,0.992708874098054,-0.12053668025532288,0.0,349.0
2022,11,2022-03-27,4,2022.0,15.0,240.0,1.9382608695652173,16.099999999999998,3.5835059675913534,0.4347826086956521,15.7,1.0,20.974285714285713,21.96,43.28285714285714,6.8,194.0,185.0,114.0,120.0,76.0,123.75,45.242863157261226,92.0,9.0,80.0,285.0,0.5883293365307753,0.9973913043478262,1.1652173913043478,0.0004347826086956,1.7695652173913046,4.100869565217391,6.916956521739131,13.4,14.3,0.6956521739130433,21.78142857142857,49.31142857142857,45.93142857142857,15.0,0.9709418174260521,-0.2393156642875575,0.0,284.0
2022,12,2022-04-03,4,2022.0,16.0,345.0,5.680434782608696,48.7,11.981508661365291,0.6086956521739131,40.2,1.0,21.05857142857143,22.4,49.021428571428565,8.16,230.0,194.0,185.0,114.0,120.0,153.25,42.090180961042826,106.75,36.0,45.0,292.0,0.6082621082621082,1.9382608695652173,0.9973913043478262,1.1652173913043478,0.0004347826086956,8.61608695652174,11.551304347826088,15.7,13.4,1.2173913043478262,20.974285714285713,43.28285714285714,47.20523809523809,16.0,0.9350162426854148,-0.35460488704253545,0.0,238.0
2022,13,2022-04-10,4,2022.0,17.0,376.0,7.34304347826087,40.0,9.56694804321943,0.6956521739130435,40.0,1.0,22.602857142857143,23.27,41.26571428571429,9.69,288.0,230.0,194.0,185.0,114.0,180.75,48.561816275753095,128.0,58.0,94.0,343.0,0.6460567823343849,5.680434782608696,1.9382608695652173,0.9973913043478262,1.1652173913043478,14.961739130434783,17.124782608695654,40.2,15.7,1.7391304347826089,21.05857142857143,49.021428571428565,44.52333333333333,17.0,0.8854560256532099,-0.4647231720437685,0.0,230.0
2022,14,2022-04-17,4,2022.0,18.0,402.0,5.574347826086957,32.3,8.329531158958662,0.8695652173913043,26.5,1.0,23.277142857142856,23.99,35.61142857142857,1.81,290.0,288.0,230.0,194.0,185.0,224.25,46.73596045873026,156.5,2.0,60.0,349.0,0.6845270639693821,7.34304347826087,5.680434782608696,1.9382608695652173,0.9973913043478262,18.597826086956523,22.698695652173914,40.0,40.2,2.1739130434782608,22.602857142857143,41.26571428571429,41.96619047619047,18.0,0.8229838658936565,-0.5680647467311557,0.0,79.0
2022,15,2022-04-24,4,2022.0,19.0,403.0,15.22217391304348,55.81,16.118694385577644,1.8695652173913044,48.5,1.0,23.111428571428572,24.33,43.74142857142857,13.25,240.0,290.0,288.0,230.0,194.0,250.5,46.82947789587236,187.125,-50.0,-48.0,284.0,0.7370753323485968,5.574347826086957,7.34304347826087,5.680434782608696,1.9382608695652173,28.139565217391308,36.75565217391305,26.5,40.0,3.4347826086956523,23.277142857142856,35.61142857142857,40.20619047619048,19.0,0.7485107481711013,-0.6631226582407951,0.0,28.0
2022,16,2022-05-01,4,2022.0,20.0,415.0,12.39913043478261,39.9,10.934294637034714,1.6521739130434785,28.0,1.0,24.47571428571429,25.17,36.17428571428571,12.93,345.0,240.0,290.0,288.0,230.0,262.0,31.453669632227836,207.625,105.0,55.0,238.0,0.7612282309807517,15.22217391304348,5.574347826086957,7.34304347826087,5.680434782608696,33.19565217391305,48.157391304347826,48.5,26.5,4.391304347826087,23.111428571428572,43.74142857142857,38.509047619047614,20.0,0.6631226582407952,-0.7485107481711012,0.0,25.0
2022,17,2022-05-08,4,2022.0,21.0,413.0,63.16,102.7,22.45560104254211,4.478260869565218,57.0,1.0,21.072857142857146,21.88,75.05142857142857,53.44,376.0,345.0,240.0,290.0,288.0,290.75,42.92143986401199,235.75,31.0,136.0,230.0,0.8499324019828751,12.39913043478261,15.22217391304348,5.574347826086957,7.34304347826087,90.78130434782608,109.37913043478261,28.0,48.5,8.0,24.47571428571429,36.17428571428571,51.65571428571428,21.0,0.5680647467311558,-0.8229838658936564,0.0,33.0
2022,18,2022-05-15,4,2022.0,22.0,372.0,33.7395652173913,129.11,26.398250196532633,3.260869565217391,68.5,1.0,23.135714285714283,24.66,68.17,25.28,402.0,376.0,345.0,240.0,290.0,312.75,60.14080700046071,268.5,26.0,57.0,79.0,0.9521276595744681,63.16,12.39913043478261,15.22217391304348,5.574347826086957,109.2986956521739,137.43826086956523,57.0,28.0,9.391304347826088,21.072857142857146,75.05142857142857,59.79857142857143,22.0,0.46472317204376906,-0.8854560256532096,1.0,34.0
2022,19,2022-05-22,4,2022.0,23.0,400.0,54.35521739130435,100.52,21.784230090421172,4.869565217391305,70.8,1.0,24.264285714285712,24.58,53.55714285714286,31.049999999999997,403.0,402.0,376.0,345.0,240.0,340.75,71.09324862460569,295.625,1.0,27.0,28.0,1.1261904761904762,33.7395652173913,63.16,12.39913043478261,15.22217391304348,151.25478260869565,184.45043478260868,68.5,57.0,12.608695652173914,23.135714285714283,68.17,65.59285714285714,23.0,0.35460488704253584,-0.9350162426854147,1.0,74.0
2022,20,2022-05-29,4,2022.0,24.0,366.0,59.07130434782608,123.82,29.65743970809898,4.3478260869565215,52.3,1.0,22.352857142857143,22.8,60.472857142857144,42.05,415.0,403.0,402.0,376.0,345.0,381.5,27.355681920459087,321.75,12.0,13.0,25.0,1.3966359196961475,54.35521739130435,33.7395652173913,63.16,12.39913043478261,147.16608695652172,237.9473913043478,70.8,68.5,12.478260869565217,24.264285714285712,53.55714285714286,60.73333333333333,24.0,0.23931566428755768,-0.970941817426052,1.0,53.0
2022,21,2022-06-05,4,2022.0,25.0,436.0,28.75,69.7,21.18820383652616,2.782608695652174,48.4,1.0,24.75142857142857,25.3,56.53428571428571,22.16,413.0,415.0,403.0,402.0,376.0,399.0,16.43167672515494,344.875,-2.0,10.0,33.0,1.7506345177664975,59.07130434782608,54.35521739130435,33.7395652173913,63.16,142.17652173913044,251.47521739130434,52.3,70.8,12.0,22.352857142857143,60.472857142857144,56.85476190476191,25.0,0.12053668025532308,-0.992708874098054,1.0,79.0
2022,22,2022-06-12,4,2022.0,26.0,387.0,55.03217391304348,103.22,20.750742583979036,4.043478260869565,78.5,1.0,24.494285714285716,24.75,62.29714285714285,50.8,372.0,413.0,415.0,403.0,402.0,408.25,6.7019897542942495,360.5,-41.0,-43.0,34.0,2.278041074249605,28.75,59.07130434782608,54.35521739130435,33.7395652173913,142.85347826086957,294.1082608695652,48.4,52.3,11.173913043478262,24.75142857142857,56.53428571428571,59.768095238095235,26.0,-3.216245299353273e-16,-1.0,1.0,88.0
2022,23,2022-06-19,4,2022.0,27.0,387.0,115.47130434782608,185.0,42.97435792574957,6.043478260869565,97.2,1.0,23.942857142857143,24.98,75.74000000000001,90.58,400.0,372.0,413.0,415.0,403.0,400.75,19.872510326243763,370.75,28.0,-13.0,74.0,3.1188222923238698,55.03217391304348,28.75,59.07130434782608,54.35521739130435,199.25347826086954,346.4195652173913,78.5,48.4,12.869565217391305,24.494285714285716,62.29714285714285,64.85714285714285,27.0,-0.12053668025532283,-0.992708874098054,1.0,86.0
2022,24,2022-06-26,4,2022.0,28.0,411.0,82.91869565217392,230.4,61.26164552032297,4.304347826086956,123.5,1.0,22.87857142857143,23.28,81.20571428571428,52.61,366.0,400.0,372.0,413.0,415.0,400.0,19.815818596935756,390.75,-34.0,-6.0,53.0,4.218623481781377,115.47130434782608,55.03217391304348,28.75,59.07130434782608,253.42217391304348,395.5986956521739,97.2,78.5,14.391304347826086,23.942857142857143,75.74000000000001,73.08095238095238,28.0,-0.23931566428755743,-0.9709418174260521,1.0,88.0
2022,25,2022-07-03,4,2022.0,29.0,376.0,80.35521739130435,141.8,28.64008234967294,4.913043478260869,52.0,1.0,22.341428571428573,23.02,89.05285714285715,63.29,436.0,366.0,400.0,372.0,413.0,387.75,22.42580359020976,393.375,70.0,36.0,79.0,5.660071942446043,82.91869565217392,115.47130434782608,55.03217391304348,28.75,278.7452173913043,421.5986956521739,123.5,97.2,15.26086956521739,22.87857142857143,81.20571428571428,81.99952380952381,29.0,-0.3546048870425356,-0.9350162426854148,1.0,96.0
2022,26,2022-07-10,4,2022.0,30.0,376.0,87.05260869565218,178.4,44.460126898092255,5.217391304347826,78.1,1.0,23.59142857142857,24.11,86.94714285714285,45.05,387.0,436.0,366.0,400.0,372.0,393.5,31.973947728319875,400.875,-49.0,21.0,88.0,7.9185185185185185,80.35521739130435,82.91869565217392,115.47130434782608,55.03217391304348,250.32652173913047,449.58000000000004,52.0,123.5,14.434782608695652,22.341428571428573,89.05285714285715,85.7352380952381,30.0,-0.46472317204376806,-0.8854560256532101,1.0,70.0
2022,27,2022-07-17,4,2022.0,31.0,296.0,55.364782608695656,150.8,44.45096214006921,4.3478260869565215,58.0,1.0,23.889999999999997,24.45,83.67142857142856,9.02,387.0,387.0,436.0,366.0,400.0,397.25,29.386788414750797,399.0,0.0,-49.0,86.0,7.7101449275362315,87.05260869565218,80.35521739130435,82.91869565217392,115.47130434782608,222.7726086956522,476.1947826086957,78.1,52.0,14.478260869565215,23.59142857142857,86.94714285714285,86.55714285714286,31.0,-0.5680647467311556,-0.8229838658936565,1.0,81.0
2022,28,2022-07-24,4,2022.0,32.0,325.0,149.53826086956522,247.1,52.12347060343388,6.0,103.0,1.0,23.014285714285712,23.53,86.9042857142857,83.85,411.0,387.0,387.0,436.0,366.0,394.0,29.698484809834962,397.0,24.0,24.0,88.0,6.728813559322034,55.364782608695656,87.05260869565218,80.35521739130435,82.91869565217392,291.9556521739131,570.7008695652174,58.0,78.1,15.565217391304348,23.889999999999997,83.67142857142856,85.84095238095237,32.0,-0.663122658240795,-0.7485107481711013,1.0,62.0
2022,29,2022-07-31,4,2022.0,33.0,306.0,111.68434782608696,239.4,57.67443547629991,6.260869565217392,88.0,1.0,22.18,22.62,86.59285714285714,97.95,376.0,411.0,387.0,387.0,436.0,405.25,23.414738947936154,396.5,-35.0,-11.0,96.0,5.9289719626168225,149.53826086956522,55.364782608695656,87.05260869565218,80.35521739130435,316.5873913043479,566.9139130434783,103.0,58.0,16.608695652173914,23.014285714285712,86.9042857142857,85.72285714285714,33.0,-0.7485107481711011,-0.6631226582407952,1.0,76.0
2022,30,2022-08-07,4,2022.0,34.0,267.0,104.66782608695652,281.7,50.76172188466081,6.086956521739131,86.8,1.0,22.58285714285714,23.33,90.33571428571427,63.51,376.0,376.0,411.0,387.0,387.0,390.25,14.773286702694099,391.875,0.0,-35.0,70.0,5.24247491638796,111.68434782608696,149.53826086956522,55.364782608695656,87.05260869565218,365.89043478260874,588.6630434782609,88.0,103.0,18.347826086956523,22.18,86.59285714285714,87.9442857142857,34.0,-0.8229838658936564,-0.5680647467311559,1.0,55.0
2022,31,2022-08-14,4,2022.0,35.0,256.0,114.5995652173913,223.8,63.37643873054093,4.173913043478261,136.0,1.0,23.267142857142854,23.72,87.39285714285714,40.77,296.0,376.0,376.0,411.0,387.0,387.5,16.502525059315364,392.375,-80.0,-80.0,81.0,4.951104100946372,104.66782608695652,111.68434782608696,149.53826086956522,55.364782608695656,330.9517391304348,622.9073913043478,86.8,88.0,16.521739130434785,22.58285714285714,90.33571428571427,88.10714285714285,35.0,-0.8854560256532096,-0.4647231720437691,1.0,82.0
2022,32,2022-08-21,4,2022.0,36.0,257.0,79.20869565217392,264.3,48.76716996508165,3.391304347826087,73.0,1.0,22.882857142857144,23.51,87.30714285714285,36.42,325.0,296.0,376.0,376.0,411.0,364.75,48.712592485584935,379.375,29.0,-51.0,62.0,4.734789391575663,114.5995652173913,104.66782608695652,111.68434782608696,149.53826086956522,298.4760869565217,615.0634782608696,136.0,86.8,13.652173913043478,23.267142857142854,87.39285714285714,88.34523809523807,36.0,-0.9350162426854147,-0.3546048870425359,1.0,80.0
2022,33,2022-08-28,4,2022.0,37.0,251.0,65.23826086956522,257.6,63.65176892865614,3.217391304347826,162.5,1.0,22.674285714285713,23.28,87.84714285714287,65.21000000000001,306.0,325.0,296.0,376.0,376.0,343.25,39.626380102149106,374.25,-19.0,10.0,76.0,4.6061538461538465,79.20869565217392,114.5995652173913,104.66782608695652,111.68434782608696,259.0465217391304,624.9369565217391,73.0,136.0,10.782608695652174,22.882857142857144,87.30714285714285,87.51571428571428,37.0,-0.970941817426052,-0.23931566428755774,1.0,74.0
2022,34,2022-09-04,4,2022.0,38.0,222.0,40.969130434782606,98.6,27.589978073905332,4.3478260869565215,60.0,1.0,22.095714285714283,22.36,92.22571428571428,47.65,267.0,306.0,325.0,296.0,376.0,325.75,35.59377286361569,358.0,-39.0,-58.0,55.0,4.4265842349304485,65.23826086956522,79.20869565217392,114.5995652173913,104.66782608695652,185.41608695652175,516.3678260869565,162.5,73.0,10.956521739130434,22.674285714285713,87.84714285714287,89.12666666666667,38.0,-0.992708874098054,-0.12053668025532357,1.0,77.0
2022,35,2022-09-11,4,2022.0,39.0,115.0,79.20478260869565,170.8,32.603862413351806,5.086956521739131,64.5,1.0,21.858571428571427,22.25,89.92428571428572,57.18,256.0,267.0,306.0,325.0,296.0,298.5,24.2005509579155,343.0,-11.0,-50.0,82.0,4.469055374592834,40.969130434782606,65.23826086956522,79.20869565217392,114.5995652173913,185.4121739130435,483.8882608695652,60.0,162.5,12.652173913043478,22.095714285714283,92.22571428571428,89.99904761904763,39.0,-1.0,-1.8369701987210297e-16,1.0,92.0
2022,36,2022-09-18,4,2022.0,40.0,164.0,71.62391304347825,133.21,24.10805744957679,5.782608695652174,44.6,1.0,21.318571428571428,22.03,89.26571428571428,35.03,257.0,256.0,267.0,306.0,325.0,288.5,32.439687626938266,326.625,1.0,-10.0,80.0,4.283606557377049,79.20478260869565,40.969130434782606,65.23826086956522,79.20869565217392,191.7978260869565,450.8443478260869,64.5,60.0,15.217391304347826,21.858571428571427,89.92428571428572,90.47190476190475,40.0,-0.992708874098054,0.1205366802553232,0.0,132.0
2022,37,2022-09-25,4,2022.0,41.0,204.0,38.28913043478261,103.6,26.593998966452336,3.5652173913043477,41.2,1.0,22.115714285714287,22.6,88.96428571428571,29.52,251.0,257.0,256.0,267.0,306.0,271.5,23.53012253828408,307.375,-6.0,-5.0,74.0,4.084717607973422,71.62391304347825,79.20478260869565,40.969130434782606,65.23826086956522,189.11782608695648,374.53391304347826,44.6,64.5,14.434782608695652,21.318571428571428,89.26571428571428,89.3847619047619,41.0,-0.9709418174260521,0.23931566428755738,0.0,78.0
2022,38,2022-10-02,4,2022.0,42.0,117.0,22.98608695652174,116.5,29.883822583028312,1.8695652173913044,41.3,1.0,21.354285714285712,22.4,86.36714285714287,12.03,222.0,251.0,257.0,256.0,267.0,257.75,6.701989754294197,291.75,-29.0,-35.0,77.0,4.024137931034483,38.28913043478261,71.62391304347825,79.20478260869565,40.969130434782606,132.8991304347826,318.3113043478261,41.2,44.6,11.217391304347826,22.115714285714287,88.96428571428571,88.19904761904763,42.0,-0.9350162426854148,0.35460488704253557,0.0,78.0
2022,39,2022-10-09,4,2022.0,43.0,136.0,118.94173913043478,214.5,33.297768510022344,5.086956521739131,78.6,1.0,20.678571428571427,22.72,88.27,80.31,115.0,222.0,251.0,257.0,256.0,246.5,16.542873591570007,272.5,-107.0,-136.0,92.0,3.7137989778534926,22.98608695652174,38.28913043478261,71.62391304347825,79.20478260869565,180.21695652173912,372.01478260869567,41.3,41.2,10.521739130434783,21.354285714285712,86.36714285714287,87.86714285714287,43.0,-0.8854560256532101,0.464723172043768,0.0,89.0
2022,40,2022-10-16,4,2022.0,44.0,150.0,7.435217391304348,43.5,9.40449886034494,1.434782608695652,17.5,1.0,19.232857142857146,20.23,80.31857142857143,7.89,164.0,115.0,222.0,251.0,257.0,211.25,65.96147865736991,249.875,49.0,-58.0,132.0,3.342809364548495,118.94173913043478,22.98608695652174,38.28913043478261,71.62391304347825,149.36304347826086,338.4808695652174,78.6,41.3,8.391304347826088,20.678571428571427,88.27,84.9852380952381,44.0,-0.822983865893657,0.5680647467311548,0.0,51.0
2022,41,2022-10-23,4,2022.0,45.0,144.0,0.8869565217391304,20.4,4.253694046764324,0.0434782608695652,20.4,1.0,17.755714285714287,18.31,68.83,0.0,204.0,164.0,115.0,222.0,251.0,188.0,60.63552314169199,229.75,40.0,89.0,78.0,2.751497005988024,7.435217391304348,118.94173913043478,22.98608695652174,38.28913043478261,127.26391304347825,260.1630434782609,17.5,78.6,6.565217391304349,19.232857142857146,80.31857142857143,79.13952380952381,45.0,-0.7485107481711011,0.6631226582407953,0.0,55.0
2022,42,2022-10-30,4,2022.0,46.0,137.0,0.0004347826086956,0.01,0.0020851441405707,0.0,0.01,1.0,17.1,18.59,80.0442857142857,0.01,117.0,204.0,164.0,115.0,222.0,176.25,47.48596283815529,217.0,-87.0,-47.0,78.0,2.591044776119403,0.8869565217391304,7.435217391304348,118.94173913043478,22.98608695652174,8.322608695652187,188.53956521739133,20.4,17.5,1.4782608695652173,17.755714285714287,68.83,76.39761904761905,46.0,-0.6631226582407956,0.7485107481711007,0.0,69.0
2022,43,2022-11-06,4,2022.0,47.0,124.0,0.0,0.0,0.0,0.0,0.0,1.0,17.12,17.88,80.71000000000001,0.0,136.0,117.0,204.0,164.0,115.0,150.0,42.528421868988566,198.25,19.0,-68.0,89.0,2.2886002886002887,0.0004347826086956,0.8869565217391304,7.435217391304348,118.94173913043478,0.8873913043478402,150.2504347826087,0.01,20.4,0.0434782608695652,17.1,80.0442857142857,76.52809523809523,47.0,-0.5680647467311559,0.8229838658936564,0.0,64.0
2022,44,2022-11-13,4,2022.0,48.0,140.0,0.5347826086956522,12.3,2.564727292902019,0.0434782608695652,12.3,1.0,15.498571428571427,16.39,79.20714285714287,0.0,150.0,136.0,117.0,204.0,164.0,155.25,37.80101409574438,183.25,14.0,33.0,51.0,2.0942857142857143,0.0,0.0004347826086956,0.8869565217391304,7.435217391304348,0.535217391304362,127.79913043478263,0.0,0.01,0.0434782608695652,17.12,80.71000000000001,79.98714285714287,48.0,-0.4647231720437684,0.88545602565321,0.0,76.0
2022,45,2022-11-20,4,2022.0,49.0,255.0,0.0,0.0,0.0,0.0,0.0,1.0,14.75,15.7,73.78857142857143,0.07,144.0,150.0,136.0,117.0,204.0,151.75,37.36642878306674,169.875,-6.0,8.0,55.0,2.0253353204172875,0.5347826086956522,0.0,0.0004347826086956,0.8869565217391304,0.5347826086956664,8.857391304347827,12.3,0.0,0.0434782608695652,15.498571428571427,79.20714285714287,77.90190476190476,49.0,-0.35460488704253595,0.9350162426854147,0.0,86.0
2022,46,2022-11-27,4,2022.0,50.0,182.0,0.0,0.0,0.0,0.0,0.0,1.0,15.03,16.49,70.99285714285715,0.0,137.0,144.0,150.0,136.0,117.0,136.75,14.361406616345013,156.5,-7.0,-13.0,69.0,1.9202453987730062,0.0,0.5347826086956522,0.0,0.0004347826086956,0.5347826086956664,1.422173913043478,0.0,12.3,0.0434782608695652,14.75,73.78857142857143,74.66285714285715,50.0,-0.2393156642875578,0.970941817426052,0.0,85.0
2022,47,2022-12-04,4,2022.0,51.0,186.0,0.0,0.0,0.0,0.0,0.0,1.0,14.34,15.08,68.16142857142857,0.0,124.0,137.0,144.0,150.0,136.0,141.75,6.5510813356777176,145.875,-13.0,-20.0,64.0,1.812111801242236,0.0,0.0,0.5347826086956522,0.0,0.0,0.5352173913043478,0.0,0.0,0.0,15.03,70.99285714285715,70.98095238095239,51.0,-0.12053668025532363,0.992708874098054,0.0,82.0
2022,48,2022-12-11,4,2022.0,52.0,198.0,0.0,0.0,0.0,0.0,0.0,1.0,13.541428571428572,14.1,67.00571428571429,0.0,140.0,124.0,137.0,144.0,150.0,138.75,11.176612486199247,147.0,16.0,3.0,76.0,1.9090909090909092,0.0,0.0,0.0,0.5347826086956522,0.0,0.5347826086956522,0.0,0.0,0.0,14.34,68.16142857142857,68.72,52.0,6.432490598706546e-16,1.0,0.0,138.0
2022,49,2022-12-18,4,2023.0,1.0,192.0,0.0,0.0,0.0,0.0,0.0,1.0,13.007142857142856,13.89,68.47,0.0,255.0,140.0,124.0,137.0,144.0,136.25,8.65544144839909,144.0,115.0,131.0,86.0,2.057142857142857,0.0,0.0,0.0,0.0,0.0,0.5347826086956522,0.0,0.0,0.0,13.541428571428572,67.00571428571429,67.87904761904763,1.0,0.12053668025532305,0.992708874098054,0.0,114.0
2022,50,2022-12-25,4,2023.0,2.0,161.0,0.0,0.0,0.0,0.0,0.0,1.0,12.584285714285716,13.3,66.25285714285714,0.01,182.0,255.0,140.0,124.0,137.0,164.0,61.06280919403124,150.375,-73.0,42.0,85.0,2.117957746478873,0.0,0.0,0.0,0.0,0.0,0.0,0.0,0.0,0.0,13.007142857142856,68.47,67.24285714285713,2.0,0.23931566428755774,0.970941817426052,0.0,76.0
2022,51,2023-01-01,4,2023.0,3.0,184.0,0.0,0.0,0.0,0.0,0.0,1.0,9.971428571428572,12.13,66.7957142857143,0.0,186.0,182.0,255.0,140.0,124.0,175.25,58.52278758455262,158.5,4.0,-69.0,82.0,2.205217391304348,0.0,0.0,0.0,0.0,0.0,0.0,0.0,0.0,0.0,12.584285714285716,66.25285714285714,67.17285714285714,3.0,0.3546048870425356,0.9350162426854148,0.0,76.0
2022,52,2023-01-08,4,2023.0,4.0,202.0,0.0,0.0,0.0,0.0,0.0,1.0,10.80714285714286,12.66,46.527142857142856,0.0,198.0,186.0,182.0,255.0,140.0,190.75,47.61914880941628,164.75,12.0,16.0,138.0,2.3204225352112675,0.0,0.0,0.0,0.0,0.0,0.0,0.0,0.0,0.0,9.971428571428572,66.7957142857143,59.85857142857143,4.0,0.4647231720437685,0.8854560256532099,0.0,60.0
2023,1,2023-01-15,4,2023.0,5.0,258.0,0.0,0.0,0.0,0.0,0.0,1.0,11.577142857142857,12.6,53.79714285714285,0.0,192.0,198.0,186.0,182.0,255.0,205.25,33.856314034460375,170.75,-6.0,6.0,114.0,2.0854961832061067,0.0,0.0,0.0,0.0,0.0,0.0,0.0,0.0,0.0,10.80714285714286,46.527142857142856,55.70666666666667,5.0,0.5680647467311558,0.8229838658936564,0.0,60.0
2023,2,2023-01-22,4,2023.0,6.0,235.0,0.0,0.0,0.0,0.0,0.0,1.0,10.778571428571428,13.05,56.25714285714286,0.0,161.0,192.0,198.0,186.0,182.0,189.5,6.999999999999892,176.75,-31.0,-37.0,76.0,1.9803921568627452,0.0,0.0,0.0,0.0,0.0,0.0,0.0,0.0,0.0,11.577142857142857,53.79714285714285,52.19380952380953,6.0,0.6631226582407952,0.7485107481711011,0.0,45.0
2023,3,2023-01-29,4,2023.0,7.0,236.0,0.0,0.0,0.0,0.0,0.0,1.0,14.54,15.32,48.50857142857143,0.0,184.0,161.0,192.0,198.0,186.0,184.25,16.25576820700881,179.75,23.0,-8.0,76.0,1.9944521497919556,0.0,0.0,0.0,0.0,0.0,0.0,0.0,0.0,0.0,10.778571428571428,56.25714285714286,52.854285714285716,7.0,0.7485107481711011,0.6631226582407953,0.0,76.0
2023,4,2023-02-05,4,2023.0,8.0,289.0,0.0,0.0,0.0,0.0,0.0,1.0,13.947142857142856,15.81,47.04714285714285,0.0,202.0,184.0,161.0,192.0,198.0,183.75,16.21470525993813,187.25,18.0,41.0,60.0,2.043656207366985,0.0,0.0,0.0,0.0,0.0,0.0,0.0,0.0,0.0,14.54,48.50857142857143,50.60428571428571,8.0,0.8229838658936564,0.5680647467311558,0.0,120.0
2023,5,2023-02-12,4,2023.0,9.0,320.0,0.0,0.0,0.0,0.0,0.0,1.0,13.387142857142855,14.92,53.34571428571429,0.0,258.0,202.0,184.0,161.0,192.0,184.75,17.461863207191413,195.0,56.0,74.0,60.0,2.1757322175732217,0.0,0.0,0.0,0.0,0.0,0.0,0.0,0.0,0.0,13.947142857142856,47.04714285714285,49.633809523809525,9.0,0.8854560256532098,0.4647231720437686,0.0,114.0
2023,6,2023-02-19,4,2023.0,10.0,307.0,0.0,0.0,0.0,0.0,0.0,1.0,14.194285714285714,16.11,41.94142857142857,0.0,235.0,258.0,202.0,184.0,161.0,201.25,41.38739743770638,195.375,-23.0,33.0,45.0,2.2619392185238785,0.0,0.0,0.0,0.0,0.0,0.0,0.0,0.0,0.0,13.387142857142855,53.34571428571429,47.4447619047619,10.0,0.9350162426854148,0.35460488704253557,0.0,185.0
2023,7,2023-02-26,4,2023.0,11.0,369.0,0.0095652173913043,0.2,0.0416127450832035,0.0,0.2,1.0,16.164285714285715,17.08,43.17857142857143,1.68,236.0,235.0,258.0,202.0,184.0,219.75,33.10966626228658,202.0,1.0,-22.0,76.0,2.482334869431644,0.0,0.0,0.0,0.0,0.009565217391318511,0.0095652173913043,0.0,0.0,0.0,14.194285714285714,41.94142857142857,46.1552380952381,11.0,0.970941817426052,0.23931566428755804,0.0,194.0
2023,8,2023-03-05,4,2023.0,12.0,357.0,9.520434782608696,30.0,8.068197657391345,1.2173913043478262,30.0,1.0,16.94,18.3,42.48714285714285,1.44,289.0,236.0,235.0,258.0,202.0,232.75,23.084987907007122,208.25,53.0,54.0,120.0,2.5829457364341084,0.0095652173913043,0.0,0.0,0.0,9.530000000000014,9.53,0.2,0.0,1.2173913043478262,16.164285714285715,43.17857142857143,42.535714285714285,12.0,0.992708874098054,0.120536680255323,0.0,230.0
2023,9,2023-03-12,4,2023.0,13.0,421.0,3.290434782608696,17.52,5.614662200039585,0.391304347826087,17.5,1.0,17.71,19.04,40.82571428571429,0.7300000000000001,320.0,289.0,236.0,235.0,258.0,254.5,25.331140255951073,219.625,31.0,84.0,114.0,2.802232854864434,9.520434782608696,0.0095652173913043,0.0,0.0,12.820434782608709,12.820434782608695,30.0,0.2,1.608695652173913,16.94,42.48714285714285,42.163809523809526,13.0,1.0,-1.6081226496766366e-16,0.0,288.0
2023,10,2023-03-19,4,2023.0,14.0,406.0,9.860434782608696,25.0,7.202408358737229,1.565217391304348,18.6,1.0,17.305714285714284,18.74,54.76857142857143,12.92,307.0,320.0,289.0,236.0,235.0,270.0,41.80111641252338,235.625,-13.0,18.0,185.0,3.006379585326954,3.290434782608696,9.520434782608696,0.0095652173913043,0.0,22.6713043478261,22.680869565217392,17.5,30.0,3.1739130434782608,17.71,40.82571428571429,46.027142857142856,14.0,0.992708874098054,-0.12053668025532288,0.0,290.0
2023,11,2023-03-26,4,2023.0,15.0,435.0,31.211739130434783,55.599999999999994,12.781862025461889,2.347826086956522,48.8,1.0,16.357142857142858,19.46,62.722857142857144,21.61,369.0,307.0,320.0,289.0,236.0,288.0,36.92334401612794,253.875,62.0,49.0,194.0,2.7595108695652173,9.860434782608696,3.290434782608696,9.520434782608696,0.0095652173913043,44.362608695652185,53.89260869565217,18.6,17.5,4.304347826086957,17.305714285714284,54.76857142857143,52.772380952380956,15.0,0.9709418174260521,-0.2393156642875575,0.0,240.0
2023,12,2023-04-02,4,2023.0,16.0,500.0,16.75391304347826,38.52,9.626487483231989,2.130434782608696,24.5,1.0,17.888571428571428,19.17,44.151428571428575,12.73,357.0,369.0,307.0,320.0,289.0,321.25,34.27705743885646,277.0,-12.0,50.0,230.0,2.5948477751756442,31.211739130434783,9.860434782608696,3.290434782608696,9.520434782608696,57.82608695652175,70.64652173913043,48.8,18.6,6.043478260869566,16.357142857142858,62.722857142857144,53.88095238095238,16.0,0.9350162426854148,-0.35460488704253545,0.0,345.0
2023,13,2023-04-09,4,2023.0,17.0,543.0,12.31086956521739,28.7,6.322326896903097,1.6521739130434785,21.0,1.0,20.342857142857145,21.41,38.73571428571428,3.21,421.0,357.0,369.0,307.0,320.0,338.25,29.47739246722249,296.375,64.0,52.0,288.0,2.3154296875,16.75391304347826,31.211739130434783,9.860434782608696,3.290434782608696,60.276521739130445,82.94782608695652,24.5,48.8,6.130434782608697,17.888571428571428,44.151428571428575,48.53666666666667,17.0,0.8854560256532099,-0.4647231720437685,0.0,376.0
2023,14,2023-04-16,4,2023.0,18.0,408.0,0.5826086956521739,13.4,2.794093148364802,0.0434782608695652,13.4,1.0,23.231428571428573,25.06,29.9,0.0,406.0,421.0,357.0,369.0,307.0,363.5,46.8009971403744,316.75,-15.0,49.0,290.0,2.023961661341853,12.31086956521739,16.75391304347826,31.211739130434783,9.860434782608696,29.64739130434784,74.00999999999999,21.0,24.5,3.8260869565217397,20.342857142857145,38.73571428571428,37.59571428571429,18.0,0.8229838658936565,-0.5680647467311557,0.0,402.0
2023,15,2023-04-23,4,2023.0,19.0,500.0,3.0656521739130436,56.02,11.593694926783954,0.4347826086956521,37.6,1.0,23.99857142857143,25.74,35.31428571428571,7.75,435.0,406.0,421.0,357.0,369.0,388.25,30.19243834693271,338.125,29.0,14.0,240.0,1.8069472277889111,0.5826086956521739,12.31086956521739,16.75391304347826,31.211739130434783,15.959130434782622,73.78521739130434,13.4,21.0,2.130434782608696,23.231428571428573,29.9,34.65,19.0,0.7485107481711013,-0.6631226582407951,0.0,403.0
2023,16,2023-04-30,4,2023.0,20.0,579.0,19.61130434782609,55.1,14.482290534664564,2.6956521739130435,43.0,1.0,20.43285714285714,21.56,49.93285714285714,20.62,500.0,435.0,406.0,421.0,357.0,404.75,33.96444219081675,363.0,65.0,94.0,345.0,1.7483443708609272,3.0656521739130436,0.5826086956521739,12.31086956521739,16.75391304347826,23.25956521739132,83.53608695652173,37.6,13.4,3.1739130434782608,23.99857142857143,35.31428571428571,38.38238095238095,20.0,0.6631226582407952,-0.7485107481711012,0.0,415.0
2023,17,2023-05-07,4,2023.0,21.0,472.0,30.627826086956524,71.6,12.776464141865675,4.565217391304348,44.0,1.0,20.284285714285716,23.33,56.75285714285714,12.32,543.0,500.0,435.0,406.0,421.0,440.5,41.396457175302636,389.375,43.0,108.0,376.0,1.651643690349947,19.61130434782609,3.0656521739130436,0.5826086956521739,12.31086956521739,53.304782608695675,82.95217391304348,43.0,37.6,7.695652173913043,20.43285714285714,49.93285714285714,47.333333333333336,21.0,0.5680647467311558,-0.8229838658936564,0.0,413.0
2023,18,2023-05-14,4,2023.0,22.0,534.0,1.2017391304347826,9.31,2.7867407684734395,0.3043478260869565,8.3,1.0,23.75428571428571,24.68,34.46714285714286,3.28,408.0,543.0,500.0,435.0,406.0,471.0,62.03762299336319,417.25,-135.0,-92.0,402.0,1.554003724394786,30.627826086956524,19.61130434782609,3.0656521739130436,0.5826086956521739,51.44086956521741,67.4,44.0,43.0,7.565217391304347,20.284285714285716,56.75285714285714,47.050952380952374,22.0,0.46472317204376906,-0.8854560256532096,1.0,372.0
2023,19,2023-05-21,4,2023.0,23.0,592.0,59.62565217391304,127.11,29.520696873101045,5.3478260869565215,68.5,1.0,22.971428571428568,23.81,52.221428571428575,32.75,500.0,408.0,543.0,500.0,435.0,471.5,61.34329629225999,429.875,92.0,-43.0,403.0,1.454122621564482,1.2017391304347826,30.627826086956524,19.61130434782609,3.0656521739130436,91.45521739130436,114.71478260869566,8.3,44.0,10.217391304347824,23.75428571428571,34.46714285714286,47.81380952380952,23.0,0.35460488704253584,-0.9350162426854147,1.0,400.0
2023,20,2023-05-28,4,2023.0,24.0,511.0,30.774347826086956,57.1,11.899905204392084,3.347826086956522,35.5,1.0,22.805714285714288,24.5,58.114285714285714,29.02,579.0,500.0,408.0,543.0,500.0,487.75,56.8997656702849,446.25,79.0,171.0,415.0,1.386946386946387,59.62565217391304,1.2017391304347826,30.627826086956524,19.61130434782609,91.6017391304348,144.90652173913043,68.5,8.3,9.0,22.971428571428568,52.221428571428575,48.26761904761904,24.0,0.23931566428755768,-0.970941817426052,1.0,366.0
2023,21,2023-06-04,4,2023.0,25.0,446.0,1.7521739130434784,19.5,4.369436157219351,0.217391304347826,19.5,1.0,25.868571428571425,27.05,41.705714285714286,0.14,472.0,579.0,500.0,408.0,543.0,507.5,73.77669008569033,474.0,-107.0,-28.0,413.0,1.3744110184849583,30.774347826086956,59.62565217391304,1.2017391304347826,30.627826086956524,92.15217391304348,143.59304347826088,35.5,68.5,8.91304347826087,22.805714285714288,58.114285714285714,50.68047619047619,25.0,0.12053668025532308,-0.992708874098054,1.0,436.0
2023,22,2023-06-11,4,2023.0,26.0,461.0,2.7008695652173915,25.610000000000003,5.866693286560759,0.5217391304347826,21.6,1.0,27.22571428571429,28.35,41.65428571428571,5.26,534.0,472.0,579.0,500.0,408.0,489.75,70.87253817006038,480.375,62.0,-45.0,372.0,1.3325242718446602,1.7521739130434784,30.774347826086956,59.62565217391304,1.2017391304347826,35.22739130434784,126.68260869565218,19.5,35.5,4.086956521739131,25.868571428571425,41.705714285714286,47.158095238095235,26.0,-3.216245299353273e-16,-1.0,1.0,387.0
2023,23,2023-06-18,4,2023.0,27.0,414.0,123.95217391304348,231.3,47.58061350406198,5.086956521739131,108.5,1.0,26.237142857142857,27.76,61.392857142857146,86.36,592.0,534.0,472.0,579.0,500.0,521.25,46.096818400695135,496.375,58.0,120.0,400.0,1.3388401888064734,2.7008695652173915,1.7521739130434784,30.774347826086956,59.62565217391304,128.40521739130438,220.00695652173914,21.6,19.5,5.82608695652174,27.22571428571429,41.65428571428571,48.250952380952384,27.0,-0.12053668025532283,-0.992708874098054,1.0,387.0
2023,24,2023-06-25,4,2023.0,28.0,457.0,68.41782608695652,96.3,14.124077751556587,5.260869565217392,63.0,1.0,25.552857142857142,26.33,66.32857142857142,10.59,511.0,592.0,534.0,472.0,579.0,544.25,54.19947724225144,516.0,-81.0,-23.0,366.0,1.3205374280230326,123.95217391304348,2.7008695652173915,1.7521739130434784,30.774347826086956,195.0708695652174,287.2230434782609,108.5,21.6,10.869565217391305,26.237142857142857,61.392857142857146,56.458571428571425,28.0,-0.23931566428755743,-0.9709418174260521,1.0,411.0
2023,25,2023-07-02,4,2023.0,29.0,430.0,61.97260869565217,122.1,29.795794580839043,5.869565217391305,40.6,1.0,23.84,25.47,79.87571428571428,51.29,446.0,511.0,592.0,534.0,472.0,527.25,50.18216814765976,517.375,-65.0,-146.0,436.0,1.3152208452494438,68.41782608695652,123.95217391304348,2.7008695652173915,1.7521739130434784,254.3426086956522,289.57,63.0,108.5,16.217391304347828,25.552857142857142,66.32857142857142,69.19904761904762,29.0,-0.3546048870425356,-0.9350162426854148,1.0,376.0
2023,26,2023-07-09,4,2023.0,30.0,473.0,76.7395652173913,137.62,35.77335123934129,4.782608695652174,66.7,1.0,23.391428571428573,24.2,86.80714285714285,62.400000000000006,461.0,446.0,511.0,592.0,534.0,520.75,60.37314524411217,505.25,15.0,-50.0,387.0,1.2603679451200498,61.97260869565217,68.41782608695652,123.95217391304348,2.7008695652173915,207.13000000000002,335.53521739130434,40.6,63.0,15.913043478260871,23.84,79.87571428571428,77.67047619047618,30.0,-0.46472317204376806,-0.8854560256532101,1.0,376.0
2023,27,2023-07-16,4,2023.0,31.0,438.0,78.89565217391304,172.7,51.710206468011975,4.869565217391305,61.0,1.0,23.557142857142857,24.22,88.72571428571429,87.84,414.0,461.0,446.0,511.0,592.0,502.5,65.8204628769301,511.875,-47.0,-32.0,387.0,1.2828947368421053,76.7395652173913,61.97260869565217,68.41782608695652,123.95217391304348,217.60782608695655,412.67869565217393,66.7,40.6,15.521739130434785,23.391428571428573,86.80714285714285,85.13619047619048,31.0,-0.5680647467311556,-0.8229838658936565,1.0,296.0
2023,28,2023-07-23,4,2023.0,32.0,360.0,98.18478260869566,188.4,45.31263799924468,6.043478260869565,95.0,1.0,23.83857142857143,24.29,83.43285714285715,63.95,457.0,414.0,461.0,446.0,511.0,458.0,40.4062701404951,501.125,43.0,-4.0,411.0,1.26227959697733,78.89565217391304,76.7395652173913,61.97260869565217,68.41782608695652,253.82,508.1626086956522,61.0,66.7,15.695652173913045,23.557142857142857,88.72571428571429,86.32190476190476,32.0,-0.663122658240795,-0.7485107481711013,1.0,325.0
2023,30,2023-08-06,4,2023.0,34.0,347.0,79.36086956521739,206.0,45.77488790642583,4.217391304347826,95.0,1.0,23.544285714285714,24.67,87.34,49.78,473.0,430.0,457.0,414.0,461.0,440.5,22.39791656977644,480.625,43.0,16.0,376.0,1.226475279106858,96.32304347826086,98.18478260869566,78.89565217391304,76.7395652173913,273.8686956521739,491.4765217391304,110.0,95.0,16.0,22.795714285714286,88.54714285714286,86.44000000000001,34.0,-0.8229838658936564,-0.5680647467311559,1.0,267.0
2023,31,2023-08-13,4,2023.0,35.0,421.0,137.56652173913042,194.0,42.99160093539367,6.130434782608695,110.0,1.0,22.804285714285715,23.17,93.28571428571428,149.04,438.0,473.0,430.0,457.0,414.0,443.5,26.488991424111756,473.0,-35.0,8.0,296.0,1.2054794520547945,79.36086956521739,96.32304347826086,98.18478260869566,78.89565217391304,313.25043478260864,567.0704347826087,95.0,110.0,16.08695652173913,23.544285714285714,87.34,89.72428571428571,35.0,-0.8854560256532096,-0.4647231720437691,1.0,256.0
2023,32,2023-08-20,4,2023.0,36.0,364.0,51.19695652173913,202.0,40.82065780891544,2.8260869565217392,107.6,1.0,23.15,23.68,89.91714285714285,36.07,360.0,438.0,473.0,430.0,457.0,449.5,19.330459556530624,453.75,-78.0,-113.0,325.0,1.1960461285008237,137.56652173913042,79.36086956521739,96.32304347826086,98.18478260869566,268.12434782608693,541.5278260869565,110.0,95.0,13.173913043478262,22.804285714285715,93.28571428571428,90.18095238095238,36.0,-0.9350162426854147,-0.3546048870425359,1.0,257.0
2023,38,2023-10-01,4,2023.0,42.0,170.0,18.96217391304348,75.1,23.17177886931384,1.9130434782608696,37.9,1.0,21.935714285714283,23.13,88.87857142857142,17.72,322.0,295.0,364.0,421.0,347.0,356.75,51.92542729723079,,27.0,-42.0,222.0,,46.04391304347826,81.06391304347827,45.58826086956522,13.471304347826088,146.07,356.20869565217396,44.0,105.0,9.347826086956523,21.75142857142857,88.16571428571429,88.69285714285714,42.0,-0.9350162426854148,0.35460488704253557,0.0,117.0
2023,39,2023-10-08,4,2023.0,43.0,198.0,81.44260869565218,242.6,51.76939050138967,4.304347826086956,96.8,1.0,21.09714285714286,21.47,90.24571428571429,36.23,295.0,322.0,295.0,364.0,421.0,350.5,54.909015653169384,,-27.0,0.0,115.0,,18.96217391304348,46.04391304347826,81.06391304347827,45.58826086956522,146.4486956521739,286.5721739130435,37.9,44.0,9.826086956521738,21.935714285714283,88.87857142857142,89.09666666666668,43.0,-0.8854560256532101,0.464723172043768,0.0,136.0
2023,40,2023-10-15,4,2023.0,44.0,134.0,2.7939130434782613,21.8,4.739548059707453,0.5652173913043478,11.3,1.0,19.877142857142857,20.88,80.97285714285714,3.5,260.0,295.0,322.0,295.0,364.0,319.0,32.58834147360065,,-35.0,-62.0,164.0,,81.44260869565218,18.96217391304348,46.04391304347826,81.06391304347827,103.19869565217392,275.89478260869566,96.8,37.9,6.782608695652174,21.09714285714286,90.24571428571429,86.69904761904763,44.0,-0.822983865893657,0.5680647467311548,0.0,150.0
2023,41,2023-10-22,4,2023.0,45.0,134.0,6.031739130434782,19.6,4.796757097886705,1.0434782608695652,14.5,1.0,17.837142857142858,18.84,75.67999999999999,5.5600000000000005,211.0,260.0,295.0,322.0,295.0,293.0,25.41653005427767,,-49.0,-84.0,204.0,,2.7939130434782613,81.44260869565218,18.96217391304348,46.04391304347826,90.26826086956522,236.33826086956523,11.3,96.8,5.91304347826087,19.877142857142857,80.97285714285714,82.2995238095238,45.0,-0.7485107481711011,0.6631226582407953,0.0,144.0
2023,42,2023-10-29,4,2023.0,46.0,138.0,0.3660869565217391,6.3,1.3587719693981526,0.0869565217391304,6.3,1.0,17.652857142857144,18.23,72.78571428571429,0.0,170.0,211.0,260.0,295.0,322.0,272.0,47.93745925682753,314.375,-41.0,-90.0,117.0,1.4487327188940091,6.031739130434782,2.7939130434782613,81.44260869565218,18.96217391304348,9.191739130434783,155.6404347826087,14.5,11.3,1.6956521739130435,17.837142857142858,75.67999999999999,76.47952380952381,46.0,-0.6631226582407956,0.7485107481711007,0.0,137.0
2023,43,2023-11-05,4,2023.0,47.0,194.0,0.8569565217391305,5.6,1.729680566364807,0.217391304347826,5.6,1.0,17.50857142857143,18.46,74.38428571428572,0.04,198.0,170.0,211.0,260.0,295.0,234.0,54.83915875843952,292.25,28.0,-13.0,136.0,1.4741488020176545,0.3660869565217391,6.031739130434782,2.7939130434782613,81.44260869565218,7.254782608695653,110.45347826086959,6.3,14.5,1.3478260869565217,17.652857142857144,72.78571428571429,74.28333333333335,47.0,-0.5680647467311559,0.8229838658936564,0.0,124.0
2023,45,2023-11-19,4,2023.0,49.0,174.0,0.0,0.0,0.0,0.0,0.0,1.0,16.927142857142858,17.72,74.78999999999999,0.0,134.0,134.0,198.0,170.0,211.0,178.25,34.10156399150435,235.625,0.0,-64.0,144.0,1.3870493009565856,0.018695652173913,0.8569565217391305,0.3660869565217391,6.031739130434782,0.8756521739130436,10.067391304347826,0.4,5.6,0.217391304347826,16.017142857142858,73.17428571428572,74.11619047619048,49.0,-0.35460488704253595,0.9350162426854147,0.0,255.0
2023,46,2023-11-26,4,2023.0,50.0,193.0,0.0004347826086956,0.01,0.0020851441405707,0.0,0.01,1.0,15.802857142857144,16.94,72.96428571428571,0.0,138.0,134.0,134.0,198.0,170.0,159.0,31.048349392520045,215.5,4.0,4.0,137.0,1.376996805111821,0.0,0.018695652173913,0.8569565217391305,0.3660869565217391,0.019130434782608598,7.273913043478261,0.0,0.4,0.0,16.927142857142858,74.78999999999999,73.64285714285715,50.0,-0.2393156642875578,0.970941817426052,0.0,182.0
2023,47,2023-12-03,4,2023.0,51.0,201.0,0.0139130434782608,0.3,0.0624309895684669,0.0,0.3,1.0,15.728571428571428,16.05,67.23714285714286,0.0,194.0,138.0,134.0,134.0,198.0,151.0,31.390019645316144,192.5,56.0,60.0,124.0,1.319622964867181,0.0004347826086956,0.0,0.018695652173913,0.8569565217391305,0.014347826086956401,1.2560869565217392,0.01,0.0,0.0,15.802857142857144,72.96428571428571,71.66380952380952,51.0,-0.12053668025532363,0.992708874098054,0.0,186.0
2024,1,2024-01-14,4,2024.0,5.0,214.0,0.0,2.5946383156553594,0.6065578044571787,0.1319718362259827,13.35044150985555,0.0,11.444285714285714,12.27,56.01142857142857,0.0,211.0,206.0,201.0,193.0,174.0,193.5,14.059397805975426,,5.0,10.0,192.0,,,0.0,0.0,0.0,,,,0.0,,,,,5.0,0.5680647467311558,0.8229838658936564,0.0,258.0
2024,2,2024-01-21,4,2024.0,6.0,209.0,0.0,2.5946383156553594,0.6065578044571787,0.1319718362259827,13.35044150985555,0.0,9.672857142857142,11.29,57.01857142857143,0.0,203.0,211.0,206.0,201.0,193.0,202.75,7.675719293112965,,-8.0,-3.0,161.0,,0.0,,0.0,0.0,,,13.35044150985555,,,11.444285714285714,56.01142857142857,,6.0,0.6631226582407952,0.7485107481711011,0.0,235.0
2024,3,2024-01-28,4,2024.0,7.0,223.0,0.0,2.5946383156553594,0.6065578044571787,0.1319718362259827,13.35044150985555,0.0,9.185714285714283,9.86,52.05,0.0,191.0,203.0,211.0,206.0,201.0,205.25,4.349329450233287,,-12.0,-20.0,184.0,,0.0,0.0,,0.0,0.0,,13.35044150985555,13.35044150985555,0.3959155086779481,9.672857142857142,57.01857142857143,55.02666666666667,7.0,0.7485107481711011,0.6631226582407953,0.0,236.0
2024,5,2024-02-11,4,2024.0,9.0,309.0,0.0,2.60725744298757,0.6086416052810826,0.132195019554464,13.368427827299277,0.0,11.467142857142855,13.6,43.25714285714286,0.01,214.0,123.0,191.0,203.0,211.0,182.0,40.18291510911903,187.75,91.0,23.0,258.0,0.9628205128205128,0.0673617341199566,0.0,0.0,0.0,0.0673617341199566,,13.698032950713497,13.35044150985555,0.40060235857605475,10.552857142857144,51.55285714285714,48.95333333333334,9.0,0.8854560256532098,0.4647231720437686,0.0,320.0
2024,22,2024-06-09,4,2024.0,26.0,624.0,40.13289951107746,117.8465559623152,27.979710663878254,3.1937010157142542,42.07760415868266,0.0,25.461428571428577,27.6,52.09,25.66,658.0,690.0,762.0,696.0,651.0,699.75,46.04617247937118,,-32.0,-104.0,534.0,,32.50649659175759,37.505648550240146,22.333175645434338,62.70916602759273,110.14504465307519,195.21392755275082,28.189033233567528,39.165262646184345,8.889125399642994,26.604285714285712,53.71714285714285,55.868571428571435,26.0,-3.216245299353273e-16,-1.0,1.0,461.0
2024,23,2024-06-16,4,2024.0,27.0,554.0,22.617401806816886,84.51466477991029,21.069599738887188,2.3437095716497507,25.84223815705497,0.0,27.364285714285717,27.88,50.970000000000006,9.88,731.0,658.0,690.0,762.0,696.0,701.5,43.64630568559039,,73.0,41.0,592.0,,40.13289951107746,32.50649659175759,37.505648550240146,22.333175645434338,95.25679790965194,217.80478813291913,42.07760415868266,28.189033233567528,8.52444384090461,25.461428571428577,52.09,52.25904761904763,27.0,-0.12053668025532283,-0.992708874098054,1.0,414.0
2024,24,2024-06-23,4,2024.0,28.0,559.0,70.44758232035466,161.39932386484622,36.0278456464017,4.341419019972763,64.15289523747492,0.0,26.08,28.16,68.76571428571428,54.78,697.0,731.0,658.0,690.0,762.0,710.25,45.638981875877406,,-34.0,39.0,511.0,,22.617401806816886,40.13289951107746,32.50649659175759,37.505648550240146,133.197883638249,225.54320442568107,25.84223815705497,42.07760415868266,9.878829607336769,27.364285714285717,50.970000000000006,57.2752380952381,28.0,-0.23931566428755743,-0.9709418174260521,1.0,457.0
2024,25,2024-06-30,4,2024.0,29.0,603.0,280.0292712769297,415.895375704052,74.81169502071239,10.091623624171888,321.83780025618944,0.0,23.81,25.87,87.30571428571429,290.12,677.0,697.0,731.0,658.0,690.0,694.0,29.944392908634264,,-20.0,-54.0,446.0,,70.44758232035466,22.617401806816886,40.13289951107746,32.50649659175759,373.09425540410126,483.2393000571764,64.15289523747492,25.84223815705497,16.776752215794403,26.08,68.76571428571428,69.01380952380953,29.0,-0.3546048870425356,-0.9350162426854148,1.0,430.0
2024,26,2024-07-07,4,2024.0,30.0,626.0,172.91418329198115,288.48875053591814,56.148765357062,7.33285450081499,177.96111066132488,0.0,22.964285714285715,23.5,92.22,166.51,624.0,677.0,697.0,731.0,658.0,690.75,31.202296923997967,695.25,-53.0,-73.0,461.0,1.376051459673429,280.0292712769297,70.44758232035466,22.617401806816886,40.13289951107746,523.3910368892655,618.6478347989174,321.83780025618944,64.15289523747492,21.76589714495964,23.81,87.30571428571429,82.76380952380953,30.0,-0.46472317204376806,-0.8854560256532101,1.0,473.0
2024,27,2024-07-14,4,2024.0,31.0,667.0,90.13049184506546,195.7659051066109,42.97872672727297,5.237386229704407,79.79768519464989,0.0,23.06142857142857,23.94,91.43714285714286,72.62,554.0,624.0,677.0,697.0,731.0,682.25,44.77629581225613,691.875,-70.0,-123.0,414.0,1.3516483516483517,172.91418329198115,280.0292712769297,70.44758232035466,22.617401806816886,543.0739464139763,676.2718300522253,177.96111066132488,321.83780025618944,22.661864354691286,22.964285714285715,92.22,90.32095238095239,31.0,-0.5680647467311556,-0.8229838658936565,1.0,438.0
2024,28,2024-07-21,4,2024.0,32.0,622.0,66.77295222530377,172.75656775291566,39.950898806113074,4.6662600921208535,59.254005690920664,0.0,23.89428571428571,24.4,90.26285714285714,47.03,559.0,554.0,624.0,677.0,697.0,638.0,63.91139700136952,674.125,5.0,-65.0,457.0,1.3452232476926915,90.13049184506546,172.91418329198115,280.0292712769297,70.44758232035466,329.8176273623504,702.9118827664516,79.79768519464989,177.96111066132488,17.236500822640252,23.06142857142857,91.43714285714286,91.30666666666667,32.0,-0.663122658240795,-0.7485107481711013,1.0,360.0
2024,29,2024-07-28,4,2024.0,33.0,551.0,61.04608380331905,151.36863475195253,34.64120617785112,4.106630158410473,54.13831177082672,0.0,24.232857142857146,25.5,86.71571428571428,44.26,603.0,559.0,554.0,624.0,677.0,603.5,58.46081308591822,648.75,44.0,49.0,430.0,1.3352199639825058,66.77295222530377,90.13049184506546,172.91418329198115,280.0292712769297,217.94952787368828,741.3405647629538,59.254005690920664,79.79768519464989,14.010276480235737,23.89428571428571,90.26285714285714,89.47190476190478,33.0,-0.7485107481711011,-0.6631226582407952,1.0,
2024,30,2024-08-04,4,2024.0,34.0,457.0,107.10424554878578,222.64506147043647,47.39634457101347,5.717230385939124,117.77657794171526,0.0,23.454285714285714,24.18,88.5657142857143,94.12,626.0,603.0,559.0,554.0,624.0,585.0,34.068558329736625,637.875,23.0,67.0,473.0,1.3271781534460338,61.04608380331905,66.77295222530377,90.13049184506546,172.91418329198115,234.9232815774086,777.9972279913849,54.13831177082672,59.254005690920664,14.490120636470454,24.232857142857146,86.71571428571428,88.5147619047619,34.0,-0.8229838658936564,-0.5680647467311559,1.0,347.0
2024,31,2024-08-11,4,2024.0,35.0,547.0,158.58217265495406,274.09694801154706,54.231226878668096,6.9806712084715565,164.7352018478026,0.0,22.52428571428571,22.98,92.41285714285712,150.73000000000002,667.0,626.0,603.0,559.0,554.0,585.5,34.83771902215567,633.875,41.0,64.0,438.0,1.3401162790697674,107.10424554878578,61.04608380331905,66.77295222530377,90.13049184506546,326.7325020070589,656.5501293694092,117.77657794171526,54.13831177082672,16.804531752821156,23.454285714285714,88.5657142857143,89.23142857142858,35.0,-0.8854560256532096,-0.4647231720437691,1.0,421.0
2024,32,2024-08-18,4,2024.0,36.0,463.0,99.18278382910728,210.98872944946865,45.52849015095812,5.498957090684447,102.06687022431797,0.0,23.125714285714285,23.57,89.24571428571429,84.33999999999999,622.0,667.0,626.0,603.0,559.0,613.75,45.08787715857409,625.875,-45.0,-4.0,360.0,1.3793388429752067,158.58217265495406,107.10424554878578,61.04608380331905,66.77295222530377,364.86920203284717,582.8187299065354,164.7352018478026,117.77657794171526,18.19685868509513,22.52428571428571,92.41285714285712,90.0747619047619,36.0,-0.9350162426854147,-0.3546048870425359,1.0,364.0
2024,33,2024-08-25,4,2024.0,37.0,536.0,20.24201505379231,67.15653896483126,16.353324114160323,1.8706747693901007,25.32679343388179,0.0,22.765714285714285,23.11,86.19285714285715,10.99,551.0,622.0,667.0,626.0,603.0,629.5,26.938200880286466,616.5,-71.0,-116.0,,1.4176487496407013,99.18278382910728,158.58217265495406,107.10424554878578,61.04608380331905,278.00697153785364,512.9302531152622,102.06687022431797,164.7352018478026,14.350303068546106,23.125714285714285,89.24571428571429,89.28380952380952,37.0,-0.970941817426052,-0.23931566428755774,1.0,295.0
2024,34,2024-09-01,4,2024.0,38.0,399.0,33.808004123235094,109.02525855610476,26.594338273429106,3.022519402769125,30.636270834556985,0.0,22.868571428571425,23.99,90.00714285714285,17.990000000000002,457.0,551.0,622.0,667.0,626.0,616.5,48.169838419215544,600.75,-94.0,-165.0,347.0,,20.24201505379231,99.18278382910728,158.58217265495406,107.10424554878578,153.2328030061347,479.9653050131936,25.32679343388179,102.06687022431797,10.392151262843676,22.765714285714285,86.19285714285715,88.48190476190477,38.0,-0.992708874098054,-0.12053668025532357,1.0,322.0
2024,35,2024-09-08,4,2024.0,39.0,374.0,32.76203719739054,83.03475885040534,18.750033646170827,2.1994238122430017,44.38194041434127,0.0,22.722857142857144,23.28,88.98571428571428,25.72,547.0,457.0,551.0,622.0,667.0,574.25,91.59830784463216,579.875,90.0,-4.0,421.0,,33.808004123235094,20.24201505379231,99.18278382910728,158.58217265495406,86.81205637441795,451.6812584072651,30.636270834556985,25.32679343388179,7.09261798440223,22.868571428571425,90.00714285714285,88.3952380952381,39.0,-1.0,-1.8369701987210297e-16,1.0,295.0
2024,36,2024-09-15,4,2024.0,40.0,352.0,38.103015356796234,114.98601939239586,27.528663225354087,3.1385747335793823,38.33880841504269,0.0,22.967142857142857,23.58,87.68714285714285,23.19,463.0,547.0,457.0,551.0,622.0,544.25,67.60362416320595,579.0,-84.0,6.0,364.0,,32.76203719739054,33.808004123235094,20.24201505379231,99.18278382910728,104.67305667742187,382.6800282152755,44.38194041434127,30.636270834556985,8.36051794859151,22.722857142857144,88.98571428571428,88.89333333333333,40.0,-0.992708874098054,0.1205366802553232,0.0,260.0
2024,37,2024-09-22,4,2024.0,41.0,270.0,15.354331579658703,61.833914871702085,15.608895722784096,1.7479239387254055,19.875695173891735,0.0,23.255714285714284,24.92,81.5942857142857,5.49,536.0,463.0,547.0,457.0,551.0,504.5,51.46843692983113,567.0,73.0,-11.0,295.0,,38.103015356796234,32.76203719739054,33.808004123235094,20.24201505379231,86.21938413384548,239.45218713998017,38.33880841504269,44.38194041434127,7.085922484547791,22.967142857142857,87.68714285714285,86.08904761904762,41.0,-0.9709418174260521,0.23931566428755738,0.0,211.0
2024,38,2024-09-29,4,2024.0,42.0,350.0,276.55679912899444,371.2425676042507,63.101103297516744,9.105381020525964,296.52744316926805,0.0,21.261428571428574,24.91,90.00571428571428,290.54,399.0,536.0,463.0,547.0,457.0,500.75,47.331279298155515,558.625,-137.0,-64.0,322.0,,15.354331579658703,38.103015356796234,32.76203719739054,33.808004123235094,330.0141460654494,416.8262024398673,19.875695173891735,38.33880841504269,13.991879692830754,23.255714285714284,81.5942857142857,86.42904761904761,42.0,-0.9350162426854148,0.35460488704253557,0.0,170.0
2024,39,2024-10-06,4,2024.0,43.0,286.0,23.98298102395857,71.79142194786593,17.045555046084978,1.968205883936413,30.771967461495414,0.0,21.75142857142857,22.36,91.06857142857145,15.36,374.0,399.0,536.0,463.0,547.0,486.25,69.08629868987535,530.25,-25.0,-162.0,295.0,,276.55679912899444,15.354331579658703,38.103015356796234,32.76203719739054,315.89411173261175,420.5671684100336,296.52744316926805,19.875695173891735,12.821510843187784,21.261428571428574,90.00571428571428,87.55619047619048,43.0,-0.8854560256532101,0.464723172043768,0.0,198.0
2024,40,2024-10-13,4,2024.0,44.0,316.0,0.4092676069436202,3.198353760355234,0.6955925697535591,0.144916469277896,14.04173558911154,0.0,20.541428571428572,21.06,87.75428571428571,0.58,352.0,374.0,399.0,536.0,463.0,443.0,72.44768227256598,493.625,-22.0,-47.0,260.0,,23.98298102395857,276.55679912899444,15.354331579658703,38.103015356796234,300.94904775989664,387.16843189374214,30.771967461495414,296.52744316926805,11.218503373740274,21.75142857142857,91.06857142857145,89.60952380952381,44.0,-0.822983865893657,0.5680647467311548,0.0,134.0
2024,41,2024-10-20,4,2024.0,45.0,290.0,13.330715136277822,46.7974082533334,11.369330257447803,1.2960915526714765,24.151217244077134,0.0,18.85,19.24,85.87571428571428,7.55,270.0,352.0,374.0,399.0,536.0,415.25,82.758181871442,459.875,-82.0,-104.0,211.0,,0.4092676069436202,23.98298102395857,276.55679912899444,15.354331579658703,37.72296376718001,367.73710983262947,14.04173558911154,30.771967461495414,3.409213905885787,20.541428571428572,87.75428571428571,88.23285714285716,45.0,-0.7485107481711011,0.6631226582407953,0.0,134.0
2024,42,2024-10-27,4,2024.0,46.0,255.0,0.3998615440359673,3.190155113732277,0.6946062062568981,0.1446932859494147,14.03588417968437,0.0,19.44,20.46,82.97142857142856,0.5700000000000001,350.0,270.0,352.0,374.0,399.0,348.75,55.90095407653318,424.75,80.0,-2.0,170.0,1.3510934393638172,13.330715136277822,0.4092676069436202,23.98298102395857,276.55679912899444,14.13984428725741,330.03395601986915,24.151217244077134,14.04173558911154,1.585701307898789,18.85,85.87571428571428,85.53380952380952,46.0,-0.6631226582407956,0.7485107481711007,0.0,138.0
2024,43,2024-11-03,4,2024.0,47.0,277.0,0.0028890409183684,2.7113463127634105,0.6239924268839068,0.1344268528392766,13.487616461653756,0.0,19.287142857142857,19.99,88.91714285714285,0.11,286.0,350.0,270.0,352.0,374.0,336.5,45.647197796432934,411.375,-64.0,16.0,198.0,1.4076133447390933,0.3998615440359673,13.330715136277822,0.4092676069436202,23.98298102395857,13.733465721232157,314.68251348112886,14.03588417968437,24.151217244077134,1.5752116914601695,19.44,82.97142857142856,85.92142857142858,47.0,-0.5680647467311559,0.8229838658936564,0.0,194.0
2024,44,2024-11-10,4,2024.0,48.0,295.0,0.3794969664539472,3.178178301195615,0.6937309165908191,0.1442469192924522,14.036316268846582,0.0,17.524285714285714,17.87,87.19428571428571,0.5499999999999999,316.0,286.0,350.0,270.0,352.0,314.5,42.65755110958283,378.75,30.0,-34.0,134.0,1.4326241134751774,0.0028890409183684,0.3998615440359673,13.330715136277822,0.4092676069436202,0.782247551408283,38.50521131858835,13.487616461653756,14.03588417968437,0.4233670580811453,19.287142857142857,88.91714285714285,86.36095238095238,48.0,-0.4647231720437684,0.88545602565321,0.0,
2024,45,2024-11-17,4,2024.0,49.0,273.0,0.0,2.6280752169427384,0.6117117696016474,0.1326413862114265,13.392265554170171,0.0,16.53,17.14,83.30285714285715,0.03,290.0,316.0,286.0,350.0,270.0,305.5,35.26565846069901,360.375,-26.0,4.0,134.0,1.5294429708222812,0.3794969664539472,0.0028890409183684,0.3998615440359673,13.330715136277822,0.3823860073723156,14.522230294629782,14.036316268846582,13.487616461653756,0.41131515834315713,17.524285714285714,87.19428571428571,86.47142857142858,49.0,-0.35460488704253595,0.9350162426854147,0.0,174.0
2024,46,2024-11-24,4,2024.0,50.0,271.0,0.0,2.6703530796486237,0.6190606094006019,0.1333109361968703,13.4583594145179,0.0,14.438571428571429,15.6,79.61428571428571,0.06,255.0,290.0,316.0,286.0,350.0,310.5,29.50141239556741,329.625,-35.0,-61.0,138.0,1.5295823665893271,0.0,0.3794969664539472,0.0028890409183684,0.3998615440359673,0.3794969664539472,14.112962687686162,13.392265554170171,14.036316268846582,0.4101992417007507,16.53,83.30285714285715,83.3704761904762,50.0,-0.2393156642875578,0.970941817426052,0.0,193.0
2024,47,2024-12-01,4,2024.0,51.0,238.0,0.0,2.5946383156553594,0.6065578044571787,0.1319718362259827,13.35044150985555,0.0,14.008571428571427,14.69,82.10857142857142,0.0,277.0,255.0,290.0,316.0,286.0,286.75,24.998333277774165,311.625,22.0,-13.0,194.0,1.6188311688311687,0.0,0.0,0.3794969664539472,0.0028890409183684,0.0,0.7822475514083398,13.4583594145179,13.392265554170171,0.39792415863428127,14.438571428571429,79.61428571428571,81.6752380952381,51.0,-0.12053668025532363,0.992708874098054,0.0,201.0
2024,48,2024-12-08,4,2024.0,52.0,316.0,0.0,2.5946383156553594,0.6065578044571787,0.1319718362259827,13.35044150985555,0.0,12.907142857142857,14.16,69.21714285714286,0.0,295.0,277.0,255.0,290.0,316.0,284.5,25.488559525141298,299.5,18.0,40.0,,1.665045170257123,0.0,0.0,0.0,0.3794969664539472,0.0,0.38238600737237244,13.35044150985555,13.4583594145179,0.39725460864883755,14.008571428571427,82.10857142857142,76.98,52.0,6.432490598706546e-16,1.0,0.0,206.0
2025,14,2025-04-13,4,2025.0,18.0,646.0,41.610988761174085,108.05624329444925,24.58623950394179,2.8389533775496743,53.50975437597801,0.0,20.021428571428572,21.6,64.60714285714286,32.07,472.0,446.0,467.0,394.0,354.0,415.25,51.0775554100494,,26.0,5.0,,,0.0,0.0374083890155509,8.07369471051447,6.385167777754194,41.64839715018964,56.10725963845836,13.35044150985555,13.535291915395549,3.1062447999288603,21.041428571428572,29.785714285714285,44.368571428571435,18.0,0.8229838658936565,-0.5680647467311557,0.0,651.0
2025,15,2025-04-20,4,2025.0,19.0,639.0,21.258053627350577,69.30080887315434,16.734601795018456,1.9028131686914027,28.81480633900319,0.0,20.064285714285713,22.29,69.95,12.43,559.0,472.0,446.0,467.0,394.0,444.75,35.65926714520832,,87.0,113.0,,,41.610988761174085,0.0,0.0374083890155509,8.07369471051447,62.86904238852466,77.36531326580894,53.50975437597801,13.35044150985555,4.873738382467062,20.021428571428572,64.60714285714286,54.780952380952385,19.0,0.7485107481711013,-0.6631226582407951,0.0,696.0
2025,16,2025-04-27,4,2025.0,20.0,819.0,6.6969386757757485,25.508125371365303,6.158611169318326,0.7206156026389269,20.488849089203352,0.0,24.48,25.16,34.53285714285715,4.07,570.0,559.0,472.0,446.0,467.0,486.0,49.95331153520588,,11.0,98.0,588.0,,21.258053627350577,41.610988761174085,0.0,0.0374083890155509,69.56598106430042,77.6770841638305,28.81480633900319,53.50975437597801,5.462382148880006,20.064285714285713,69.95,56.36333333333334,20.0,0.6631226582407952,-0.7485107481711012,0.0,762.0
2025,17,2025-05-04,4,2025.0,21.0,699.0,26.341894675392915,74.86946808783182,17.515983232072042,2.0306972159111667,34.55824082003339,0.0,19.422857142857143,20.68,65.75428571428571,18.16,677.0,570.0,559.0,472.0,446.0,511.75,61.99126282522938,,107.0,118.0,,,6.6969386757757485,21.258053627350577,41.610988761174085,0.0,54.29688697851924,95.94528412870893,20.488849089203352,28.81480633900319,4.654125987241498,24.48,34.53285714285715,56.745714285714286,21.0,0.5680647467311558,-0.8229838658936564,0.0,690.0
2025,18,2025-05-11,4,2025.0,22.0,692.0,11.58986160498609,43.813513369771734,10.866676662586062,1.2454289371062297,19.740680667904588,0.0,22.65142857142857,25.26,56.06714285714286,5.28,646.0,677.0,570.0,559.0,472.0,569.5,84.00992004916246,492.375,-31.0,76.0,651.0,,26.341894675392915,6.6969386757757485,21.258053627350577,41.610988761174085,44.62869495615475,107.49773734467948,34.55824082003339,20.488849089203352,3.996741755656325,19.422857142857143,65.75428571428571,52.118095238095236,22.0,0.46472317204376906,-0.8854560256532096,1.0,658.0
2025,19,2025-05-18,4,2025.0,23.0,780.0,43.68760633008741,136.98896580388117,32.984746012483114,3.699543767260649,45.04287901781857,0.0,23.885714285714283,25.27,56.56571428571429,26.02,639.0,646.0,677.0,570.0,559.0,613.0,57.59050847723666,528.875,-7.0,-38.0,696.0,,11.58986160498609,26.341894675392915,6.6969386757757485,21.258053627350577,81.61936261046642,151.1853436747669,19.740680667904588,34.55824082003339,6.975669920278047,22.65142857142857,56.06714285714286,59.462380952380954,23.0,0.35460488704253584,-0.9350162426854147,1.0,731.0
2025,20,2025-05-25,4,2025.0,24.0,829.0,58.746348710927165,151.16548593500875,34.79323846909534,4.06355577601359,56.79508105254752,0.0,22.354285714285712,23.64,72.73,42.33,819.0,639.0,646.0,677.0,570.0,633.0,45.12944345620349,559.5,180.0,173.0,762.0,,43.68760633008741,11.58986160498609,26.341894675392915,6.6969386757757485,114.02381664600067,168.32070362451998,45.04287901781857,19.740680667904588,9.008528480380471,23.885714285714283,56.56571428571429,61.787619047619046,24.0,0.23931566428755768,-0.970941817426052,1.0,697.0
2025,21,2025-06-01,4,2025.0,25.0,760.0,39.92450395273272,116.51595473691113,27.707070643440563,3.1814259326477847,39.340929944894015,0.0,24.514285714285712,25.6,69.46285714285715,25.11,699.0,819.0,639.0,646.0,677.0,695.25,84.13629815166976,603.5,-120.0,60.0,690.0,,58.746348710927165,43.68760633008741,11.58986160498609,26.341894675392915,142.3584589937473,186.9871539499021,56.79508105254752,45.04287901781857,10.944525475922026,22.354285714285712,72.73,66.25285714285714,25.0,0.12053668025532308,-0.992708874098054,1.0,677.0
2025,22,2025-06-08,4,2025.0,26.0,654.0,36.91745418510418,103.40515365482862,23.971810882418833,2.724013963381823,49.319192443379144,0.0,23.511428571428574,24.98,60.49285714285714,26.92,692.0,699.0,819.0,639.0,646.0,700.75,83.2601345182675,635.125,-7.0,-127.0,658.0,,39.92450395273272,58.746348710927165,43.68760633008741,11.58986160498609,135.58830684876406,217.20766945923054,39.340929944894015,56.79508105254752,9.9689956720432,24.514285714285712,69.46285714285715,67.56190476190476,26.0,-3.216245299353273e-16,-1.0,1.0,624.0
2025,23,2025-06-15,4,2025.0,27.0,598.0,55.56423461559678,135.71965276836892,30.563251955146253,3.588065957140647,61.71238415717439,0.0,24.72714285714286,26.55,72.85142857142857,43.33,780.0,692.0,699.0,819.0,639.0,712.25,76.04110730387873,662.625,88.0,81.0,731.0,,36.91745418510418,39.92450395273272,58.746348710927165,43.68760633008741,132.4061927534337,246.4300093994344,49.319192443379144,39.340929944894015,9.493505853170257,23.511428571428574,60.49285714285714,67.60238095238094,27.0,-0.12053668025532283,-0.992708874098054,1.0,554.0
2025,24,2025-06-22,4,2025.0,28.0,544.0,93.11814899947764,197.64834306497255,43.13449701987591,5.303671678263343,80.01869029245046,0.0,23.68857142857143,24.27,83.51285714285714,75.59,829.0,780.0,692.0,699.0,819.0,747.5,62.18520724416701,690.25,49.0,137.0,697.0,,55.56423461559678,36.91745418510418,39.92450395273272,58.746348710927165,185.5998378001786,327.95829679392597,61.71238415717439,49.319192443379144,11.615751598785813,24.72714285714286,72.85142857142857,72.28571428571426,28.0,-0.23931566428755743,-0.9709418174260521,1.0,559.0
2025,25,2025-06-29,4,2025.0,29.0,580.0,80.78616159885173,187.25155313176947,41.91818178768182,5.013310167909219,73.14623601671059,0.0,23.52285714285714,24.04,85.44714285714285,62.58,760.0,829.0,780.0,692.0,699.0,750.0,66.09588993777652,722.625,-69.0,-20.0,677.0,,93.11814899947764,55.56423461559678,36.91745418510418,39.92450395273272,229.46854521392612,365.05685206269027,80.01869029245046,61.71238415717439,13.90504780331321,23.68857142857143,83.51285714285714,80.6038095238095,29.0,-0.3546048870425356,-0.9350162426854148,1.0,603.0
2025,26,2025-07-06,4,2025.0,30.0,599.0,52.85818516683482,156.4420832885981,37.57806151270108,4.309389949879313,41.0997937048724,0.0,23.645714285714288,23.92,83.84714285714287,31.04,654.0,760.0,829.0,780.0,692.0,765.25,56.78834974417436,733.0,-106.0,-175.0,624.0,1.0542970154620641,80.78616159885173,93.11814899947764,55.56423461559678,36.91745418510418,226.76249576516418,359.16868851859795,73.14623601671059,80.01869029245046,14.626371796051878,23.52285714285714,85.44714285714285,84.26904761904761,30.0,-0.46472317204376806,-0.8854560256532101,1.0,626.0
2025,27,2025-07-13,4,2025.0,31.0,554.0,75.15339316646109,184.68016781560368,41.83789852499157,4.894576637157186,74.9479239481599,0.0,23.305714285714284,23.89,85.39142857142858,57.26,598.0,654.0,760.0,829.0,780.0,755.75,73.76708841572463,734.0,-56.0,-162.0,554.0,1.0608852755194218,52.85818516683482,80.78616159885173,93.11814899947764,55.56423461559678,208.79773993214764,394.3975777323263,41.0997937048724,73.14623601671059,14.217276754945718,23.645714285714288,83.84714285714287,84.89523809523808,31.0,-0.5680647467311556,-0.8229838658936565,1.0,667.0
2025,28,2025-07-20,4,2025.0,32.0,513.0,88.52470591714598,197.15492044649108,43.41902987813515,5.217076546812612,85.12636750877286,0.0,22.958571428571425,24.07,85.41428571428571,71.71,544.0,598.0,654.0,760.0,829.0,710.25,103.82798274068507,728.875,-54.0,-110.0,559.0,1.0812163916187651,75.15339316646109,52.85818516683482,80.78616159885173,93.11814899947764,216.5362842504419,446.0048294643681,74.9479239481599,41.0997937048724,14.421043133849114,23.305714285714284,85.39142857142858,84.8842857142857,32.0,-0.663122658240795,-0.7485107481711013,1.0,622.0
2025,29,2025-07-27,4,2025.0,33.0,537.0,46.57773146774315,137.46999912263112,32.842955146634935,3.755116416052484,42.21625743534064,0.0,24.035714285714285,24.89,85.28428571428572,28.51,580.0,544.0,598.0,654.0,760.0,639.0,92.32551110067031,694.5,36.0,-18.0,603.0,1.0705202312138729,88.52470591714598,75.15339316646109,52.85818516683482,80.78616159885173,210.25583055135021,437.01832631651445,85.12636750877286,74.9479239481599,13.866769600022284,22.958571428571425,85.41428571428571,85.36333333333333,33.0,-0.7485107481711011,-0.6631226582407952,1.0,551.0
2025,30,2025-08-03,4,2025.0,34.0,500.0,79.1333458938525,189.19426174417825,42.48335734520995,4.9956786849591985,79.79503076966469,0.0,23.06714285714286,23.45,88.81000000000002,61.79,599.0,580.0,544.0,598.0,654.0,594.0,45.86937976471881,679.625,19.0,55.0,626.0,1.0654516950813246,46.57773146774315,88.52470591714598,75.15339316646109,52.85818516683482,214.23578327874162,423.0335232108893,42.21625743534064,85.12636750877286,13.967871647824296,24.035714285714285,85.28428571428572,86.50285714285712,34.0,-0.8229838658936564,-0.5680647467311559,1.0,457.0
2025,31,2025-08-10,4,2025.0,35.0,711.0,75.66606658378927,182.17092229377732,41.24641970854337,4.887881137302749,68.55930876086914,0.0,22.40857142857143,22.81,91.88571428571429,56.96,554.0,599.0,580.0,544.0,598.0,580.25,25.695330315059095,668.0,-45.0,-26.0,667.0,1.0538355353973574,79.1333458938525,46.57773146774315,88.52470591714598,75.15339316646109,201.37714394538494,417.9134281958269,79.79503076966469,42.21625743534064,13.638676238314432,23.06714285714286,88.81000000000002,88.65999999999998,35.0,-0.8854560256532096,-0.4647231720437691,1.0,547.0
2025,32,2025-08-17,4,2025.0,36.0,567.0,77.64883175851745,187.92917662792024,42.3339854628704,4.9606389023876405,78.9370340296816,0.0,22.744285714285716,23.71,90.58142857142856,60.22,513.0,554.0,599.0,580.0,544.0,569.25,24.9716505928889,639.75,-41.0,-86.0,622.0,1.0221689634511684,75.66606658378927,79.1333458938525,46.57773146774315,88.52470591714598,232.4482442361592,442.70407478750946,68.55930876086914,79.79503076966469,14.844198724649589,22.40857142857143,91.88571428571429,90.42571428571428,36.0,-0.9350162426854147,-0.3546048870425359,1.0,463.0
2025,33,2025-08-24,4,2025.0,37.0,513.0,55.15515107865848,148.76275507348703,34.57543835003335,3.982986594431854,56.21172065942453,0.0,22.654285714285713,23.43,88.14857142857143,38.72,537.0,513.0,554.0,599.0,580.0,561.5,37.224543874528024,600.25,24.0,-17.0,551.0,0.9736415247364153,77.64883175851745,75.66606658378927,79.1333458938525,46.57773146774315,208.4700494209652,422.7058326997069,78.9370340296816,68.55930876086914,13.831506634122244,22.744285714285716,90.58142857142856,90.20523809523809,37.0,-0.970941817426052,-0.23931566428755774,1.0,536.0
2025,34,2025-08-31,4,2025.0,38.0,371.0,72.68089555990895,151.5224893362411,32.55100051755389,3.999839198188578,74.36487547683791,0.0,21.895714285714288,22.48,90.99714285714286,61.78,500.0,537.0,513.0,554.0,599.0,550.75,36.298530732432255,572.375,-37.0,-13.0,457.0,0.9527673741156887,55.15515107865848,77.64883175851745,75.66606658378927,79.1333458938525,205.48487839708486,406.86202234246986,56.21172065942453,78.9370340296816,12.943464695008073,22.654285714285713,88.14857142857143,89.9090476190476,38.0,-0.992708874098054,-0.12053668025532357,1.0,399.0
2025,35,2025-09-07,4,2025.0,39.0,358.0,35.509156217727885,86.23177935522313,19.2132819361058,2.2697265607146,47.911886598201185,0.0,22.551428571428573,23.51,87.61,28.869999999999997,711.0,500.0,537.0,513.0,554.0,526.0,24.15229457698229,553.125,211.0,174.0,547.0,0.9538693683983617,72.68089555990895,55.15515107865848,77.64883175851745,75.66606658378927,163.34520285629532,395.7934470924546,74.36487547683791,56.21172065942453,10.252552353335034,21.895714285714288,90.99714285714286,88.91857142857141,39.0,-1.0,-1.8369701987210297e-16,1.0,374.0
2025,36,2025-09-14,4,2025.0,40.0,325.0,82.1620014232242,185.8526393694584,41.4953531621821,5.029379367559869,68.10682888801765,0.0,22.027142857142856,22.36,93.38714285714286,63.3,567.0,711.0,500.0,537.0,513.0,565.25,98.36793176640442,567.25,-144.0,67.0,463.0,0.979706390328152,35.509156217727885,72.68089555990895,55.15515107865848,77.64883175851745,190.352053200861,398.8221026218263,47.911886598201185,74.36487547683791,11.29894512646305,22.551428571428573,87.61,90.6647619047619,40.0,-0.992708874098054,0.1205366802553232,0.0,352.0
2025,37,2025-09-21,4,2025.0,41.0,395.0,73.57602506281972,153.48631329599954,32.90321606070795,4.0286298475626605,77.60736343633653,0.0,21.012857142857143,21.31,91.24428571428572,63.07,513.0,567.0,711.0,500.0,537.0,578.75,92.32686499605624,570.125,-54.0,-198.0,536.0,1.0055114638447973,82.1620014232242,35.509156217727885,72.68089555990895,55.15515107865848,191.24718270377178,396.73206110085675,68.10682888801765,47.911886598201185,11.32773577583713,22.027142857142856,93.38714285714286,90.74714285714286,41.0,-0.9709418174260521,0.23931566428755738,0.0,270.0
2025,38,2025-09-28,4,2025.0,42.0,316.0,5.15014215278183,22.56635690479034,5.6485821327004775,0.6737471036578615,15.910818496928522,0.0,22.33142857142857,23.18,88.46714285714286,1.97,371.0,513.0,567.0,711.0,500.0,572.75,96.62427231291316,561.75,-142.0,-196.0,399.0,1.0055940926381741,73.57602506281972,82.1620014232242,35.509156217727885,72.68089555990895,160.88816863882576,324.23337149512116,77.60736343633653,68.10682888801765,9.731756318780391,21.012857142857143,91.24428571428572,91.03285714285714,42.0,-0.9350162426854148,0.35460488704253557,0.0,350.0
2025,39,2025-10-05,4,2025.0,43.0,202.0,150.96162703247592,277.5354137927195,55.63247070677721,6.864169511004336,182.86831552372243,0.0,20.807142857142857,22.12,87.88,145.51,358.0,371.0,513.0,567.0,711.0,540.5,140.54536634126362,533.25,-13.0,-155.0,374.0,1.0056577086280056,5.15014215278183,73.57602506281972,82.1620014232242,35.509156217727885,229.68779424807747,420.03984744893853,15.910818496928522,77.60736343633653,11.56654646222486,22.33142857142857,88.46714285714286,89.19714285714285,43.0,-0.8854560256532101,0.464723172043768,0.0,286.0
2025,40,2025-10-12,4,2025.0,44.0,288.0,1.1417534712032922,3.981154801169073,0.8039103096608308,0.1632175022133596,14.824923862553424,0.0,19.885714285714283,20.47,84.40285714285714,1.4,325.0,358.0,371.0,513.0,567.0,452.25,103.83119312936101,508.75,-33.0,-46.0,352.0,1.0306406685236769,150.96162703247592,5.15014215278183,73.57602506281972,82.1620014232242,157.25352265646103,348.5007053602329,182.86831552372243,15.910818496928522,7.701134116875558,20.807142857142857,87.88,86.91666666666667,44.0,-0.822983865893657,0.5680647467311548,0.0,316.0
2025,41,2025-10-19,4,2025.0,45.0,234.0,0.0,2.5946383156553594,0.6065578044571787,0.1319718362259827,13.35044150985555,0.0,19.312857142857144,19.86,82.02857142857144,0.0,395.0,325.0,358.0,371.0,513.0,391.75,83.11989332684844,485.25,70.0,37.0,270.0,1.055178037510193,1.1417534712032922,150.96162703247592,5.15014215278183,73.57602506281972,152.1033805036792,312.99154914250505,14.824923862553424,182.86831552372243,7.159358849443679,19.885714285714283,84.40285714285714,84.77047619047619,45.0,-0.7485107481711011,0.6631226582407953,0.0,290.0
2025,42,2025-10-26,4,2025.0,46.0,240.0,0.0,2.5946383156553594,0.6065578044571787,0.1319718362259827,13.35044150985555,0.0,19.71857142857143,20.35,78.53428571428572,0.0,316.0,395.0,325.0,358.0,371.0,362.25,29.18190078341934,467.5,-79.0,-9.0,350.0,1.1006474396703942,0.0,1.1417534712032922,150.96162703247592,5.15014215278183,1.1417534712032922,230.8295477192808,13.35044150985555,14.824923862553424,0.4271611746653259,19.312857142857144,82.02857142857144,81.65523809523809,46.0,-0.6631226582407956,0.7485107481711007,0.0,255.0
2025,44,2025-11-09,4,2025.0,48.0,235.0,0.550906664402611,3.5296626449704585,0.7558139469641845,0.1496033191760025,14.601471875678076,0.0,17.740000000000002,18.63,79.36428571428571,0.79,288.0,202.0,316.0,395.0,325.0,309.5,79.89367934949546,380.875,86.0,-28.0,316.0,1.0056105610561057,79.64147937592307,0.0,0.0,1.1417534712032922,80.19238604032569,232.29576654400495,93.61664365610768,13.35044150985555,4.488528482421177,17.928571428571427,83.83428571428571,80.57761904761902,48.0,-0.4647231720437684,0.88545602565321,0.0,295.0
2025,45,2025-11-16,4,2025.0,49.0,247.0,0.0,2.5946383156553594,0.6065578044571787,0.1319718362259827,13.35044150985555,0.0,15.234285714285717,16.19,74.05285714285715,0.0,234.0,288.0,202.0,316.0,395.0,300.25,79.64243006505178,346.0,-54.0,32.0,290.0,0.9601109954908081,0.550906664402611,79.64147937592307,0.0,0.0,80.19238604032569,81.33413951152903,14.601471875678076,93.61664365610768,4.488528482421177,17.740000000000002,79.36428571428571,79.0838095238095,49.0,-0.35460488704253595,0.9350162426854147,0.0,273.0
2025,46,2025-11-23,4,2025.0,50.0,272.0,0.0,2.5946383156553594,0.6065578044571787,0.1319718362259827,13.35044150985555,0.0,14.588571428571427,15.55,81.52142857142857,0.0,240.0,234.0,288.0,202.0,316.0,260.0,51.5105167255516,311.125,6.0,-48.0,255.0,0.943875616230565,0.0,0.550906664402611,79.64147937592307,0.0,0.550906664402611,80.19238604032574,13.35044150985555,14.601471875678076,0.4135469916279688,15.234285714285717,74.05285714285715,78.31285714285714,50.0,-0.2393156642875578,0.970941817426052,0.0,271.0
