year,week,reporting_rate_pct,sites_reporting,sites_total,age_this_week,age_prev_week,age_change,age_last_year,sari_this_week,sari_prev_week,sari_change,sari_last_year,cholera_this_week,cholera_prev_week,cholera_change,cholera_last_year,dengue_this_week,dengue_prev_week,dengue_change,dengue_last_year,kalaazar_this_week,kalaazar_prev_week,kalaazar_change,kalaazar_last_year,malaria_this_week,malaria_prev_week,malaria_change,malaria_last_year,age_top_districts
2021,1,,,,78,84,,226,102,86,,247,,,,,,,,,,,,,,,,,[]
2021,2,,,,102,91,,248,85,110,,264,,,,,,,,,,,,,,,,,[]
2021,3,,,,132,112,,203,144,98,,289,,,,,,,,,,,,,,,,,[]
2021,4,,,,111,138,,246,89,146,,277,,,,,,,,,,,,,,,,,[]
2021,5,,,,99,120,,293,102,92,,255,,,,,,,,,,,,,,,,,[]
2021,6,,,,147,113,,315,130,114,,322,,,,,,,,,,,,,,,,,[]
2021,7,,,,133,154,,343,117,132,,302,,,,,,,,,,,,,,,,,[]
2021,8,,,,201,151,,377,143,139,,333,,,,,,,,,,,,,,,,,[]
2021,9,,,,193,213,,379,146,157,,379,,,,,,,,,,,,,,,,,[]
2021,10,,,,235,223,,434,180,167,,374,,,,,,,,,,,,,,,,,[]
2021,11,,,,285,,,392,175,189,,375,,,,,,,,,,,,,,,,,[]
2021,12,,,,292,328,,388,226,217,,410,,,,,,,,,,,,,,,,,[]
2021,13,,,,343,336,,214,214,255,,331,,,,,,,,,,,,,,,,,[]
2021,14,,,,349,380,,144,219,218,,221,,,,,,,,,,,,,,,,,[]
2021,15,,,,284,385,,127,207,237,,144,,,,,,,,,,,,,,,,,[]
2021,16,,,,238,346,,170,180,234,,175,,,,,,,,,,,,,,,,,[]
2021,17,,,,230,,,161,177,181,,115,,,,,,,,,,,,,,,,,[]
2021,18,,,,79,232,,145,129,178,,118,,,,,,,,,,,,,,,,,[]
2021,19,,,,28,84,,126,76,130,,119,,,,,,,,,,,,,,,,,[]
2021,20,,,,25,29,,156,70,70,,121,,,,,,,,,,,,,,,,,[]
2021,21,,,,33,29,,137,93,82,,114,,,,,,,,,,,,,,,,,[]
2021,22,,,,34,43,,138,67,97,,89,,,,,,,,,,,,,,,,,[]
2021,23,,,,74,61,,102,37,71,,79,,,,,,,,,,,,,,,,,[]
2021,24,,,,53,79,,106,54,39,,72,,,,,,,,,,,,,,,,,[]
2021,25,,,,79,74,,137,68,54,,78,,,,,,,,,,,,,,,,,[]
2021,26,,,,88,87,,140,47,72,,57,,,,,,,,,,,,,,,,,[]
2021,27,,,,86,98,,121,72,47,,71,,,,,11,7,,,,,,,,,,,[]
2021,28,,,,88,88,,141,81,72,,76,,,,,,,,,,,,,,,,,[]
2021,29,,,,96,109,,130,127,85,,82,,,,,,,,,,,,,,,,,[]
2021,30,,,,70,100,,141,98,129,,69,,,,,15,7,,16,,,,,,,,,[]
2021,31,,,,81,95,,143,136,108,,63,,,,,12,15,,21,,,,,,,,,[]
2021,32,,,,62,86,,132,124,138,,110,,,,,,,,,,,,,,,,,[]
2021,33,,,,76,67,,94,150,129,,82,,,,,,,,,,,,,,,,,[]
2021,34,,,,55,79,,78,160,162,,70,,,,,,,,,,,,,,,,,[]
2021,35,,,,82,58,,78,185,182,,81,0,0,50,100,10,10,,29,,,,,,,,,[]
2021,36,,,,80,92,,79,268,205,,87,,,,,19,13,,25,,,,,,,,,[]
2021,37,,,,74,81,,89,250,274,,52,,,,,16,16,,29,,,,,,,,,[]
2021,38,,,,77,78,,72,352,297,,73,,,,,24,20,,29,,,,,,,,,[]
2021,39,,,,92,101,,78,332,367,,69,,,,,12,24,,12,,,,,,,,,[]
2021,40,,,,132,97,,94,245,337,,78,,,,,,,,,,,,,,,,,[]
2021,41,,,,78,135,,87,199,283,,75,,,,,19,15,,24,,,,,,,,,[]
2021,42,,,,78,88,,75,220,239,,71,,,,,21,27,,26,,,,,,,,,[]
2021,43,,,,89,87,,68,179,220,,77,,,,,18,25,,21,,,,,,,,,[]
2021,44,,,,51,97,,74,138,184,,55,,,,,20,25,,19,,,,,,,,,[]
2021,45,,,,55,59,,85,98,155,,70,,,,,18,25,,16,,,,,,,,,[]
2021,46,,,,69,69,,71,102,103,,66,0,0,20,40,15,18,,21,,,,,,,,,[]
2021,47,,,,64,72,,81,109,109,,57,15,0,,,,,,,,,,,,,,,[]
2021,48,,,,76,70,,85,116,113,,69,,,,,,,,,,,,,,,,,[]
2021,49,,,,86,103,,85,145,144,,78,,,,,,,,,,,,,,,,,[]
2021,50,,,,85,89,,85,150,149,,80,,,,,,,,,,,,,,,,,[]
2021,51,,,,82,88,,110,174,156,,87,,,,,,,,,,,,,,,,,[]
2021,52,,,,138,89,,97,175,180,,99,,,,,,,,,,,,,,,,,[]
2022,1,,,,114,154,,119,170,180,,110,,,,,,,,,,,,,,,,,[]
2022,2,,,,76,114,,134,166,171,,113,,,,,,,,,,,,,,,,,[]
2022,3,,,,76,78,,167,143,169,,165,,,,,,,,,,,,,,,,,[]
2022,4,,,,60,85,,143,146,165,,109,,,,,,,,,,,,,,,,,[]
2022,5,,,,60,70,,135,95,162,,126,,,,,,,,,,,,,,,,,[]
2022,6,,,,45,63,,193,89,111,,137,,,,,,,,,,,,,,,,,[]
2022,7,,,,76,53,,187,108,103,,146,,,,,,,,,,,,,,,,,[]
2022,8,,,,120,84,,239,101,113,,160,,,,,,,,,,,,,,,,,[]
2022,9,,,,114,131,,237,112,119,,173,,,,,,,,,,,,,,,,,[]
2022,10,,,,185,124,,282,151,115,,197,,,,,,,,,,,,,,,,,[]
2022,11,,,,194,209,,363,144,153,,240,,,,,,,,,,,,,,,,,[]
2022,12,,,,230,210,,368,163,147,,262,,,,,,,,,,,,,,,,,[]
2022,13,,,,288,253,,409,161,179,,235,,,,,,,,,,,,,,,,,[]
2022,14,,,,290,308,,402,168,169,,248,,,,,,,,,,,,,,,,,[]
2022,15,,,,240,,,380,156,156,,243,,,,,,,,,,,,,,,,,[]
2022,16,,,,345,358,,267,178,158,,190,,,,,,,,,,,,,,,,,[]
2022,17,,,,376,361,,251,214,184,,191,,,,,,,,,,,,,,,,,[]
2022,18,,,,402,386,,96,172,232,,134,,,,,,,,,,,,,,,,,[]
2022,19,,,,403,418,,35,128,175,,92,,,,,,,,,,,,,,,,,[]
2022,20,,,,415,450,,41,158,146,,92,,,,,,,,,,,,,,,,,[]
2022,21,,,,413,498,,55,165,174,,107,,,,,,,,,,,,,,,,,[]
2022,22,,,,372,441,,72,176,181,,77,,,,,,,,,,,,,,,,,[]
2022,23,,,,400,408,,97,187,200,,45,,,,,,,,,,,,,,,,,[]
2022,24,,,,366,436,,90,207,192,,62,,,,,21,5,,,,,,,,,,,[]
2022,25,,,,436,390,,100,223,225,,77,,,,,31,23,,,,,,,,,,,[]
2022,26,,,,387,494,,108,227,239,,78,,,,,24,41,,,,,,,,,,,[]
2022,27,,,,387,,,102,276,230,,78,,,,,58,25,,19,,,,,,,,,[]
2022,28,,,,411,423,,119,270,287,,92,,,,,64,59,,,,,,,,,,,[]
2022,29,,,,376,433,,117,284,274,,137,,,,,109,64,,,,,,,,,,,[]
2022,30,,,,376,,,108,284,,,119,,,,,147,111,,19,,,,,,,,,[]
2022,31,,,,296,377,,104,267,298,,157,,,,,168,151,,21,,,,,,,,,[]
2022,32,,,,325,315,,86,298,278,,166,,,,,295,151,,10,,,,,,,,,[]
2022,33,,,,306,331,,105,282,305,,213,,,,,567,297,,15,,,,,,,,,[]
2022,34,,,,267,,,70,219,301,,240,,,,,815,592,,14,,,,,,,,,[]
2022,35,,,,256,281,,104,229,252,,261,,,,,1371,884,,18,,,,,,,,,[]
2022,36,,,,257,264,,102,246,234,,332,,,,,2082,1434,,29,,,,,,,,,[]
2022,37,,,,251,265,,119,216,247,,324,,,,,2929,2142,,23,,,,,,,,,[]
2022,38,,,,222,261,,129,205,250,,427,,,,,2639,2965,,28,,,,,,,,,[]
2022,39,,,,115,222,,116,208,205,,373,,,,,1769,2643,,28,,,,,,,,,[]
2022,40,,,,164,160,,166,143,252,,331,,,,,1882,2302,,20,,,,,,,,,[]
2022,41,,,,204,171,,124,221,144,,264,,,,,2140,2008,,30,,,,,,,,,[]
2022,42,,,,117,208,,119,213,239,,269,,,,,1585,2165,,30,,,,,,,,,[]
2022,43,,,,136,136,,120,163,223,,226,,,,,,,,,,,,,,,,,[]
2022,44,,,,150,137,,76,225,170,,206,,,,,996,1075,,27,,,,,,,,,[]
2022,45,,,,144,154,,92,281,227,,139,,,,,768,1018,,21,,,,,,,,,[]
2022,46,,,,137,144,,100,242,286,,162,,,,,464,775,,16,,,,,,,,,[]
2022,47,,,,124,145,,98,267,260,,154,,,,,287,506,,,,,,,,,,,[]
2022,48,,,,140,135,,112,299,273,,149,,,,,204,296,,,,,,,,,,,[]
2022,49,,,,255,141,,104,282,299,,152,,,,,162,215,,,,,,,,,,,[]
2022,50,,,,182,270,,105,295,285,,167,,,,,86,112,,,,,,,,,,,[]
2022,51,,,,186,192,,112,311,302,,180,,,,,80,87,,,,,,,,,,,[]
2022,52,,,,198,192,,154,359,329,,180,,,,,71,83,,,,,,,,,,,[]
2023,1,,,,192,203,,139,388,366,,195,,,,,48,72,,,,,,,,,,,[]
2023,2,,,,161,197,,101,339,395,,208,,,,,24,48,,,,,,,,,,,[]
2023,3,,,,184,178,,118,339,,,196,,,,,21,27,,,,,,,,,,,[]
2023,4,,,,202,192,,83,344,353,,166,,,,,24,21,,,,,,,,,,,[]
2023,5,,,,258,202,,74,338,348,,123,,,,,21,24,,,,,,,,,,,[]
2023,6,,,,235,262,,65,338,343,,111,,,,,16,21,,,,,,,,,,,[]
2023,7,,,,236,241,,94,387,342,,127,,,,,33,18,,,,,,,,,,,[]
2023,8,,,,289,249,,138,399,416,,,,,,,37,34,,,,,,,,,,,[]
2023,9,,,,320,249,,145,396,416,,,,,,,39,34,,,,,,,,,,,[]
2023,10,,,,307,331,,218,316,413,,,,,,,61,43,,,,,,,,,,,[]
2023,11,,,,369,320,,234,335,325,,,,,,,44,61,,,,,,,,,,,[]
2023,12,,,,357,389,,281,345,365,,191,,,,,31,44,,,,,,,,,,,[]
2023,13,,,,421,364,,332,336,348,,192,,,,,51,31,,,,,,,,,,,[]
2023,14,,,,406,431,,356,342,338,,190,,,,,29,53,,,,,,,,,,,[]
2023,15,,,,435,424,,393,315,357,,169,,,,,20,30,,,,,,,,,,,[]
2023,16,,,,500,469,,432,279,323,,215,,,,,31,32,,,,,,,,,,,[]
2023,17,,,,543,541,,456,231,287,,234,,,,,35,36,,,,,,,,,,,[]
2023,18,,,,408,556,,458,207,242,,179,,,,,21,40,,,,,,,,,,,[]
2023,19,,,,500,421,,496,244,212,,174,,,,,31,21,,,,,,,,,,,[]
2023,20,,,,579,525,,539,269,253,,189,,,,,33,31,,,,,,,,,,,[]
2023,21,,,,472,525,,482,223,253,,187,,,,,23,,,,,,,,,,,,[]
2023,22,,,,534,584,,438,191,270,,204,,,,,18,34,,,,,,,,,,,[]
2023,23,,,,592,548,,483,227,,,204,,,,,36,35,,,,,,,,,,,[]
2023,24,,,,511,601,,440,219,284,,235,,,,,61,38,,24,,,,,,,,,[]
2023,25,,,,446,513,,513,193,247,,247,,,,,125,41,,41,,,,,,,,,[]
2023,26,,,,461,463,,460,167,200,,236,,,,,122,128,,26,,,,,,,,,[]
2023,27,,,,414,486,,433,197,172,,289,,,,,202,137,,59,,,,,,,,,[]
2023,28,,,,457,442,,438,219,203,,,,,,,275,205,,63,,,,,,,,,[]
2023,29,,,,430,465,,420,240,224,,,,,,,340,288,,115,,,,,,,,,[]
2023,30,,,,473,453,,388,234,244,,,,,,,673,345,,164,,,,,,,,,[]
2023,31,,,,438,484,,328,247,242,,,,,,,876,700,,180,,,,,,,,,[]
2023,32,,,,360,463,,322,266,255,,,,,,,1114,1324,,652,,,,,,,,,[]
2023,34,,,,347,377,,289,276,286,,,,,,,1386,1208,,969,,,,,,,,,[]
2023,35,,,,421,351,,277,352,281,,,,,,,1304,1416,,1455,,,,,,,,,[]
2023,36,,,,364,429,,271,354,358,,,,,,,1156,1416,,2170,,,,,,,,,[]
2023,37,,,,295,369,,267,345,369,,,,,,,1418,1159,,3051,,,,,,,,,[]
2023,38,,,,322,248,,248,353,224,,,,,,,1365,2857,,2857,,,,,,,,,[]
2023,39,,,,295,326,,175,443,359,,,,,,,1619,1437,,2470,,,,,,,,,[]
2023,40,,,,260,309,,189,433,451,,,,,,,1755,1652,,2132,,,,,,,,,[]
2023,41,,,,211,276,,221,418,447,,,,,,,1580,1804,,2257,,,,,,,,,[]
2023,42,,,,170,213,,151,307,419,,,,,,,1251,1653,,1885,,,,,,,,,[]
2023,43,,,,198,214,,156,276,401,,,,,,,973,1495,,1109,,,,,,,,,[]
2023,44,,,,134,199,,161,268,330,,,,,,,634,951,,800,,,,,,,,,[]
2023,45,,,,134,199,,161,268,330,,,,,,,634,951,,800,,,,,,,,,[]
2023,46,,,,138,149,,164,196,305,,,,,,,350,715,,514,,,,,,,,,[]
2023,47,,,,194,149,,151,264,212,,,,,,,354,380,,310,,,,,,,,,[]
2023,49,,,,174,,,275,263,,,,,,,,159,,,116,,,,,,,,,[]
2023,50,,,,193,,,199,269,,,,,,,,136,,,90,,,,,,,,,[]
2023,51,,,,201,196,,196,267,273,,,,,,,,,,,,,,,,,,,[]
2023,52,,,,206,201,,210,311,270,,,,,,,51,109,,72,,,,,,,,,[]
2024,1,,,,211,225,,208,351,320,,,,,,,31,,,26,,,,,,,,,[]
2024,2,,,,203,255,,183,325,354,,,,,,,57,49,,27,,,,,,,,,[]
2024,3,,,,191,208,,205,346,335,,,,,,,,,,,,,,,,,,,[]
2024,4,,,,123,,,83,237,,,166,,,,,39,,,,,,,,,,,,[]
2024,5,,,,214,213,,271,381,384,,356,,,,,41,41,,24,,,,,,,,,[]
2024,6,,,,209,215,,249,384,392,,357,,,,,47,42,,18,,,,,,,,,[]
2024,7,,,,223,213,,256,393,389,,420,,,,,36,47,,34,,,,,,,,,[]
2024,8,,,,282,,,301,415,,,406,,,,,38,38,,36,,,,,,,,,[]
2024,9,,,,309,296,,341,414,422,,420,,,,,43,39,,44,,,,,,,,,[]
2024,16,,,,588,534,54,556,327,382,-55,290,2,0,2,0,33,46,-13,47,8,5,3,4,,,,,"[[""Kathmandu"", 44], [""Parsa"", 43], [""Kailali"", 35], [""Lalitpur"", 25], [""Kapilvastu"", 24]]"
2024,18,94.1,111,118,651,865,-214,432,334,378,-44,216,2,0,2,0,53,50,3,33,10,4,6,2,,,,,"[[""PARSA"", 51], [""KAPILBASTU"", 46], [""KATHMANDU"", 45], [""KAILALI"", 35], [""RUPANDEHI"", 33]]"
2024,19,96.6,114,118,696,678,18,571,364,361,3,258,1,2,-1,0,54,56,-2,38,8,9,-1,6,,,,,"[[""KAILALI"", 61], [""PARSA"", 55], [""KATHMANDU"", 47], [""KAPILBASTU"", 38], [""RUPANDEHI"", 35]]"
2024,20,94.9,112,118,762,708,54,622,347,369,-22,275,1,1,0,0,53,55,-2,42,10,8,2,5,,,,,"[[""KATHMANDU"", 61], [""RUPANDEHI"", 42], [""PARSA"", 40], [""KAPILBASTU"", 38], [""KAILALI"", 32]]"
2024,21,92.4,109,118,690,768,-78,525,314,351,-37,242,2,1,1,1,57,54,3,50,7,10,-3,4,,,,,"[[""KATHMANDU"", 69], [""PARSA"", 50], [""KAPILBASTU"", 38], [""RUPANDEHI"", 36], [""LALITPUR"", 26]]"
2024,22,93.2,110,118,658,699,-41,559,320,321,-1,205,3,2,1,0,64,58,6,59,9,7,2,3,,,,,"[[""KATHMANDU"", 74], [""PARSA"", 50], [""KAPILBASTU"", 34], [""KAILALI"", 32], [""LALITPUR"", 25]]"
2024,23,94.9,112,118,731,703,28,622,320,339,-19,285,3,3,0,0,51,66,-15,100,7,9,-2,2,,,,,"[[""KATHMANDU"", 78], [""PARSA"", 48], [""MAHOTTARI"", 48], [""LALITPUR"", 34], [""PALPA"", 33]]"
2024,24,90.7,107,118,697,756,-59,553,295,331,-36,231,0,3,-3,0,92,51,41,180,6,7,-1,6,,,,,"[[""KATHMANDU"", 95], [""PARSA"", 49], [""LALITPUR"", 37], [""KAPILBASTU"", 25], [""CHITAWAN"", 25]]"
2024,25,92.4,109,118,677,727,-50,489,252,298,-46,208,0,0,0,0,65,93,-28,337,5,6,-1,2,,,,,"[[""KATHMANDU"", 81], [""PARSA"", 40], [""LALITPUR"", 37], [""KAILALI"", 25], [""KASKI"", 25]]"
2024,26,95.8,113,118,624,690,-66,501,281,257,24,173,1,0,1,0,93,65,28,228,6,5,1,3,,,,,"[[""KATHMANDU"", 69], [""LALITPUR"", 41], [""PARSA"", 34], [""BHAKTAPUR"", 25], [""KAILALI"", 22]]"
2024,27,94.1,111,118,554,638,-84,457,215,313,-98,206,1,1,0,0,97,93,4,443,2,6,-4,5,,,,,"[[""KATHMANDU"", 69], [""LALITPUR"", 34], [""PARSA"", 34], [""PALPA"", 23], [""BHAKTAPUR"", 23]]"
2024,28,94.1,111,118,559,580,-21,467,275,225,50,225,2,1,1,2,98,106,-8,741,4,2,2,5,,,,,"[[""KATHMANDU"", 68], [""PARSA"", 32], [""KAILALI"", 29], [""PALPA"", 22], [""LALITPUR"", 22]]"
2024,29,95.8,113,118,603,569,34,457,266,278,-12,245,4,2,2,0,131,110,21,916,8,4,4,3,,,,,"[[""KATHMANDU"", 72], [""KAILALI"", 36], [""LALITPUR"", 36], [""MAKWANPUR"", 30], [""PARSA"", 30]]"
2024,30,96.6,114,118,626,619,7,491,286,274,12,242,13,4,9,0,221,134,87,1272,7,8,-1,5,,,,,"[[""KATHMANDU"", 63], [""PARSA"", 30], [""LALITPUR"", 28], [""KAILALI"", 26], [""BHAKTAPUR"", 23]]"
2024,31,95.8,113,118,667,628,39,458,307,290,17,255,31,13,18,0,329,223,106,1136,1,8,-7,5,,,,,"[[""KATHMANDU"", 100], [""LALITPUR"", 37], [""BAJURA"", 34], [""KAILALI"", 30], [""PARSA"", 25]]"
2024,32,97.4,114,117,622,674,-52,472,303,313,-10,271,26,34,-8,1,450,335,115,1345,6,1,5,3,,,,,"[[""KATHMANDU"", 87], [""LALITPUR"", 45], [""BHAKTAPUR"", 38], [""PARSA"", 26], [""DANG"", 25]]"
2024,33,98.3,115,117,551,628,-77,388,280,309,-29,289,21,27,-6,1,721,458,263,1290,6,6,0,3,,,,,"[[""KATHMANDU"", 64], [""LALITPUR"", 38], [""BHAKTAPUR"", 26], [""PARSA"", 25], [""RUPANDEHI"", 23]]"
2024,34,96.6,113,117,457,554,-97,361,240,286,-46,286,43,21,22,1,844,737,107,1555,6,6,0,4,,,,,"[[""KATHMANDU"", 45], [""BANKE"", 24], [""DANG"", 22], [""RUPANDEHI"", 19], [""PARSA"", 19]]"
2024,35,99.1,116,117,547,486,61,445,337,246,91,369,17,49,-32,4,1056,845,211,1461,12,6,6,6,,,,,"[[""KATHMANDU"", 54], [""LALITPUR"", 37], [""PARSA"", 36], [""DARCHULA"", 32], [""KAILALI"", 24]]"
2024,36,99.1,116,117,463,588,-125,389,363,342,21,379,12,20,-8,3,1498,1063,435,1165,12,13,-1,3,,,,,"[[""KATHMANDU"", 51], [""BANKE"", 47], [""LALITPUR"", 33], [""BAJURA"", 17], [""KAPILBASTU"", 17]]"
2024,37,95.7,112,117,536,469,67,323,373,373,0,396,30,12,18,2,1983,1508,475,1470,9,12,-3,6,,,,,"[[""BANKE"", 59], [""KATHMANDU"", 58], [""JHAPA"", 39], [""KAILALI"", 24], [""LALITPUR"", 24]]"
2024,38,94.9,111,117,399,537,-138,347,358,383,-25,368,11,30,-19,0,2323,2010,313,1528,6,9,-3,2,,,,,"[[""KATHMANDU"", 44], [""BANKE"", 39], [""KAILALI"", 31], [""PARSA"", 23], [""CHITAWAN"", 17]]"
2024,39,94.0,110,117,374,403,-29,333,350,364,-14,473,11,11,0,1,2197,2332,-135,1693,10,6,4,2,,,,,"[[""KATHMANDU"", 36], [""BANKE"", 23], [""LALITPUR"", 21], [""PARSA"", 21], [""KAILALI"", 19]]"
2024,40,94.0,110,117,352,377,-25,286,322,354,-32,463,6,11,-5,1,2332,2201,131,1860,5,10,-5,4,,,,,"[[""KATHMANDU"", 32], [""PARSA"", 30], [""RUKUM WEST"", 26], [""MAKWANPUR"", 19], [""MYAGDI"", 17]]"
2024,41,94.0,110,117,270,368,-98,228,384,339,45,438,6,8,-2,1,2279,2576,-297,1692,4,7,-3,4,,,,,"[[""KATHMANDU"", 21], [""SUNSARI"", 20], [""GULMI"", 16], [""PARSA"", 15], [""MAKWANPUR"", 14]]"
2024,42,97.4,114,117,350,276,74,223,395,384,11,430,5,6,-1,0,2602,2299,303,1593,9,4,5,4,,,,,"[[""KATHMANDU"", 29], [""PARSA"", 22], [""BARA"", 19], [""KAILALI"", 16], [""DAILEKH"", 13]]"
2024,43,95.7,112,117,286,350,-64,218,428,395,33,310,10,5,5,1,2265,2605,-340,1026,6,9,-3,1,,,,,"[[""KATHMANDU"", 17], [""KAILALI"", 15], [""PALPA"", 12], [""BHAKTAPUR"", 12], [""BAJURA"", 11]]"
2024,44,94.0,110,117,316,287,29,207,397,444,-47,338,11,10,1,0,1555,2282,-727,992,3,6,-3,3,,,,,"[[""ARGHAKHANCHI"", 56], [""PALPA"", 34], [""PARSA"", 23], [""SUNSARI"", 13], [""KAILALI"", 12]]"
2024,45,93.2,109,117,290,322,-32,160,316,407,-91,328,4,11,-7,0,1734,1578,156,756,12,3,9,4,,,,,"[[""KAILALI"", 28], [""PARSA"", 21], [""PALPA"", 19], [""RUPANDEHI"", 18], [""KATHMANDU"", 16]]"
2024,46,94.9,111,117,255,291,-36,170,430,316,114,224,7,4,3,0,1442,1734,-292,421,7,12,-5,6,,,,,"[[""KAILALI"", 22], [""KATHMANDU"", 22], [""PALPA"", 15], [""RUKUM WEST"", 13], [""MAHOTTARI"", 13]]"
2024,47,93.2,109,117,277,263,14,221,445,456,-11,292,5,7,-2,1,874,1486,-612,399,9,8,1,2,,,,,"[[""PARSA"", 29], [""SUNSARI"", 14], [""KAILALI"", 13], [""PALPA"", 13], [""KATHMANDU"", 13]]"
2024,48,97.0,130,134,295,286,9,203,474,458,10,235,18,8,10,0,524,912,-388,300,3,9,-6,2,,,,,"[[""KATHMANDU"", 23], [""PARSA"", 20], [""PALPA"", 18], [""RUPANDEHI"", 17], [""ARGHAKHANCHI"", 14]]"
2024,49,94.0,126,134,273,297,-24,190,520,482,38,299,7,18,-11,0,245,534,-289,188,3,3,0,1,0,6,-6,0,"[[""RUPANDEHI"", 19], [""PARSA"", 18], [""PALPA"", 15], [""KATHMANDU"", 14], [""KAILALI"", 13]]"
2024,50,93.3,125,134,271,292,-21,203,605,560,45,284,9,7,2,0,149,248,-99,150,4,3,1,5,2,0,2,0,"[[""PALPA"", 42], [""PARSA"", 19], [""KATHMANDU"", 15], [""KAILALI"", 13], [""ARGHAKHANCHI"", 11]]"
2024,51,94.8,127,134,238,281,-43,214,599,612,-13,291,16,9,7,0,103,152,-49,115,4,5,-1,2,2,2,0,0,"[[""PALPA"", 18], [""KATHMANDU"", 17], [""RUPANDEHI"", 13], [""PARSA"", 13], [""LALITPUR"", 10]]"
2024,52,95.5,128,134,316,254,62,234,635,632,3,328,11,16,-5,0,111,103,8,59,1,5,-4,2,2,2,0,0,"[[""KATHMANDU"", 27], [""PALPA"", 23], [""RUPANDEHI"", 17], [""GULMI"", 12], [""BHAKTAPUR"", 12]]"
2025,8,96.3,129,134,366,338,28,322,758,745,13,442,4,8,-4,1,60,68,-8,41,9,3,6,5,1,2,-1,0,"[[""KATHMANDU"", 36], [""PARSA"", 30], [""KAILALI"", 12], [""KASKI"", 12], [""OKHALDHUNGA"", 11]]"
2025,10,97.0,130,134,354,407,-53,362,727,827,-100,394,3,5,-2,0,69,66,3,31,5,3,2,8,1,0,1,0,"[[""PARSA"", 34], [""KATHMANDU"", 31], [""BHAKTAPUR"", 22], [""RAUTAHAT"", 13], [""BARA"", 12]]"
2025,11,97.8,131,134,394,372,22,399,702,728,-26,473,1,0,1,0,30,43,-13,51,2,4,-2,3,0,1,-1,0,"[[""PARSA"", 37], [""KATHMANDU"", 28], [""TANAHU"", 16], [""LALITPUR"", 16], [""BARA"", 14]]"
2025,12,98.5,132,134,467,394,73,432,710,702,8,428,0,1,-1,0,22,30,-8,39,6,2,4,3,2,0,2,2,"[[""KATHMANDU"", 46], [""PARSA"", 41], [""KAILALI"", 27], [""BHAKTAPUR"", 19], [""SAPTARI"", 19]]"
2025,13,98.5,132,134,446,467,-21,467,712,710,2,402,0,0,0,0,37,22,15,32,8,6,2,5,3,2,1,0,"[[""KATHMANDU"", 40], [""PARSA"", 39], [""KAILALI"", 34], [""RUPANDEHI"", 16], [""SANKHUWASABHA"", 14]]"
2025,14,98.5,132,134,472,446,26,519,588,712,-124,442,0,0,0,1,40,37,3,57,5,8,-3,4,3,3,0,0,"[[""PARSA"", 44], [""KATHMANDU"", 42], [""KAILALI"", 33], [""RUKUM WEST"", 16], [""BARA"", 16]]"
2025,15,95.5,128,134,559,472,87,554,547,588,-41,391,1,0,1,0,33,40,-7,44,1,5,-4,4,4,3,1,4,"[[""KAILALI"", 39], [""PARSA"", 37], [""KATHMANDU"", 33], [""RUPANDEHI"", 32], [""CHITAWAN"", 22]]"
2025,16,96.3,129,134,570,559,11,649,400,547,-147,362,0,1,-1,2,29,33,-4,32,4,1,3,5,1,4,-3,0,"[[""PARSA"", 50], [""KATHMANDU"", 41], [""KAILALI"", 29], [""RUPANDEHI"", 23], [""DHADING"", 20]]"
2025,17,98.5,132,134,677,574,103,885,430,403,27,398,1,0,1,0,35,29,6,55,1,4,-3,2,10,1,9,1,"[[""KATHMANDU"", 52], [""KAILALI"", 44], [""PARSA"", 39], [""RUPANDEHI"", 31], [""BHAKTAPUR"", 28]]"
2025,18,98.5,132,134,646,687,-41,694,364,442,-78,383,0,1,-1,1,31,35,-4,51,6,1,5,5,4,10,-6,0,"[[""KAILALI"", 77], [""KATHMANDU"", 42], [""PARSA"", 39], [""RUPANDEHI"", 26], [""BHAKTAPUR"", 22]]"
2025,19,100.0,134,134,639,652,-13,721,348,368,-20,378,0,0,0,0,33,34,-1,54,4,6,-2,5,3,4,-1,0,"[[""KATHMANDU"", 53], [""PARSA"", 46], [""KAILALI"", 31], [""RUPANDEHI"", 28], [""RUKUM WEST"", 23]]"
2025,20,100.0,134,134,819,654,165,779,360,361,-1,368,0,0,0,0,45,34,11,49,8,4,4,4,6,3,3,0,"[[""KATHMANDU"", 67], [""KAILALI"", 44], [""PARSA"", 44], [""RUPANDEHI"", 37], [""BHAKTAPUR"", 26]]"
2025,21,99.3,133,134,699,840,-141,715,374,386,-12,335,0,0,0,0,45,45,0,56,5,8,-3,4,2,6,-4,1,"[[""KATHMANDU"", 82], [""KAILALI"", 43], [""PARSA"", 38], [""RUPANDEHI"", 29], [""LALITPUR"", 23]]"
2025,22,98.5,132,134,692,704,-12,712,368,379,-11,354,0,0,0,0,44,45,-1,62,4,5,-1,5,3,2,1,0,"[[""KATHMANDU"", 95], [""PARSA"", 44], [""KAILALI"", 40], [""RUPANDEHI"", 36], [""BHAKTAPUR"", 30]]"
2025,23,97.0,130,134,780,724,56,773,313,381,-68,339,1,0,1,0,53,47,6,49,4,5,-1,4,3,3,0,0,"[[""KATHMANDU"", 108], [""BHAKTAPUR"", 49], [""LALITPUR"", 45], [""PARSA"", 43], [""KAILALI"", 35]]"
2025,24,97.8,131,134,829,800,29,743,384,336,48,317,0,1,-1,0,65,54,11,89,1,4,-3,4,4,3,1,1,"[[""KATHMANDU"", 107], [""LALITPUR"", 60], [""BHAKTAPUR"", 55], [""PARSA"", 49], [""KAVREPALANCHOK"", 37]]"
2025,25,97.0,130,134,760,830,-70,713,375,384,-9,269,1,0,1,0,81,67,14,65,3,1,2,7,3,4,-1,0,"[[""KATHMANDU"", 126], [""PARSA"", 37], [""LALITPUR"", 35], [""KAILALI"", 32], [""KAVREPALANCHOK"", 32]]"
2025,26,97.0,130,134,654,760,-106,651,301,376,-75,319,0,1,-1,1,72,81,-9,92,5,3,2,5,5,3,2,2,"[[""KATHMANDU"", 78], [""PARSA"", 40], [""LALITPUR"", 34], [""BHAKTAPUR"", 29], [""ARGHAKHANCHI"", 21]]"
2025,27,95.5,128,134,598,672,-74,608,293,326,-33,248,0,0,0,0,62,82,-20,100,3,7,-4,2,5,5,0,1,"[[""KATHMANDU"", 87], [""PARSA"", 36], [""BHAKTAPUR"", 29], [""KAILALI"", 28], [""LALITPUR"", 24]]"
2025,28,98.5,132,134,544,604,-60,581,353,299,54,293,0,0,0,1,85,62,23,103,6,3,3,4,13,5,8,1,"[[""KATHMANDU"", 64], [""PARSA"", 39], [""LALITPUR"", 38], [""BHAKTAPUR"", 27], [""KAILALI"", 22]]"
2025,29,99.3,133,134,580,548,32,634,288,353,-65,280,0,0,0,2,108,85,23,123,3,6,-3,7,9,13,-4,2,"[[""KATHMANDU"", 57], [""KAILALI"", 38], [""LALITPUR"", 31], [""BHAKTAPUR"", 30], [""PARSA"", 23]]"
2025,30,94.0,126,134,599,581,18,650,325,295,30,298,0,0,0,11,136,111,25,209,6,3,3,8,6,9,-3,0,"[[""KATHMANDU"", 80], [""PARSA"", 50], [""BHAKTAPUR"", 32], [""KAILALI"", 25], [""RUPANDEHI"", 23]]"
2025,31,97.8,131,134,554,601,-47,693,272,329,-57,322,0,0,0,17,138,136,2,319,4,6,-2,1,7,6,1,0,"[[""KATHMANDU"", 48], [""KAILALI"", 30], [""MAKWANPUR"", 28], [""PARSA"", 27], [""LALITPUR"", 23]]"
2025,32,98.5,132,134,513,555,-42,642,266,272,-6,317,0,0,0,18,156,138,18,420,5,4,1,6,10,7,3,2,"[[""KATHMANDU"", 45], [""KAILALI"", 34], [""ARGHAKHANCHI"", 30], [""PARSA"", 24], [""BHAKTAPUR"", 22]]"
2025,33,99.3,133,134,537,521,16,590,310,266,44,295,0,0,0,5,208,160,48,636,4,5,-1,5,11,10,1,2,"[[""KATHMANDU"", 55], [""PARSA"", 40], [""MAKWANPUR"", 21], [""KAILALI"", 18], [""BHAKTAPUR"", 15]]"
2025,34,97.0,130,134,500,541,-41,505,338,326,12,261,5,0,5,12,230,210,20,745,3,4,-1,2,9,11,-2,2,"[[""KATHMANDU"", 48], [""MAKWANPUR"", 32], [""PARSA"", 28], [""KAILALI"", 23], [""BHAKTAPUR"", 20]]"
2025,35,97.8,131,134,711,503,208,610,405,344,61,347,16,5,11,4,269,231,38,979,0,3,-3,5,4,9,-5,4,"[[""PARSA"", 153], [""KATHMANDU"", 77], [""BARA"", 30], [""MAKWANPUR"", 25], [""LALITPUR"", 24]]"
2025,36,94.8,127,134,567,716,-149,487,445,405,40,384,4,16,-12,2,263,269,-6,1418,4,0,4,6,3,4,-1,9,"[[""PARSA"", 98], [""KATHMANDU"", 54], [""BARA"", 40], [""BHAKTAPUR"", 21], [""ARGHAKHANCHI"", 17]]"
2025,37,94.8,127,134,513,573,-60,560,474,474,0,396,1,4,-3,5,322,303,19,1851,3,4,-1,8,4,4,0,7,"[[""PARSA"", 101], [""KATHMANDU"", 41], [""BARA"", 19], [""RUPANDEHI"", 18], [""KASKI"", 16]]"
2025,38,96.3,129,134,371,517,-146,419,489,488,1,371,3,1,2,1,344,326,18,2239,1,3,-2,2,5,4,1,4,"[[""KATHMANDU"", 24], [""BHAKTAPUR"", 21], [""KAILALI"", 20], [""MAKWANPUR"", 18], [""TANAHU"", 14]]"
2025,39,89.6,120,134,358,383,-25,396,395,492,-97,361,0,3,-3,1,274,348,-74,2014,6,1,5,2,6,6,0,9,"[[""KATHMANDU"", 52], [""PARSA"", 37], [""KAILALI"", 23], [""BARA"", 19], [""BHAKTAPUR"", 14]]"
2025,40,92.5,124,134,325,389,-64,395,421,452,-31,352,0,0,0,0,236,306,-70,2384,2,7,-5,3,4,8,-4,12,"[[""KATHMANDU"", 25], [""BHAKTAPUR"", 22], [""PARSA"", 17], [""BARA"", 14], [""SIRAHA"", 14]]"
2025,41,94.8,127,134,395,348,47,303,504,426,78,392,1,0,1,0,478,242,236,2006,2,2,0,0,13,4,9,10,"[[""PARSA"", 38], [""KATHMANDU"", 33], [""BHAKTAPUR"", 26], [""BARA"", 18], [""KAILALI"", 15]]"
2025,42,91.8,123,134,316,399,-83,379,490,508,-18,415,0,1,-1,0,334,485,-151,2476,1,2,-1,2,4,13,-9,10,"[[""KATHMANDU"", 37], [""PARSA"", 28], [""MAKWANPUR"", 12], [""LALITPUR"", 11], [""BARA"", 11]]"
2025,43,94.0,126,134,202,320,-118,307,360,520,-160,469,0,0,0,0,246,364,-118,2132,1,1,0,3,4,4,0,12,"[[""KATHMANDU"", 23], [""PARSA"", 20], [""KAILALI"", 12], [""BHAKTAPUR"", 11], [""RAUTAHAT"", 8]]"
2025,44,96.3,129,134,288,206,82,339,387,361,26,427,0,0,0,0,398,252,146,1532,9,1,8,1,3,7,-4,5,"[[""PARSA"", 26], [""KAILALI"", 18], [""BARA"", 18], [""KATHMANDU"", 17], [""SALYAN"", 9]]"
2025,45,97.0,130,134,234,291,-57,320,487,401,86,335,0,0,0,0,204,413,-209,1638,8,9,-1,2,6,3,3,2,"[[""PARSA"", 24], [""KATHMANDU"", 17], [""BARA"", 13], [""KAILALI"", 12], [""SINDHULI"", 12]]"
2025,46,94.0,126,134,240,237,3,279,542,509,33,464,0,0,0,0,190,205,-15,1393,1,8,-7,1,7,6,1,4,"[[""PARSA"", 23], [""KATHMANDU"", 17], [""KAPILBASTU"", 13], [""KAVREPALANCHOK"", 9], [""BHAKTAPUR"", 9]]"
2025,48,94.8,127,134,235,258,-23,316,464,502,-38,489,0,0,0,0,87,134,-47,485,4,6,-2,2,0,3,-3,4,"[[""PARSA"", 23], [""KATHMANDU"", 22], [""KAVREPALANCHOK"", 14], [""KAILALI"", 12], [""SANKHUWASABHA"", 9]]"
2025,49,95.5,128,134,247,238,9,318,476,499,-23,562,0,0,0,0,129,104,25,226,5,4,1,2,3,0,3,1,"[[""KATHMANDU"", 22], [""PARSA"", 16], [""SANKHUWASABHA"", 15], [""KAILALI"", 14], [""CHITAWAN"", 10]]"
2025,50,96.3,129,134,272,249,23,308,455,480,-25,613,0,0,0,0,57,129,-72,135,3,5,-2,1,3,3,0,1,"[[""PARSA"", 29], [""KATHMANDU"", 17], [""KAILALI"", 16], [""LALITPUR"", 14], [""BARA"", 13]]"
2025,51,95.5,128,134,287,284,3,264,447,478,-31,639,,,,,,,,,,,,,,,,,"[[""PARSA"", 20], [""KATHMANDU"", 18], [""KAVREPALANCHOK"", 17], [""KAILALI"", 13], [""LALITPUR"", 13]]"
