year,week,nasa_rain_sum,nasa_rain_mean,nasa_rain_max_daily,nasa_wet_days,temp_c_mean,temp_c_max,humidity_pct_mean
2020,52,0.0,0.0,0.0,0,15.90857142857143,16.78,49.339999999999996
2021,1,0.0,0.0,0.0,0,11.27,13.52,50.74142857142857
2021,2,0.0,0.0,0.0,0,11.415714285714285,13.44,51.19285714285714
2021,3,0.0,0.0,0.0,0,10.667142857142858,11.45,37.67285714285715
2021,4,0.5900000000000001,0.0842857142857143,0.54,0,11.81,13.24,42.92857142857143
2021,5,0.08,0.011428571428571429,0.06,0,13.780000000000001,14.32,43.021428571428565
2021,6,2.01,0.2871428571428571,1.05,1,14.335714285714285,15.76,45.06142857142857
2021,7,0.11000000000000001,0.015714285714285715,0.07,0,16.95,18.19,37.37
2021,8,1.68,0.24,1.42,1,16.654285714285713,18.1,29.585714285714285
2021,9,2.79,0.3985714285714286,1.22,1,18.307142857142857,19.3,35.83571428571428
2021,10,0.24,0.03428571428571429,0.09,0,19.577142857142857,20.78,33.46142857142857
2021,11,0.0,0.0,0.0,0,20.45285714285714,21.47,28.965714285714284
2021,12,8.83,1.2614285714285713,4.36,3,20.562857142857144,22.48,25.98
2021,13,0.37,0.05285714285714286,0.2,0,22.337142857142858,23.2,20.181428571428572
2021,14,14.940000000000001,2.1342857142857143,11.07,3,23.177142857142858,24.4,28.564285714285713
2021,15,14.66,2.0942857142857143,8.83,3,22.544285714285714,23.96,35.137142857142855
2021,16,12.399999999999999,1.7714285714285711,6.88,3,23.428571428571427,24.52,37.25
2021,17,28.49,4.069999999999999,9.07,5,20.868571428571425,22.24,58.98142857142857
2021,18,28.35,4.05,17.84,4,21.60571428571429,24.48,54.10142857142857
2021,19,22.82,3.2600000000000002,15.84,3,23.88714285714286,25.32,55.83571428571429
2021,20,115.02,16.431428571428572,47.1,6,23.610000000000003,26.1,71.37571428571428
2021,21,9.76,1.3942857142857144,4.4,2,23.73428571428571,24.89,70.91714285714286
2021,22,63.290000000000006,9.041428571428572,13.46,7,23.261428571428574,25.02,79.93285714285715
2021,23,56.46,8.065714285714286,21.37,6,22.537142857142857,23.02,87.29714285714286
2021,24,57.71,8.244285714285715,21.15,7,22.75,23.29,89.83714285714287
2021,25,123.36999999999999,17.624285714285712,36.43,7,22.624285714285715,23.2,91.37571428571428
2021,26,75.93,10.847142857142858,21.46,7,22.67142857142857,22.98,92.03428571428572
2021,27,74.00999999999999,10.572857142857142,23.06,7,22.701428571428572,23.55,90.50857142857141
2021,28,79.13,11.304285714285713,23.74,7,23.352857142857143,24.29,89.20142857142856
2021,29,76.07,10.867142857142856,20.84,7,23.035714285714285,23.21,90.0442857142857
2021,30,97.74000000000001,13.962857142857144,31.94,7,23.045714285714286,24.16,88.27285714285713
2021,31,87.1,12.442857142857141,28.23,7,23.021428571428572,23.26,92.20142857142856
2021,32,55.19,7.884285714285714,11.34,7,22.132857142857144,22.99,92.47571428571429
2021,33,124.32000000000001,17.76,27.05,7,22.041428571428572,22.47,94.30999999999999
2021,34,48.6,6.942857142857143,12.32,7,21.951428571428572,22.94,91.50714285714285
2021,35,59.15,8.45,39.73,4,22.06,23.06,90.17857142857143
2021,36,18.66,2.665714285714286,4.38,6,21.765714285714285,23.06,89.1842857142857
2021,37,33.12,4.731428571428571,8.97,6,21.85571428571429,22.48,90.53
2021,38,36.980000000000004,5.282857142857144,10.13,7,21.154285714285713,22.28,89.02285714285713
2021,39,24.04,3.434285714285714,9.68,4,21.15285714285714,21.43,91.91428571428571
2021,40,18.8,2.685714285714286,14.93,2,22.228571428571428,23.07,86.59142857142857
2021,41,59.150000000000006,8.450000000000001,30.73,3,19.12,20.54,91.06285714285715
2021,42,0.35,0.049999999999999996,0.22,0,17.674285714285713,18.1,84.95142857142856
2021,43,0.0,0.0,0.0,0,15.854285714285714,16.5,80.23857142857142
2021,44,0.43999999999999995,0.06285714285714285,0.41,0,15.959999999999999,16.73,85.13857142857144
2021,45,0.36,0.05142857142857143,0.24,0,15.507142857142856,16.18,82.44142857142857
2021,46,0.0,0.0,0.0,0,13.352857142857143,14.59,86.23
2021,47,0.79,0.11285714285714286,0.41,0,15.138571428571428,15.85,82.7057142857143
2021,48,0.1,0.014285714285714287,0.07,0,13.290000000000001,15.21,71.79428571428572
2021,49,0.0,0.0,0.0,0,11.85,12.93,60.03857142857142
2021,50,0.32999999999999996,0.04714285714285714,0.12,0,10.344285714285714,10.85,75.36571428571428
2021,51,27.630000000000003,3.9471428571428575,18.55,3,9.93142857142857,10.72,77.40857142857143
2021,52,0.32,0.045714285714285714,0.19,0,11.888571428571428,13.45,72.69142857142857
2022,1,1.58,0.22571428571428573,0.79,0,10.549999999999999,12.24,75.42857142857143
2022,2,2.09,0.29857142857142854,1.72,1,9.974285714285713,11.23,73.86
2022,3,0.69,0.09857142857142856,0.33,0,8.541428571428572,10.14,76.60571428571428
2022,4,37.38,5.340000000000001,25.41,3,8.634285714285713,10.04,76.9057142857143
2022,5,0.06,0.008571428571428572,0.03,0,10.065714285714284,11.02,74.95285714285716
2022,6,1.46,0.20857142857142857,1.31,1,11.84142857142857,12.72,68.27142857142857
2022,7,0.66,0.09428571428571429,0.43,0,12.627142857142857,14.33,61.285714285714285
2022,8,0.12,0.017142857142857144,0.06,0,15.324285714285717,16.97,51.82
2022,9,0.0,0.0,0.0,0,18.738571428571426,18.93,45.199999999999996
2022,10,2.44,0.3485714285714286,1.4,1,21.78142857142857,23.16,49.31142857142857
2022,11,6.8,0.9714285714285714,4.4,1,20.974285714285713,21.96,43.28285714285714
2022,12,8.16,1.1657142857142857,3.72,3,21.05857142857143,22.4,49.021428571428565
2022,13,9.690000000000001,1.3842857142857146,5.03,3,22.602857142857143,23.27,41.26571428571429
2022,14,1.81,0.25857142857142856,0.85,0,23.277142857142856,23.99,35.61142857142857
2022,15,13.25,1.8928571428571428,6.78,3,23.111428571428572,24.33,43.74142857142857
2022,16,12.93,1.8471428571428572,8.5,3,24.475714285714286,25.17,36.174285714285716
2022,17,53.44,7.634285714285714,24.21,6,21.072857142857142,21.88,75.05142857142857
2022,18,25.28,3.6114285714285717,7.11,6,23.135714285714283,24.66,68.17
2022,19,31.049999999999997,4.435714285714285,9.7,6,24.264285714285712,24.58,53.55714285714286
2022,20,42.05,6.007142857142857,16.13,5,22.352857142857143,22.8,60.472857142857144
2022,21,22.16,3.165714285714286,5.36,6,24.75142857142857,25.3,56.534285714285716
2022,22,50.800000000000004,7.257142857142858,15.46,6,24.494285714285716,24.75,62.29714285714285
2022,23,90.58,12.94,22.47,7,23.942857142857143,24.98,75.74000000000001
2022,24,52.61,7.515714285714286,12.83,7,22.87857142857143,23.28,81.20571428571428
2022,25,63.29,9.041428571428572,18.9,7,22.341428571428573,23.02,89.05285714285715
2022,26,45.050000000000004,6.435714285714286,22.21,6,23.59142857142857,24.11,86.94714285714285
2022,27,9.02,1.2885714285714285,2.88,4,23.889999999999997,24.45,83.67142857142856
2022,28,83.85,11.978571428571428,19.06,7,23.014285714285712,23.53,86.9042857142857
2022,29,97.95,13.992857142857144,21.54,7,22.18,22.62,86.59285714285714
2022,30,63.51,9.072857142857142,22.83,7,22.58285714285714,23.33,90.33571428571429
2022,31,40.769999999999996,5.824285714285714,14.18,5,23.267142857142858,23.72,87.39285714285714
2022,32,36.42,5.202857142857143,18.02,4,22.882857142857144,23.51,87.30714285714285
2022,33,65.21000000000001,9.315714285714288,22.21,6,22.674285714285713,23.28,87.84714285714287
2022,34,47.65,6.807142857142857,18.7,7,22.095714285714283,22.36,92.22571428571428
2022,35,57.18,8.168571428571429,17.88,7,21.858571428571427,22.25,89.92428571428572
2022,36,35.03,5.0042857142857144,10.62,6,21.318571428571428,22.03,89.26571428571428
2022,37,29.52,4.217142857142857,13.19,4,22.115714285714287,22.6,88.96428571428571
2022,38,12.030000000000001,1.7185714285714286,6.54,4,21.354285714285712,22.4,86.36714285714287
2022,39,80.31,11.472857142857142,23.73,7,20.678571428571427,22.72,88.27
2022,40,7.89,1.127142857142857,3.4,3,19.232857142857142,20.23,80.31857142857143
2022,41,0.0,0.0,0.0,0,17.755714285714287,18.31,68.83
2022,42,0.01,0.0014285714285714286,0.01,0,17.1,18.59,80.0442857142857
2022,43,0.0,0.0,0.0,0,17.12,17.88,80.71000000000001
2022,44,0.0,0.0,0.0,0,15.498571428571427,16.39,79.20714285714287
2022,45,0.07,0.01,0.07,0,14.75,15.7,73.78857142857143
2022,46,0.0,0.0,0.0,0,15.03,16.49,70.99285714285715
2022,47,0.0,0.0,0.0,0,14.34,15.08,68.16142857142857
2022,48,0.0,0.0,0.0,0,13.541428571428572,14.1,67.00571428571429
2022,49,0.0,0.0,0.0,0,13.007142857142856,13.89,68.47
2022,50,0.01,0.0014285714285714286,0.01,0,12.584285714285715,13.3,66.25285714285714
2022,51,0.0,0.0,0.0,0,9.971428571428572,12.13,66.7957142857143
2022,52,0.0,0.0,0.0,0,10.807142857142859,12.66,46.527142857142856
2023,1,0.0,0.0,0.0,0,11.577142857142857,12.6,53.79714285714285
2023,2,0.0,0.0,0.0,0,10.778571428571428,13.05,56.25714285714286
2023,3,0.0,0.0,0.0,0,14.540000000000001,15.32,48.50857142857143
2023,4,0.0,0.0,0.0,0,13.947142857142856,15.81,47.04714285714285
2023,5,0.0,0.0,0.0,0,13.387142857142857,14.92,53.34571428571429
2023,6,0.0,0.0,0.0,0,14.194285714285714,16.11,41.94142857142857
2023,7,1.68,0.24,1.52,1,16.164285714285715,17.08,43.17857142857143
2023,8,1.44,0.2057142857142857,1.29,1,16.94,18.3,42.48714285714285
2023,9,0.7300000000000001,0.1042857142857143,0.55,0,17.71,19.04,40.825714285714284
2023,10,12.92,1.8457142857142856,6.53,3,17.305714285714284,18.74,54.76857142857143
2023,11,21.61,3.087142857142857,11.44,2,16.357142857142858,19.46,62.722857142857144
2023,12,12.73,1.8185714285714287,7.9,3,17.888571428571428,19.17,44.151428571428575
2023,13,3.21,0.4585714285714286,1.51,2,20.342857142857145,21.41,38.73571428571428
2023,14,0.0,0.0,0.0,0,23.231428571428573,25.06,29.900000000000002
2023,15,7.75,1.1071428571428572,3.28,3,23.99857142857143,25.74,35.31428571428571
2023,16,20.62,2.9457142857142857,7.79,4,20.43285714285714,21.56,49.93285714285714
2023,17,12.319999999999999,1.7599999999999998,11.28,1,20.284285714285716,23.33,56.75285714285714
2023,18,3.28,0.4685714285714285,3.17,1,23.754285714285714,24.68,34.46714285714286
2023,19,32.75,4.678571428571429,13.32,5,22.971428571428568,23.81,52.221428571428575
2023,20,29.02,4.145714285714286,11.68,6,22.805714285714288,24.5,58.114285714285714
2023,21,0.14,0.02,0.08,0,25.868571428571425,27.05,41.705714285714286
2023,22,5.26,0.7514285714285714,3.82,1,27.225714285714286,28.35,41.65428571428571
2023,23,86.36,12.337142857142856,23.53,6,26.237142857142857,27.76,61.392857142857146
2023,24,10.59,1.512857142857143,6.06,3,25.552857142857142,26.33,66.32857142857142
2023,25,51.29,7.327142857142857,17.57,6,23.84,25.47,79.87571428571428
2023,26,62.400000000000006,8.914285714285715,34.34,5,23.391428571428573,24.2,86.80714285714285
2023,27,87.84,12.54857142857143,25.14,7,23.557142857142857,24.22,88.72571428571429
2023,28,63.95,9.135714285714286,18.55,7,23.83857142857143,24.29,83.43285714285715
2023,29,97.4,13.914285714285715,32.43,7,22.795714285714286,23.18,88.54714285714286
2023,30,49.78,7.111428571428571,17.82,7,23.544285714285714,24.67,87.34
2023,31,149.04,21.291428571428572,44.27,7,22.804285714285715,23.17,93.28571428571429
2023,32,36.07,5.152857142857143,9.31,7,23.150000000000002,23.68,89.91714285714285
2023,33,132.38,18.91142857142857,34.84,7,22.412857142857142,22.95,93.10571428571428
2023,34,17.740000000000002,2.5342857142857147,6.69,5,22.494285714285716,23.42,91.27428571428571
2023,35,36.7,5.242857142857143,14.5,6,22.714285714285715,23.62,86.30571428571429
2023,36,50.42,7.202857142857143,17.84,5,22.68,22.88,89.03428571428572
2023,37,44.66,6.38,11.24,7,21.75142857142857,22.73,88.16571428571429
2023,38,17.72,2.531428571428571,5.34,5,21.935714285714283,23.13,88.87857142857142
2023,39,36.23,5.175714285714285,12.06,5,21.09714285714286,21.47,90.24571428571429
2023,40,3.5,0.5,1.38,1,19.877142857142854,20.88,80.97285714285714
2023,41,5.5600000000000005,0.7942857142857144,3.45,2,17.837142857142858,18.84,75.67999999999999
2023,42,0.0,0.0,0.0,0,17.652857142857144,18.23,72.78571428571429
2023,43,0.04,0.005714285714285714,0.04,0,17.50857142857143,18.46,74.38428571428572
2023,44,0.0,0.0,0.0,0,16.017142857142858,16.27,73.17428571428572
2023,45,0.0,0.0,0.0,0,16.927142857142858,17.72,74.78999999999999
2023,46,0.0,0.0,0.0,0,15.802857142857144,16.94,72.96428571428571
2023,47,0.0,0.0,0.0,0,15.728571428571428,16.05,67.23714285714286
2023,48,3.48,0.49714285714285716,2.52,1,13.981428571428571,15.83,67.07857142857144
2023,49,0.01,0.0014285714285714286,0.01,0,11.924285714285714,12.3,60.19714285714286
2023,50,0.0,0.0,0.0,0,12.975714285714286,13.87,62.80285714285714
2023,51,0.0,0.0,0.0,0,12.882857142857144,13.12,65.03714285714285
2023,52,0.0,0.0,0.0,0,11.597142857142858,12.02,57.93428571428571
2024,1,0.0,0.0,0.0,0,11.444285714285714,12.27,56.01142857142857
2024,2,0.0,0.0,0.0,0,9.672857142857142,11.29,57.01857142857143
2024,3,0.0,0.0,0.0,0,9.185714285714285,9.86,52.050000000000004
2024,4,0.2,0.028571428571428574,0.19,0,10.552857142857144,11.26,51.55285714285714
2024,5,0.01,0.0014285714285714286,0.01,0,11.467142857142857,13.6,43.25714285714286
2024,6,1.01,0.1442857142857143,0.55,0,13.797142857142857,14.59,44.75571428571429
2024,7,1.25,0.17857142857142858,0.95,0,13.355714285714285,15.57,42.972857142857144
2024,8,1.97,0.2814285714285714,1.95,1,15.447142857142856,16.4,43.05714285714286
2024,9,0.06,0.008571428571428572,0.06,0,15.842857142857143,16.32,37.65
2024,10,0.01,0.0014285714285714286,0.01,0,17.94857142857143,18.6,32.62428571428571
2024,11,39.730000000000004,5.675714285714286,32.52,3,16.424285714285713,18.62,53.95428571428572
2024,12,0.5800000000000001,0.08285714285714287,0.54,0,19.634285714285713,22.31,49.34142857142857
2024,13,0.0,0.0,0.0,0,22.28142857142857,23.2,31.88714285714286
2024,14,4.13,0.59,3.34,1,21.552857142857142,22.54,28.117142857142856
2024,15,1.83,0.26142857142857145,1.06,1,24.332857142857144,25.59,32.971428571428575
2024,16,0.0,0.0,0.0,0,24.87142857142857,25.89,26.521428571428572
2024,17,0.15,0.02142857142857143,0.15,0,24.611428571428572,26.64,21.374285714285715
2024,18,42.16,6.022857142857142,11.82,7,21.025714285714287,23.6,66.66714285714286
2024,19,13.54,1.9342857142857142,6.55,3,24.681428571428572,26.19,52.33714285714286
2024,20,26.22,3.7457142857142856,8.63,4,24.99285714285714,26.93,61.79857142857143
2024,21,16.4,2.3428571428571425,4.32,5,26.604285714285712,27.99,53.71714285714285
2024,22,25.66,3.665714285714286,11.3,5,25.461428571428574,27.6,52.089999999999996
2024,23,9.88,1.4114285714285715,5.53,4,27.364285714285717,27.88,50.970000000000006
2024,24,54.78,7.825714285714286,15.45,6,26.080000000000002,28.16,68.76571428571428
2024,25,290.12,41.44571428571429,114.32,7,23.810000000000002,25.87,87.30571428571429
2024,26,166.51,23.787142857142857,55.36,7,22.964285714285715,23.5,92.22
2024,27,72.62,10.374285714285715,19.74,7,23.06142857142857,23.94,91.43714285714286
2024,28,47.03,6.718571428571429,15.15,7,23.89428571428571,24.4,90.26285714285714
2024,29,44.26,6.322857142857143,12.27,6,24.232857142857142,25.5,86.71571428571428
2024,30,94.12,13.445714285714287,40.67,7,23.454285714285714,24.18,88.5657142857143
2024,31,150.73000000000002,21.532857142857146,52.07,7,22.524285714285714,22.98,92.41285714285713
2024,32,84.33999999999999,12.048571428571426,32.44,7,23.125714285714285,23.57,89.24571428571429
2024,33,10.99,1.57,4.57,3,22.765714285714285,23.11,86.19285714285715
2024,34,17.990000000000002,2.5700000000000003,5.57,5,22.868571428571425,23.99,90.00714285714285
2024,35,25.72,3.674285714285714,13.17,3,22.722857142857144,23.28,88.98571428571428
2024,36,23.19,3.312857142857143,9.41,5,22.967142857142857,23.58,87.68714285714285
2024,37,5.49,0.7842857142857144,2.73,3,23.255714285714284,24.92,81.5942857142857
2024,38,290.54,41.50571428571429,93.26,5,21.261428571428574,24.91,90.00571428571428
2024,39,15.360000000000001,2.1942857142857144,6.95,3,21.75142857142857,22.36,91.06857142857143
2024,40,0.58,0.08285714285714285,0.29,0,20.541428571428572,21.06,87.75428571428571
2024,41,7.55,1.0785714285714285,5.26,2,18.849999999999998,19.24,85.87571428571428
2024,42,0.5700000000000001,0.08142857142857143,0.29,0,19.439999999999998,20.46,82.97142857142856
2024,43,0.11,0.015714285714285715,0.06,0,19.287142857142857,19.99,88.91714285714285
2024,44,0.5499999999999999,0.07857142857142856,0.3,0,17.524285714285714,17.87,87.19428571428571
2024,45,0.030000000000000002,0.004285714285714286,0.02,0,16.53,17.14,83.30285714285715
2024,46,0.06,0.008571428571428572,0.06,0,14.438571428571427,15.6,79.61428571428571
2024,47,0.0,0.0,0.0,0,14.008571428571429,14.69,82.10857142857142
2024,48,0.0,0.0,0.0,0,12.907142857142857,14.16,69.21714285714286
2024,49,0.0,0.0,0.0,0,10.948571428571428,11.73,62.815714285714286
2024,50,0.0,0.0,0.0,0,12.781428571428572,13.56,68.42142857142856
2024,51,0.0,0.0,0.0,0,12.72,13.69,69.03428571428572
2024,52,0.0,0.0,0.0,0,11.705714285714285,12.47,70.48571428571428
2025,1,1.42,0.20285714285714285,1.2,1,11.247142857142858,13.54,69.8157142857143
2025,2,0.0,0.0,0.0,0,12.645714285714286,13.95,62.27285714285714
2025,3,0.0,0.0,0.0,0,13.415714285714285,15.26,50.92142857142857
2025,4,0.0,0.0,0.0,0,12.751428571428573,13.6,48.90571428571428
2025,5,0.0,0.0,0.0,0,14.274285714285714,15.78,42.49285714285714
2025,6,0.0,0.0,0.0,0,13.344285714285714,14.52,40.145714285714284
2025,7,0.5599999999999999,0.07999999999999999,0.35,0,14.20142857142857,15.05,48.471428571428575
2025,8,237.2,33.885714285714286,233.66,2,14.14,15.97,56.90428571428571
2025,9,0.1,0.014285714285714287,0.1,0,14.254285714285714,15.14,49.80285714285714
2025,10,3.42,0.48857142857142855,1.99,1,18.565714285714286,20.49,48.24857142857143
2025,11,5.74,0.8200000000000001,5.17,1,17.767142857142858,19.3,46.269999999999996
2025,12,0.15,0.02142857142857143,0.08,0,20.650000000000002,22.18,38.712857142857146
2025,13,0.0,0.0,0.0,0,21.041428571428572,21.9,29.785714285714285
2025,14,32.07,4.581428571428572,17.63,4,20.021428571428572,21.6,64.60714285714286
2025,15,12.43,1.7757142857142856,6.75,3,20.064285714285713,22.29,69.95
2025,16,4.07,0.5814285714285715,3.92,1,24.48,25.16,34.53285714285715
2025,17,18.16,2.5942857142857143,8.72,3,19.422857142857143,20.68,65.75428571428571
2025,18,5.28,0.7542857142857143,2.72,2,22.65142857142857,25.26,56.06714285714286
2025,19,26.02,3.717142857142857,13.57,6,23.885714285714283,25.27,56.56571428571429
2025,20,42.33,6.047142857142857,15.39,6,22.354285714285712,23.64,72.73
2025,21,25.11,3.587142857142857,9.31,5,24.514285714285712,25.6,69.46285714285715
2025,22,26.919999999999998,3.8457142857142856,16.66,4,23.511428571428574,24.98,60.49285714285714
2025,23,43.33,6.1899999999999995,18.96,5,24.72714285714286,26.55,72.85142857142857
2025,24,75.59,10.79857142857143,18.49,7,23.68857142857143,24.27,83.51285714285714
2025,25,62.58,8.94,19.1,7,23.52285714285714,24.04,85.44714285714285
2025,26,31.04,4.434285714285714,7.9,7,23.645714285714288,23.92,83.84714285714287
2025,27,57.26,8.18,23.15,7,23.305714285714284,23.89,85.39142857142858
2025,28,71.71,10.244285714285713,24.57,7,22.958571428571425,24.07,85.41428571428571
2025,29,28.509999999999998,4.072857142857143,10.04,6,24.035714285714285,24.89,85.28428571428572
2025,30,61.79,8.827142857142857,24.96,7,23.06714285714286,23.45,88.81000000000002
2025,31,56.96,8.137142857142857,18.03,7,22.40857142857143,22.81,91.88571428571429
2025,32,60.22,8.602857142857143,25.01,7,22.744285714285716,23.71,90.58142857142856
2025,33,38.72,5.531428571428571,16.65,6,22.654285714285713,23.43,88.14857142857143
2025,34,61.78,8.825714285714286,20.49,5,21.895714285714288,22.48,90.99714285714286
2025,35,28.869999999999997,4.124285714285714,14.56,3,22.551428571428573,23.51,87.61
2025,36,63.3,9.042857142857143,14.6,7,22.027142857142856,22.36,93.38714285714286
2025,37,63.07,9.01,22.54,5,21.012857142857143,21.31,91.24428571428572
2025,38,1.97,0.2814285714285714,1.16,1,22.33142857142857,23.18,88.46714285714286
2025,39,145.51,20.787142857142857,69.53,7,20.807142857142857,22.12,87.88
2025,40,1.4000000000000001,0.2,0.54,0,19.885714285714283,20.47,84.40285714285714
2025,41,0.0,0.0,0.0,0,19.312857142857144,19.86,82.02857142857144
2025,42,0.0,0.0,0.0,0,19.71857142857143,20.35,78.53428571428572
2025,43,71.06,10.151428571428571,31.88,5,17.928571428571427,19.2,83.83428571428571
2025,44,0.79,0.11285714285714286,0.65,0,17.740000000000002,18.63,79.36428571428571
2025,45,0.0,0.0,0.0,0,15.234285714285715,16.19,74.05285714285715
2025,46,0.0,0.0,0.0,0,14.588571428571429,15.55,81.52142857142857
2025,47,0.0,0.0,0.0,0,13.870000000000001,15.24,74.86428571428571
2025,48,0.0,0.0,0.0,0,12.819999999999999,13.22,66.64285714285714
2025,49,0.0,0.0,0.0,0,12.781428571428572,13.45,70.94428571428571
2025,50,0.0,0.0,0.0,0,11.530000000000001,12.67,74.23285714285714
2025,51,0.0,0.0,0.0,0,10.782857142857143,11.72,75.35857142857142
