,rainfall_mm,temp_c,humidity_pct,year,week
2021-01-01,0.0,13.61,43.79,2020,51
2021-01-02,0.0,13.9,42.38,2020,51
2021-01-03,0.0,15.05,42.59,2020,51
2021-01-04,0.0,16.34,47.81,2020,52
2021-01-05,0.0,16.47,53.05,2020,52
2021-01-06,0.0,16.78,49.02,2020,52
2021-01-07,0.0,16.32,46.39,2020,52
2021-01-08,0.0,14.75,50.04,2020,52
2021-01-09,0.0,15.62,45.75,2020,52
2021-01-10,0.0,15.08,53.32,2020,52
2021-01-11,0.0,13.52,57.73,2021,1
2021-01-12,0.0,11.34,58.81,2021,1
2021-01-13,0.0,10.14,48.68,2021,1
2021-01-14,0.0,9.99,50.49,2021,1
2021-01-15,0.0,11.25,49.4,2021,1
2021-01-16,0.0,11.39,47.46,2021,1
2021-01-17,0.0,11.26,42.62,2021,1
2021-01-18,0.0,13.44,44.3,2021,2
2021-01-19,0.0,11.86,58.94,2021,2
2021-01-20,0.0,10.99,63.9,2021,2
2021-01-21,0.0,10.22,51.77,2021,2
2021-01-22,0.0,9.77,48.31,2021,2
2021-01-23,0.0,11.77,46.58,2021,2
2021-01-24,0.0,11.86,44.55,2021,2
2021-01-25,0.0,11.45,39.58,2021,3
2021-01-26,0.0,10.88,41.59,2021,3
2021-01-27,0.0,11.11,36.25,2021,3
2021-01-28,0.0,11.18,34.39,2021,3
2021-01-29,0.0,10.83,36.02,2021,3
2021-01-30,0.0,9.35,38.81,2021,3
2021-01-31,0.0,9.87,37.07,2021,3
2021-02-01,0.0,9.99,37.82,2021,4
2021-02-02,0.0,11.22,37.15,2021,4
2021-02-03,0.0,12.5,37.7,2021,4
2021-02-04,0.0,13.24,35.31,2021,4
2021-02-05,0.05,13.24,41.7,2021,4
2021-02-06,0.54,11.12,61.75,2021,4
2021-02-07,0.0,11.36,49.07,2021,4
2021-02-08,0.06,13.14,37.35,2021,5
2021-02-09,0.0,13.89,36.77,2021,5
2021-02-10,0.0,13.47,43.25,2021,5
2021-02-11,0.0,13.69,45.12,2021,5
2021-02-12,0.0,14.32,44.64,2021,5
2021-02-13,0.0,14.05,46.9,2021,5
2021-02-14,0.02,13.9,47.12,2021,5
2021-02-15,0.18,13.83,46.11,2021,6
2021-02-16,0.15,13.95,43.1,2021,6
2021-02-17,0.07,14.36,42.17,2021,6
2021-02-18,0.56,13.56,51.53,2021,6
2021-02-19,1.05,13.8,52.54,2021,6
2021-02-20,0.0,15.09,42.98,2021,6
2021-02-21,0.0,15.76,37.0,2021,6
2021-02-22,0.0,16.16,37.73,2021,7
2021-02-23,0.0,16.26,41.98,2021,7
2021-02-24,0.0,16.3,39.75,2021,7
2021-02-25,0.0,16.54,33.04,2021,7
2021-02-26,0.02,17.66,32.77,2021,7
2021-02-27,0.07,17.54,36.46,2021,7
2021-02-28,0.02,18.19,39.86,2021,7
2021-03-01,0.03,18.1,31.2,2021,8
2021-03-02,0.0,15.7,23.76,2021,8
2021-03-03,0.0,15.83,27.76,2021,8
2021-03-04,0.0,16.14,31.89,2021,8
2021-03-05,0.23,16.79,29.86,2021,8
2021-03-06,1.42,16.79,31.23,2021,8
2021-03-07,0.0,17.23,31.4,2021,8
2021-03-08,0.01,16.93,33.96,2021,9
2021-03-09,0.35,17.99,34.19,2021,9
2021-03-10,0.86,18.67,34.54,2021,9
2021-03-11,1.22,18.71,36.93,2021,9
2021-03-12,0.04,19.3,30.74,2021,9
2021-03-13,0.21,18.7,34.38,2021,9
2021-03-14,0.1,17.85,46.11,2021,9
2021-03-15,0.0,18.38,37.27,2021,10
2021-03-16,0.09,18.86,31.89,2021,10
2021-03-17,0.0,19.45,30.21,2021,10
2021-03-18,0.08,19.45,33.96,2021,10
2021-03-19,0.06,20.78,30.88,2021,10
2021-03-20,0.01,20.56,33.76,2021,10
2021-03-21,0.0,19.56,36.26,2021,10
2021-03-22,0.0,20.23,31.79,2021,11
2021-03-23,0.0,21.47,29.62,2021,11
2021-03-24,0.0,20.77,32.35,2021,11
2021-03-25,0.0,19.03,28.21,2021,11
2021-03-26,0.0,19.75,25.31,2021,11
2021-03-27,0.0,20.93,25.25,2021,11
2021-03-28,0.0,20.99,30.23,2021,11
2021-03-29,0.16,21.03,36.52,2021,12
2021-03-30,2.15,21.27,38.73,2021,12
2021-03-31,4.36,22.48,28.48,2021,12
2021-04-01,2.0,20.49,23.18,2021,12
2021-04-02,0.16,19.9,18.84,2021,12
2021-04-03,0.0,19.14,18.92,2021,12
2021-04-04,0.0,19.63,17.19,2021,12
2021-04-05,0.0,20.75,16.91,2021,13
2021-04-06,0.0,21.96,19.5,2021,13
2021-04-07,0.03,23.2,22.63,2021,13
2021-04-08,0.02,23.08,24.11,2021,13
2021-04-09,0.06,22.63,21.88,2021,13
2021-04-10,0.2,22.28,19.92,2021,13
2021-04-11,0.06,22.46,16.32,2021,13
2021-04-12,0.0,22.89,17.25,2021,14
2021-04-13,0.01,23.56,23.04,2021,14
2021-04-14,0.04,24.4,23.99,2021,14
2021-04-15,0.02,23.77,26.04,2021,14
2021-04-16,11.07,23.16,37.26,2021,14
2021-04-17,2.15,22.43,37.84,2021,14
2021-04-18,1.65,22.03,34.53,2021,14
2021-04-19,1.06,21.78,34.96,2021,15
2021-04-20,0.01,23.42,26.36,2021,15
2021-04-21,4.75,22.75,34.48,2021,15
2021-04-22,8.83,20.64,55.44,2021,15
2021-04-23,0.01,21.86,38.66,2021,15
2021-04-24,0.0,23.4,31.96,2021,15
2021-04-25,0.0,23.96,24.1,2021,15
2021-04-26,0.0,23.58,20.77,2021,16
2021-04-27,0.0,24.3,24.69,2021,16
2021-04-28,0.13,24.52,27.35,2021,16
2021-04-29,1.68,24.14,35.52,2021,16
2021-04-30,0.7,23.7,42.92,2021,16
2021-05-01,3.01,22.03,51.92,2021,16
2021-05-02,6.88,21.73,57.58,2021,16
2021-05-03,0.91,22.17,47.76,2021,17
2021-05-04,6.0,19.56,63.17,2021,17
2021-05-05,6.01,19.18,67.32,2021,17
2021-05-06,3.46,20.31,64.38,2021,17
2021-05-07,9.07,21.51,62.97,2021,17
2021-05-08,0.78,22.24,52.69,2021,17
2021-05-09,2.26,21.11,54.58,2021,17
2021-05-10,3.35,21.74,52.44,2021,18
2021-05-11,4.81,21.11,57.16,2021,18
2021-05-12,17.84,19.25,66.46,2021,18
2021-05-13,2.19,19.84,59.5,2021,18
2021-05-14,0.06,21.27,55.07,2021,18
2021-05-15,0.02,23.55,46.11,2021,18
2021-05-16,0.08,24.48,41.97,2021,18
2021-05-17,0.05,25.32,38.16,2021,19
2021-05-18,0.09,25.14,36.35,2021,19
2021-05-19,5.3,22.66,54.52,2021,19
2021-05-20,15.84,21.67,74.07,2021,19
2021-05-21,1.44,23.42,71.01,2021,19
2021-05-22,0.01,24.16,62.64,2021,19
2021-05-23,0.09,24.84,54.1,2021,19
2021-05-24,0.22,26.1,47.92,2021,20
2021-05-25,1.75,25.06,54.94,2021,20
2021-05-26,9.98,23.22,74.1,2021,20
2021-05-27,47.1,22.57,83.21,2021,20
2021-05-28,35.01,22.24,82.53,2021,20
2021-05-29,16.07,22.89,77.62,2021,20
2021-05-30,4.89,23.19,79.31,2021,20
2021-05-31,4.4,22.91,81.58,2021,21
2021-06-01,3.44,23.08,75.71,2021,21
2021-06-02,0.11,22.53,70.3,2021,21
2021-06-03,0.0,23.98,62.29,2021,21
2021-06-04,0.38,24.42,65.75,2021,21
2021-06-05,0.64,24.89,68.56,2021,21
2021-06-06,0.79,24.33,72.23,2021,21
2021-06-07,1.27,25.02,70.33,2021,22
2021-06-08,6.2,24.89,69.31,2021,22
2021-06-09,13.46,23.27,81.73,2021,22
2021-06-10,10.14,22.07,84.89,2021,22
2021-06-11,13.46,22.61,83.68,2021,22
2021-06-12,13.16,22.71,83.36,2021,22
2021-06-13,5.6,22.26,86.23,2021,22
2021-06-14,21.37,22.95,87.03,2021,23
2021-06-15,17.7,22.34,89.74,2021,23
2021-06-16,7.36,22.82,89.36,2021,23
2021-06-17,2.22,23.02,88.31,2021,23
2021-06-18,0.73,22.67,83.4,2021,23
2021-06-19,2.76,21.96,86.89,2021,23
2021-06-20,4.32,22.0,86.35,2021,23
2021-06-21,3.52,22.75,87.68,2021,24
2021-06-22,3.67,23.29,89.12,2021,24
2021-06-23,10.21,22.71,94.18,2021,24
2021-06-24,6.6,23.21,87.97,2021,24
2021-06-25,9.41,22.53,91.62,2021,24
2021-06-26,21.15,22.12,89.83,2021,24
2021-06-27,3.15,22.64,88.46,2021,24
2021-06-28,2.48,23.2,87.89,2021,25
2021-06-29,9.31,22.3,95.2,2021,25
2021-06-30,17.09,22.11,91.83,2021,25
2021-07-01,36.43,22.52,90.97,2021,25
2021-07-02,31.06,22.8,92.28,2021,25
2021-07-03,21.33,22.99,91.66,2021,25
2021-07-04,5.67,22.45,89.8,2021,25
2021-07-05,5.51,22.98,89.81,2021,26
2021-07-06,15.07,22.91,92.5,2021,26
2021-07-07,4.01,22.49,94.15,2021,26
2021-07-08,21.46,22.6,92.9,2021,26
2021-07-09,7.15,22.94,91.8,2021,26
2021-07-10,20.01,22.43,94.74,2021,26
2021-07-11,2.72,22.35,88.34,2021,26
2021-07-12,5.71,22.75,88.48,2021,27
2021-07-13,23.06,23.55,86.21,2021,27
2021-07-14,21.33,22.74,92.09,2021,27
2021-07-15,3.17,22.86,90.29,2021,27
2021-07-16,6.83,22.56,91.13,2021,27
2021-07-17,10.99,21.94,93.34,2021,27
2021-07-18,2.92,22.51,92.02,2021,27
2021-07-19,21.01,22.85,93.12,2021,28
2021-07-20,23.74,23.21,87.89,2021,28
2021-07-21,10.13,22.91,89.92,2021,28
2021-07-22,5.03,22.9,88.61,2021,28
2021-07-23,6.81,24.29,86.71,2021,28
2021-07-24,4.73,24.01,85.48,2021,28
2021-07-25,7.68,23.3,92.68,2021,28
2021-07-26,20.84,23.21,92.58,2021,29
2021-07-27,13.52,23.09,90.7,2021,29
2021-07-28,16.17,23.11,89.88,2021,29
2021-07-29,14.12,22.93,91.4,2021,29
2021-07-30,4.83,23.12,87.41,2021,29
2021-07-31,4.09,22.63,88.58,2021,29
2021-08-01,2.5,23.16,89.76,2021,29
2021-08-02,6.81,23.05,91.93,2021,30
2021-08-03,31.94,22.99,91.22,2021,30
2021-08-04,10.11,22.14,90.34,2021,30
2021-08-05,3.18,23.56,82.26,2021,30
2021-08-06,7.88,24.16,81.44,2021,30
2021-08-07,15.0,22.79,90.03,2021,30
2021-08-08,22.82,22.63,90.69,2021,30
2021-08-09,7.94,22.91,91.49,2021,31
2021-08-10,4.3,23.26,92.89,2021,31
2021-08-11,4.21,23.26,93.95,2021,31
2021-08-12,9.05,23.24,92.46,2021,31
2021-08-13,17.5,23.07,89.37,2021,31
2021-08-14,28.23,22.75,93.24,2021,31
2021-08-15,15.87,22.66,92.01,2021,31
2021-08-16,7.39,22.99,92.18,2021,32
2021-08-17,10.06,22.65,94.89,2021,32
2021-08-18,11.02,22.1,94.49,2021,32
2021-08-19,11.34,22.41,90.49,2021,32
2021-08-20,3.83,21.75,91.9,2021,32
2021-08-21,3.65,21.29,92.78,2021,32
2021-08-22,7.9,21.74,90.6,2021,32
2021-08-23,16.17,21.85,93.68,2021,33
2021-08-24,13.58,22.33,92.67,2021,33
2021-08-25,11.93,22.47,93.97,2021,33
2021-08-26,27.05,22.33,95.48,2021,33
2021-08-27,24.22,22.04,97.14,2021,33
2021-08-28,15.89,21.74,94.52,2021,33
2021-08-29,15.48,21.53,92.71,2021,33
2021-08-30,7.07,21.04,90.27,2021,34
2021-08-31,7.3,21.31,93.51,2021,34
2021-09-01,2.86,22.26,89.11,2021,34
2021-09-02,10.95,22.2,93.6,2021,34
2021-09-03,5.39,21.73,95.23,2021,34
2021-09-04,2.71,22.18,88.05,2021,34
2021-09-05,12.32,22.94,90.78,2021,34
2021-09-06,39.73,22.05,90.68,2021,35
2021-09-07,8.28,21.41,92.45,2021,35
2021-09-08,8.59,21.45,91.85,2021,35
2021-09-09,1.35,21.47,94.46,2021,35
2021-09-10,0.46,22.41,86.92,2021,35
2021-09-11,0.15,22.57,87.7,2021,35
2021-09-12,0.59,23.06,87.19,2021,35
2021-09-13,3.06,23.06,87.03,2021,36
2021-09-14,0.75,21.58,88.45,2021,36
2021-09-15,4.38,21.0,89.12,2021,36
2021-09-16,3.75,21.02,87.71,2021,36
2021-09-17,4.01,21.22,88.21,2021,36
2021-09-18,1.17,21.89,92.15,2021,36
2021-09-19,1.54,22.59,91.62,2021,36
2021-09-20,5.72,22.48,90.86,2021,37
2021-09-21,8.56,22.09,91.77,2021,37
2021-09-22,8.97,21.09,91.89,2021,37
2021-09-23,1.73,21.08,91.89,2021,37
2021-09-24,0.34,21.79,89.71,2021,37
2021-09-25,2.57,22.07,91.37,2021,37
2021-09-26,5.23,22.39,86.22,2021,37
2021-09-27,3.4,22.28,85.78,2021,38
2021-09-28,5.22,21.33,89.34,2021,38
2021-09-29,3.46,20.65,93.9,2021,38
2021-09-30,2.99,20.97,91.13,2021,38
2021-10-01,3.11,20.99,88.25,2021,38
2021-10-02,8.67,20.7,89.83,2021,38
2021-10-03,10.13,21.16,84.93,2021,38
2021-10-04,9.68,21.14,92.41,2021,39
2021-10-05,9.09,21.43,90.28,2021,39
2021-10-06,0.73,21.11,92.04,2021,39
2021-10-07,0.98,21.25,92.44,2021,39
2021-10-08,1.78,21.11,92.91,2021,39
2021-10-09,1.62,20.77,92.31,2021,39
2021-10-10,0.16,21.26,91.01,2021,39
2021-10-11,0.0,21.22,89.11,2021,40
2021-10-12,0.0,22.68,82.5,2021,40
2021-10-13,0.0,23.06,79.68,2021,40
2021-10-14,0.0,23.07,81.48,2021,40
2021-10-15,0.12,22.58,90.19,2021,40
2021-10-16,3.75,21.86,89.22,2021,40
2021-10-17,14.93,21.13,93.96,2021,40
2021-10-18,15.3,20.08,92.08,2021,41
2021-10-19,30.73,19.35,91.0,2021,41
2021-10-20,10.96,20.54,91.67,2021,41
2021-10-21,0.78,19.23,87.4,2021,41
2021-10-22,0.56,18.76,89.32,2021,41
2021-10-23,0.32,17.77,93.57,2021,41
2021-10-24,0.5,18.11,92.4,2021,41
2021-10-25,0.12,18.1,90.7,2021,42
2021-10-26,0.22,18.1,86.2,2021,42
2021-10-27,0.01,17.78,81.66,2021,42
2021-10-28,0.0,18.1,78.49,2021,42
2021-10-29,0.0,17.5,86.77,2021,42
2021-10-30,0.0,17.6,82.85,2021,42
2021-10-31,0.0,16.54,87.99,2021,42
2021-11-01,0.0,16.06,85.73,2021,43
2021-11-02,0.0,16.5,85.22,2021,43
2021-11-03,0.0,16.09,80.7,2021,43
2021-11-04,0.0,15.81,74.85,2021,43
2021-11-05,0.0,15.49,74.51,2021,43
2021-11-06,0.0,15.54,77.85,2021,43
2021-11-07,0.0,15.49,82.81,2021,43
2021-11-08,0.0,16.0,81.53,2021,44
2021-11-09,0.0,16.53,85.97,2021,44
2021-11-10,0.0,16.73,89.53,2021,44
2021-11-11,0.0,16.31,88.83,2021,44
2021-11-12,0.0,15.75,83.5,2021,44
2021-11-13,0.03,15.2,84.1,2021,44
2021-11-14,0.41,15.2,82.51,2021,44
2021-11-15,0.12,14.8,83.04,2021,45
2021-11-16,0.0,14.82,83.77,2021,45
2021-11-17,0.0,14.91,84.91,2021,45
2021-11-18,0.0,16.04,83.55,2021,45
2021-11-19,0.0,16.02,82.68,2021,45
2021-11-20,0.24,16.18,81.2,2021,45
2021-11-21,0.0,15.78,77.94,2021,45
2021-11-22,0.0,14.59,79.81,2021,46
2021-11-23,0.0,13.13,82.4,2021,46
2021-11-24,0.0,12.92,87.36,2021,46
2021-11-25,0.0,13.18,89.64,2021,46
2021-11-26,0.0,12.75,89.64,2021,46
2021-11-27,0.0,12.92,89.15,2021,46
2021-11-28,0.0,13.98,85.61,2021,46
2021-11-29,0.0,13.9,85.39,2021,47
2021-11-30,0.0,14.12,82.08,2021,47
2021-12-01,0.0,15.14,79.52,2021,47
2021-12-02,0.03,15.68,83.65,2021,47
2021-12-03,0.41,15.61,84.99,2021,47
2021-12-04,0.23,15.67,81.64,2021,47
2021-12-05,0.12,15.85,81.67,2021,47
2021-12-06,0.07,15.21,81.29,2021,48
2021-12-07,0.03,14.67,76.14,2021,48
2021-12-08,0.0,14.41,61.73,2021,48
2021-12-09,0.0,13.86,61.85,2021,48
2021-12-10,0.0,12.48,66.72,2021,48
2021-12-11,0.0,11.61,74.77,2021,48
2021-12-12,0.0,10.79,80.06,2021,48
2021-12-13,0.0,10.99,68.94,2021,49
2021-12-14,0.0,12.2,69.05,2021,49
2021-12-15,0.0,12.34,65.32,2021,49
2021-12-16,0.0,12.31,58.18,2021,49
2021-12-17,0.0,12.93,46.45,2021,49
2021-12-18,0.0,11.77,56.21,2021,49
2021-12-19,0.0,10.41,56.12,2021,49
2021-12-20,0.0,10.33,63.36,2021,50
2021-12-21,0.0,10.83,64.82,2021,50
2021-12-22,0.0,10.8,70.02,2021,50
2021-12-23,0.0,10.48,80.34,2021,50
2021-12-24,0.12,10.85,80.29,2021,50
2021-12-25,0.12,9.19,86.15,2021,50
2021-12-26,0.09,9.93,82.58,2021,50
2021-12-27,0.39,10.43,80.7,2021,51
2021-12-28,1.77,10.33,77.89,2021,51
2021-12-29,18.55,7.7,92.16,2021,51
2021-12-30,6.92,9.51,77.87,2021,51
2021-12-31,0.0,10.42,70.2,2021,51
2022-01-01,0.0,10.72,74.2,2021,51
2022-01-02,0.0,10.41,68.84,2021,51
2022-01-03,0.0,10.69,68.28,2021,52
2022-01-04,0.0,10.62,69.01,2021,52
2022-01-05,0.01,11.26,72.97,2021,52
2022-01-06,0.19,11.58,77.98,2021,52
2022-01-07,0.12,12.28,76.18,2021,52
2022-01-08,0.0,13.34,73.85,2021,52
2022-01-09,0.0,13.45,70.57,2021,52
2022-01-10,0.01,12.14,76.36,2022,1
2022-01-11,0.33,12.24,70.52,2022,1
2022-01-12,0.79,11.28,71.92,2022,1
2022-01-13,0.32,9.42,82.76,2022,1
2022-01-14,0.13,9.91,76.82,2022,1
2022-01-15,0.0,9.76,77.29,2022,1
2022-01-16,0.0,9.1,72.33,2022,1
2022-01-17,0.0,10.18,66.11,2022,2
2022-01-18,0.0,11.23,65.27,2022,2
2022-01-19,0.0,10.18,72.24,2022,2
2022-01-20,0.25,10.05,76.19,2022,2
2022-01-21,1.72,9.53,79.18,2022,2
2022-01-22,0.06,9.81,74.26,2022,2
2022-01-23,0.06,8.84,83.77,2022,2
2022-01-24,0.1,9.94,80.96,2022,3
2022-01-25,0.26,10.14,74.39,2022,3
2022-01-26,0.33,8.06,80.37,2022,3
2022-01-27,0.0,7.7,77.93,2022,3
2022-01-28,0.0,6.9,82.84,2022,3
2022-01-29,0.0,8.08,68.48,2022,3
2022-01-30,0.0,8.97,71.27,2022,3
2022-01-31,0.01,10.04,73.03,2022,4
2022-02-01,0.05,9.42,77.97,2022,4
2022-02-02,0.02,9.43,64.36,2022,4
2022-02-03,7.11,9.75,68.69,2022,4
2022-02-04,25.41,7.42,93.25,2022,4
2022-02-05,4.77,6.74,86.71,2022,4
2022-02-06,0.01,7.64,74.33,2022,4
2022-02-07,0.0,9.49,75.53,2022,5
2022-02-08,0.0,9.67,79.23,2022,5
2022-02-09,0.01,11.02,73.17,2022,5
2022-02-10,0.03,10.22,80.0,2022,5
2022-02-11,0.02,9.7,78.84,2022,5
2022-02-12,0.0,9.53,65.06,2022,5
2022-02-13,0.0,10.83,72.84,2022,5
2022-02-14,0.0,11.83,71.48,2022,6
2022-02-15,0.0,12.72,73.32,2022,6
2022-02-16,0.0,12.27,73.27,2022,6
2022-02-17,0.0,11.62,69.2,2022,6
2022-02-18,0.0,12.02,64.18,2022,6
2022-02-19,0.15,11.97,63.51,2022,6
2022-02-20,1.31,10.46,62.94,2022,6
2022-02-21,0.43,10.09,64.48,2022,7
2022-02-22,0.0,11.59,57.66,2022,7
2022-02-23,0.0,12.76,59.26,2022,7
2022-02-24,0.0,14.33,58.46,2022,7
2022-02-25,0.19,12.94,66.99,2022,7
2022-02-26,0.04,12.83,64.12,2022,7
2022-02-27,0.0,13.85,58.03,2022,7
2022-02-28,0.0,13.91,53.49,2022,8
2022-03-01,0.0,15.01,46.04,2022,8
2022-03-02,0.06,14.72,55.62,2022,8
2022-03-03,0.0,15.38,54.01,2022,8
2022-03-04,0.05,15.71,50.41,2022,8
2022-03-05,0.01,15.57,54.0,2022,8
2022-03-06,0.0,16.97,49.17,2022,8
2022-03-07,0.0,18.86,45.69,2022,9
2022-03-08,0.0,18.93,43.6,2022,9
2022-03-09,0.0,18.88,43.19,2022,9
2022-03-10,0.0,18.88,42.7,2022,9
2022-03-11,0.0,18.36,44.03,2022,9
2022-03-12,0.0,18.33,46.43,2022,9
2022-03-13,0.0,18.93,50.76,2022,9
2022-03-14,0.0,20.65,47.27,2022,10
2022-03-15,0.03,20.87,48.26,2022,10
2022-03-16,1.4,21.12,52.66,2022,10
2022-03-17,1.0,21.44,51.6,2022,10
2022-03-18,0.0,22.57,49.31,2022,10
2022-03-19,0.0,23.16,48.43,2022,10
2022-03-20,0.01,22.66,47.65,2022,10
2022-03-21,0.39,21.47,51.41,2022,11
2022-03-22,4.4,21.96,47.41,2022,11
2022-03-23,0.95,21.17,46.05,2022,11
2022-03-24,0.83,20.14,46.15,2022,11
2022-03-25,0.23,20.3,40.4,2022,11
2022-03-26,0.0,20.65,35.19,2022,11
2022-03-27,0.0,21.13,36.37,2022,11
2022-03-28,0.03,20.71,37.89,2022,12
2022-03-29,0.11,20.27,42.7,2022,12
2022-03-30,1.19,20.33,51.08,2022,12
2022-03-31,2.31,20.51,58.32,2022,12
2022-04-01,0.01,21.44,48.49,2022,12
2022-04-02,0.79,22.4,46.02,2022,12
2022-04-03,3.72,21.75,58.65,2022,12
2022-04-04,0.35,23.02,42.89,2022,13
2022-04-05,0.26,23.27,29.27,2022,13
2022-04-06,0.02,23.06,31.76,2022,13
2022-04-07,0.43,22.5,40.22,2022,13
2022-04-08,1.05,22.61,43.13,2022,13
2022-04-09,2.55,22.23,47.6,2022,13
2022-04-10,5.03,21.53,53.99,2022,13
2022-04-11,0.31,22.95,47.51,2022,14
2022-04-12,0.38,22.5,45.29,2022,14
2022-04-13,0.18,22.77,42.46,2022,14
2022-04-14,0.85,23.99,34.15,2022,14
2022-04-15,0.06,23.74,28.36,2022,14
2022-04-16,0.02,23.42,25.89,2022,14
2022-04-17,0.01,23.57,25.62,2022,14
2022-04-18,0.06,24.33,27.35,2022,15
2022-04-19,2.54,23.23,40.68,2022,15
2022-04-20,6.78,22.27,55.61,2022,15
2022-04-21,0.76,21.21,62.08,2022,15
2022-04-22,2.71,22.83,54.18,2022,15
2022-04-23,0.39,23.59,38.93,2022,15
2022-04-24,0.01,24.32,27.36,2022,15
2022-04-25,0.0,24.86,25.25,2022,16
2022-04-26,0.06,24.87,30.11,2022,16
2022-04-27,0.1,25.17,27.6,2022,16
2022-04-28,2.3,24.74,31.07,2022,16
2022-04-29,1.04,24.77,37.91,2022,16
2022-04-30,8.5,23.3,51.49,2022,16
2022-05-01,0.93,23.62,49.79,2022,16
2022-05-02,24.21,21.5,68.14,2022,17
2022-05-03,4.72,21.48,73.89,2022,17
2022-05-04,2.0,21.03,78.96,2022,17
2022-05-05,12.82,19.66,84.54,2022,17
2022-05-06,2.49,20.35,77.85,2022,17
2022-05-07,0.27,21.88,67.96,2022,17
2022-05-08,6.93,21.61,74.02,2022,17
2022-05-09,5.52,21.49,74.54,2022,18
2022-05-10,7.11,22.1,72.69,2022,18
2022-05-11,4.73,23.07,71.46,2022,18
2022-05-12,1.08,23.73,65.64,2022,18
2022-05-13,5.63,23.19,71.11,2022,18
2022-05-14,0.15,23.71,64.02,2022,18
2022-05-15,1.06,24.66,57.73,2022,18
2022-05-16,6.88,24.58,61.13,2022,19
2022-05-17,2.81,24.35,60.56,2022,19
2022-05-18,0.61,24.45,47.28,2022,19
2022-05-19,1.78,24.42,48.93,2022,19
2022-05-20,5.67,24.27,54.99,2022,19
2022-05-21,3.6,24.29,51.51,2022,19
2022-05-22,9.7,23.49,50.5,2022,19
2022-05-23,7.68,22.49,53.94,2022,20
2022-05-24,1.55,22.62,57.64,2022,20
2022-05-25,16.13,22.66,63.63,2022,20
2022-05-26,12.23,21.63,63.83,2022,20
2022-05-27,0.7,22.13,57.47,2022,20
2022-05-28,3.43,22.14,62.74,2022,20
2022-05-29,0.33,22.8,64.06,2022,20
2022-05-30,1.75,23.79,62.59,2022,21
2022-05-31,2.33,24.23,60.29,2022,21
2022-06-01,2.65,25.3,56.16,2022,21
2022-06-02,0.38,25.2,51.77,2022,21
2022-06-03,5.36,25.11,51.42,2022,21
2022-06-04,4.94,25.12,55.04,2022,21
2022-06-05,4.75,24.51,58.47,2022,21
2022-06-06,15.46,24.21,63.97,2022,22
2022-06-07,6.62,24.75,60.86,2022,22
2022-06-08,13.48,24.21,64.37,2022,22
2022-06-09,5.87,24.49,65.19,2022,22
2022-06-10,0.73,24.71,58.23,2022,22
2022-06-11,5.28,24.52,59.23,2022,22
2022-06-12,3.36,24.57,64.23,2022,22
2022-06-13,2.54,24.98,61.75,2022,23
2022-06-14,13.21,24.47,67.76,2022,23
2022-06-15,22.47,24.28,73.72,2022,23
2022-06-16,11.21,23.73,82.31,2022,23
2022-06-17,12.93,23.38,83.87,2022,23
2022-06-18,21.64,23.43,82.12,2022,23
2022-06-19,6.58,23.33,78.65,2022,23
2022-06-20,12.83,23.28,73.21,2022,24
2022-06-21,4.04,22.42,75.91,2022,24
2022-06-22,1.46,22.95,79.45,2022,24
2022-06-23,5.41,23.21,82.88,2022,24
2022-06-24,11.83,23.26,84.85,2022,24
2022-06-25,5.82,22.78,87.56,2022,24
2022-06-26,11.22,22.25,84.58,2022,24
2022-06-27,11.34,22.78,87.97,2022,25
2022-06-28,18.9,22.01,92.7,2022,25
2022-06-29,5.43,21.1,93.86,2022,25
2022-06-30,1.41,21.67,88.01,2022,25
2022-07-01,14.67,23.02,86.35,2022,25
2022-07-02,9.36,22.88,87.64,2022,25
2022-07-03,2.18,22.93,86.84,2022,25
2022-07-04,2.5,23.45,88.51,2022,26
2022-07-05,0.77,23.15,89.1,2022,26
2022-07-06,3.84,24.11,85.5,2022,26
2022-07-07,7.98,23.95,87.7,2022,26
2022-07-08,22.21,23.39,89.46,2022,26
2022-07-09,4.11,23.31,85.65,2022,26
2022-07-10,3.64,23.78,82.71,2022,26
2022-07-11,2.88,23.53,87.21,2022,27
2022-07-12,2.64,23.81,86.6,2022,27
2022-07-13,1.35,23.33,85.24,2022,27
2022-07-14,0.52,24.07,83.61,2022,27
2022-07-15,0.05,23.77,80.13,2022,27
2022-07-16,0.01,24.27,82.35,2022,27
2022-07-17,1.57,24.45,80.56,2022,27
2022-07-18,9.98,23.53,85.12,2022,28
2022-07-19,5.22,23.37,86.85,2022,28
2022-07-20,15.27,23.48,84.45,2022,28
2022-07-21,19.06,22.54,92.21,2022,28
2022-07-22,12.78,23.06,86.71,2022,28
2022-07-23,12.76,23.05,85.58,2022,28
2022-07-24,8.78,22.07,87.41,2022,28
2022-07-25,8.49,21.73,89.15,2022,29
2022-07-26,20.6,21.97,88.25,2022,29
2022-07-27,16.54,22.15,87.03,2022,29
2022-07-28,14.42,22.62,84.75,2022,29
2022-07-29,6.86,22.01,83.91,2022,29
2022-07-30,9.5,22.17,84.55,2022,29
2022-07-31,21.54,22.61,88.51,2022,29
2022-08-01,22.83,22.05,94.92,2022,30
2022-08-02,15.24,21.63,93.06,2022,30
2022-08-03,2.07,22.87,85.14,2022,30
2022-08-04,3.87,22.37,93.5,2022,30
2022-08-05,2.05,23.08,87.99,2022,30
2022-08-06,15.07,22.75,88.17,2022,30
2022-08-07,2.38,23.33,89.57,2022,30
2022-08-08,3.41,23.44,88.07,2022,31
2022-08-09,5.51,23.72,87.06,2022,31
2022-08-10,14.18,22.85,87.84,2022,31
2022-08-11,0.5,23.01,86.86,2022,31
2022-08-12,0.33,23.21,87.91,2022,31
2022-08-13,4.03,23.48,88.53,2022,31
2022-08-14,12.81,23.16,85.48,2022,31
2022-08-15,0.44,22.52,85.95,2022,32
2022-08-16,0.63,22.69,87.17,2022,32
2022-08-17,2.7,22.78,89.99,2022,32
2022-08-18,4.92,23.07,89.16,2022,32
2022-08-19,18.02,22.92,87.08,2022,32
2022-08-20,8.79,23.51,83.43,2022,32
2022-08-21,0.92,22.69,88.37,2022,32
2022-08-22,0.5,23.28,84.77,2022,33
2022-08-23,10.08,23.09,87.9,2022,33
2022-08-24,4.06,22.81,84.54,2022,33
2022-08-25,2.26,22.34,90.87,2022,33
2022-08-26,5.29,22.78,88.73,2022,33
2022-08-27,20.81,22.53,88.53,2022,33
2022-08-28,22.21,21.89,89.59,2022,33
2022-08-29,1.62,21.99,90.11,2022,34
2022-08-30,2.08,21.98,91.91,2022,34
2022-08-31,5.97,22.15,93.75,2022,34
2022-09-01,18.7,21.68,95.6,2022,34
2022-09-02,5.7,22.3,93.02,2022,34
2022-09-03,7.05,22.21,91.55,2022,34
2022-09-04,6.53,22.36,89.64,2022,34
2022-09-05,7.2,22.07,88.36,2022,35
2022-09-06,17.88,22.25,90.01,2022,35
2022-09-07,10.33,22.1,91.11,2022,35
2022-09-08,5.47,21.78,92.89,2022,35
2022-09-09,4.9,21.17,88.38,2022,35
2022-09-10,8.93,21.73,89.19,2022,35
2022-09-11,2.47,21.91,89.53,2022,35
2022-09-12,1.58,21.34,88.08,2022,36
2022-09-13,3.2,20.57,88.29,2022,36
2022-09-14,6.11,20.85,89.92,2022,36
2022-09-15,10.38,21.25,90.35,2022,36
2022-09-16,10.62,21.54,89.88,2022,36
2022-09-17,2.59,22.03,89.41,2022,36
2022-09-18,0.55,21.65,88.93,2022,36
2022-09-19,1.32,22.56,86.08,2022,37
2022-09-20,0.52,22.37,85.53,2022,37
2022-09-21,0.53,22.6,87.89,2022,37
2022-09-22,0.84,22.37,88.49,2022,37
2022-09-23,7.53,21.8,90.51,2022,37
2022-09-24,5.59,22.07,90.93,2022,37
2022-09-25,13.19,21.04,93.32,2022,37
2022-09-26,6.54,21.0,91.17,2022,38
2022-09-27,2.14,21.02,90.92,2022,38
2022-09-28,1.03,21.01,90.48,2022,38
2022-09-29,0.19,21.26,86.92,2022,38
2022-09-30,0.01,21.2,85.8,2022,38
2022-10-01,0.03,21.59,82.03,2022,38
2022-10-02,2.09,22.4,77.25,2022,38
2022-10-03,12.02,22.72,82.5,2022,39
2022-10-04,12.69,20.85,92.7,2022,39
2022-10-05,23.73,19.75,89.66,2022,39
2022-10-06,17.99,19.63,83.72,2022,39
2022-10-07,6.21,20.44,88.69,2022,39
2022-10-08,1.87,20.65,89.91,2022,39
2022-10-09,5.8,20.71,90.71,2022,39
2022-10-10,1.05,20.09,82.5,2022,40
2022-10-11,3.08,20.23,85.02,2022,40
2022-10-12,3.4,19.25,82.8,2022,40
2022-10-13,0.29,18.76,81.83,2022,40
2022-10-14,0.05,18.55,74.29,2022,40
2022-10-15,0.02,18.83,78.01,2022,40
2022-10-16,0.0,18.92,77.78,2022,40
2022-10-17,0.0,18.31,69.15,2022,41
2022-10-18,0.0,17.87,71.16,2022,41
2022-10-19,0.0,17.14,74.85,2022,41
2022-10-20,0.0,17.12,75.98,2022,41
2022-10-21,0.0,17.68,68.93,2022,41
2022-10-22,0.0,17.92,62.98,2022,41
2022-10-23,0.0,18.25,58.76,2022,41
2022-10-24,0.0,18.59,66.16,2022,42
2022-10-25,0.0,16.93,87.68,2022,42
2022-10-26,0.01,16.71,85.1,2022,42
2022-10-27,0.0,16.31,82.59,2022,42
2022-10-28,0.0,16.77,80.55,2022,42
2022-10-29,0.0,16.94,79.34,2022,42
2022-10-30,0.0,17.45,78.89,2022,42
2022-10-31,0.0,17.88,76.36,2022,43
2022-11-01,0.0,17.28,79.03,2022,43
2022-11-02,0.0,16.61,82.69,2022,43
2022-11-03,0.0,16.36,87.79,2022,43
2022-11-04,0.0,17.08,82.79,2022,43
2022-11-05,0.0,17.59,78.23,2022,43
2022-11-06,0.0,17.04,78.08,2022,43
2022-11-07,0.0,16.39,82.62,2022,44
2022-11-08,0.0,15.99,88.67,2022,44
2022-11-09,0.0,16.09,80.25,2022,44
2022-11-10,0.0,15.7,74.47,2022,44
2022-11-11,0.0,15.04,79.17,2022,44
2022-11-12,0.0,14.88,74.21,2022,44
2022-11-13,0.0,14.4,75.06,2022,44
2022-11-14,0.0,14.94,66.74,2022,45
2022-11-15,0.0,15.02,75.45,2022,45
2022-11-16,0.07,14.68,79.63,2022,45
2022-11-17,0.0,14.01,78.86,2022,45
2022-11-18,0.0,13.64,74.24,2022,45
2022-11-19,0.0,15.26,69.98,2022,45
2022-11-20,0.0,15.7,71.62,2022,45
2022-11-21,0.0,15.19,78.2,2022,46
2022-11-22,0.0,15.0,76.89,2022,46
2022-11-23,0.0,14.13,74.61,2022,46
2022-11-24,0.0,14.0,68.98,2022,46
2022-11-25,0.0,16.49,58.15,2022,46
2022-11-26,0.0,16.02,63.82,2022,46
2022-11-27,0.0,14.38,76.3,2022,46
2022-11-28,0.0,13.96,72.96,2022,47
2022-11-29,0.0,14.9,68.62,2022,47
2022-11-30,0.0,15.08,67.55,2022,47
2022-12-01,0.0,13.87,65.13,2022,47
2022-12-02,0.0,14.21,66.99,2022,47
2022-12-03,0.0,14.13,67.91,2022,47
2022-12-04,0.0,14.23,67.97,2022,47
2022-12-05,0.0,13.92,70.84,2022,48
2022-12-06,0.0,13.23,67.06,2022,48
2022-12-07,0.0,13.11,70.4,2022,48
2022-12-08,0.0,13.3,64.6,2022,48
2022-12-09,0.0,13.55,63.58,2022,48
2022-12-10,0.0,14.1,64.72,2022,48
2022-12-11,0.0,13.58,67.84,2022,48
2022-12-12,0.0,13.81,65.28,2022,49
2022-12-13,0.0,13.89,64.45,2022,49
2022-12-14,0.0,13.1,68.99,2022,49
2022-12-15,0.0,12.32,71.4,2022,49
2022-12-16,0.0,11.76,71.55,2022,49
2022-12-17,0.0,12.76,66.21,2022,49
2022-12-18,0.0,13.41,71.41,2022,49
2022-12-19,0.0,13.3,77.04,2022,50
2022-12-20,0.0,12.82,78.49,2022,50
2022-12-21,0.0,12.93,77.23,2022,50
2022-12-22,0.0,12.39,64.39,2022,50
2022-12-23,0.0,12.6,50.85,2022,50
2022-12-24,0.01,10.88,56.4,2022,50
2022-12-25,0.0,13.17,59.37,2022,50
2022-12-26,0.0,12.13,64.3,2022,51
2022-12-27,0.0,10.45,68.79,2022,51
2022-12-28,0.0,9.59,65.51,2022,51
2022-12-29,0.0,8.18,61.95,2022,51
2022-12-30,0.0,10.03,61.65,2022,51
2022-12-31,0.0,9.87,69.78,2022,51
2023-01-01,0.0,9.55,75.59,2022,51
2023-01-02,0.0,9.83,73.46,2022,52
2023-01-03,0.0,9.78,62.8,2022,52
2023-01-04,0.0,9.45,40.09,2022,52
2023-01-05,0.0,9.42,43.03,2022,52
2023-01-06,0.0,11.92,37.61,2022,52
2023-01-07,0.0,12.66,34.6,2022,52
2023-01-08,0.0,12.59,34.1,2022,52
2023-01-09,0.0,12.6,37.54,2023,1
2023-01-10,0.0,12.25,46.73,2023,1
2023-01-11,0.0,10.64,55.87,2023,1
2023-01-12,0.0,11.85,50.86,2023,1
2023-01-13,0.0,12.06,50.76,2023,1
2023-01-14,0.0,11.35,63.74,2023,1
2023-01-15,0.0,10.29,71.08,2023,1
2023-01-16,0.0,9.72,66.12,2023,2
2023-01-17,0.0,9.43,62.87,2023,2
2023-01-18,0.0,9.54,59.05,2023,2
2023-01-19,0.0,9.75,58.32,2023,2
2023-01-20,0.0,11.64,53.94,2023,2
2023-01-21,0.0,12.32,49.69,2023,2
2023-01-22,0.0,13.05,43.81,2023,2
2023-01-23,0.0,13.46,39.7,2023,3
2023-01-24,0.0,13.82,45.3,2023,3
2023-01-25,0.0,14.91,47.19,2023,3
2023-01-26,0.0,15.32,52.46,2023,3
2023-01-27,0.0,15.16,51.31,2023,3
2023-01-28,0.0,14.33,52.11,2023,3
2023-01-29,0.0,14.78,51.49,2023,3
2023-01-30,0.0,15.81,42.08,2023,4
2023-01-31,0.0,15.81,39.17,2023,4
2023-02-01,0.0,13.41,49.88,2023,4
2023-02-02,0.0,12.55,49.91,2023,4
2023-02-03,0.0,13.71,46.26,2023,4
2023-02-04,0.0,13.32,49.9,2023,4
2023-02-05,0.0,13.02,52.13,2023,4
2023-02-06,0.0,13.12,52.85,2023,5
2023-02-07,0.0,13.21,54.34,2023,5
2023-02-08,0.0,13.42,59.98,2023,5
2023-02-09,0.0,12.84,60.42,2023,5
2023-02-10,0.0,13.11,51.44,2023,5
2023-02-11,0.0,14.92,45.95,2023,5
2023-02-12,0.0,13.09,48.44,2023,5
2023-02-13,0.0,12.28,37.26,2023,6
2023-02-14,0.0,12.54,36.82,2023,6
2023-02-15,0.0,12.28,38.51,2023,6
2023-02-16,0.0,14.84,40.08,2023,6
2023-02-17,0.0,15.57,47.02,2023,6
2023-02-18,0.0,15.74,45.74,2023,6
2023-02-19,0.0,16.11,48.16,2023,6
2023-02-20,0.0,16.42,54.77,2023,7
2023-02-21,0.04,17.08,52.6,2023,7
2023-02-22,0.08,16.38,46.81,2023,7
2023-02-23,0.03,16.25,40.74,2023,7
2023-02-24,0.01,16.58,31.28,2023,7
2023-02-25,0.0,15.49,35.0,2023,7
2023-02-26,1.52,14.95,41.05,2023,7
2023-02-27,1.29,14.97,45.55,2023,8
2023-02-28,0.01,15.62,44.44,2023,8
2023-03-01,0.09,16.67,41.58,2023,8
2023-03-02,0.05,17.02,40.61,2023,8
2023-03-03,0.0,18.14,40.42,2023,8
2023-03-04,0.0,18.3,42.94,2023,8
2023-03-05,0.0,17.86,41.87,2023,8
2023-03-06,0.0,17.67,38.93,2023,9
2023-03-07,0.15,18.0,36.69,2023,9
2023-03-08,0.55,17.43,40.91,2023,9
2023-03-09,0.02,16.83,41.82,2023,9
2023-03-10,0.0,17.34,40.64,2023,9
2023-03-11,0.0,17.66,42.04,2023,9
2023-03-12,0.01,19.04,44.75,2023,9
2023-03-13,0.12,18.74,46.92,2023,10
2023-03-14,0.18,17.93,50.18,2023,10
2023-03-15,0.18,17.84,46.45,2023,10
2023-03-16,0.17,17.95,42.02,2023,10
2023-03-17,2.48,17.18,54.55,2023,10
2023-03-18,6.53,16.69,61.82,2023,10
2023-03-19,3.26,14.81,81.44,2023,10
2023-03-20,11.44,12.99,88.94,2023,11
2023-03-21,8.38,13.62,75.97,2023,11
2023-03-22,0.74,15.19,66.08,2023,11
2023-03-23,0.09,16.04,61.59,2023,11
2023-03-24,0.88,17.94,51.09,2023,11
2023-03-25,0.07,19.26,49.84,2023,11
2023-03-26,0.01,19.46,45.55,2023,11
2023-03-27,0.06,18.78,38.15,2023,12
2023-03-28,0.11,18.57,37.79,2023,12
2023-03-29,0.0,19.17,33.13,2023,12
2023-03-30,0.07,19.1,33.72,2023,12
2023-03-31,7.9,17.27,48.13,2023,12
2023-04-01,3.57,16.38,58.87,2023,12
2023-04-02,1.02,15.95,59.27,2023,12
2023-04-03,1.15,18.81,52.79,2023,13
2023-04-04,1.51,19.93,48.75,2023,13
2023-04-05,0.38,19.66,45.6,2023,13
2023-04-06,0.17,20.3,34.29,2023,13
2023-04-07,0.0,20.92,29.81,2023,13
2023-04-08,0.0,21.37,28.6,2023,13
2023-04-09,0.0,21.41,31.31,2023,13
2023-04-10,0.0,21.06,29.52,2023,14
2023-04-11,0.0,22.22,26.89,2023,14
2023-04-12,0.0,22.88,27.81,2023,14
2023-04-13,0.0,23.12,30.73,2023,14
2023-04-14,0.0,23.61,31.16,2023,14
2023-04-15,0.0,24.67,31.51,2023,14
2023-04-16,0.0,25.06,31.68,2023,14
2023-04-17,0.0,24.61,31.19,2023,15
2023-04-18,0.0,25.61,29.7,2023,15
2023-04-19,0.0,25.45,32.52,2023,15
2023-04-20,0.03,25.74,33.53,2023,15
2023-04-21,1.72,24.23,34.87,2023,15
2023-04-22,3.28,21.54,41.45,2023,15
2023-04-23,2.72,20.81,43.94,2023,15
2023-04-24,3.64,20.08,50.83,2023,16
2023-04-25,0.41,20.11,46.27,2023,16
2023-04-26,0.25,21.01,41.14,2023,16
2023-04-27,0.01,21.28,40.14,2023,16
2023-04-28,2.65,21.53,43.26,2023,16
2023-04-29,7.79,21.56,51.93,2023,16
2023-04-30,5.87,17.46,75.96,2023,16
2023-05-01,0.07,18.66,61.34,2023,17
2023-05-02,0.0,18.27,57.8,2023,17
2023-05-03,0.95,19.4,62.42,2023,17
2023-05-04,11.28,18.86,70.23,2023,17
2023-05-05,0.01,20.76,53.31,2023,17
2023-05-06,0.0,22.71,46.79,2023,17
2023-05-07,0.01,23.33,45.38,2023,17
2023-05-08,0.02,23.72,35.85,2023,18
2023-05-09,0.0,23.47,31.95,2023,18
2023-05-10,0.0,23.57,28.35,2023,18
2023-05-11,0.0,23.05,23.12,2023,18
2023-05-12,0.0,23.22,33.16,2023,18
2023-05-13,0.09,24.68,42.07,2023,18
2023-05-14,3.17,24.57,46.77,2023,18
2023-05-15,11.18,22.79,56.19,2023,19
2023-05-16,2.37,22.66,53.11,2023,19
2023-05-17,13.32,22.97,56.58,2023,19
2023-05-18,3.45,22.54,62.84,2023,19
2023-05-19,1.13,22.97,51.75,2023,19
2023-05-20,0.39,23.06,43.2,2023,19
2023-05-21,0.91,23.81,41.88,2023,19
2023-05-22,4.31,24.5,47.85,2023,20
2023-05-23,3.52,23.78,56.1,2023,20
2023-05-24,0.43,23.32,60.39,2023,20
2023-05-25,4.88,22.53,63.57,2023,20
2023-05-26,2.32,21.94,57.21,2023,20
2023-05-27,11.68,21.88,58.48,2023,20
2023-05-28,1.88,21.69,63.2,2023,20
2023-05-29,0.08,24.05,52.74,2023,21
2023-05-30,0.0,25.83,43.0,2023,21
2023-05-31,0.0,27.05,38.83,2023,21
2023-06-01,0.0,25.98,41.9,2023,21
2023-06-02,0.05,25.63,39.0,2023,21
2023-06-03,0.01,26.11,37.85,2023,21
2023-06-04,0.0,26.43,38.62,2023,21
2023-06-05,0.03,26.22,39.71,2023,22
2023-06-06,0.4,26.66,41.34,2023,22
2023-06-07,0.92,27.13,40.99,2023,22
2023-06-08,0.01,28.03,37.42,2023,22
2023-06-09,0.0,28.35,35.96,2023,22
2023-06-10,0.08,27.07,46.5,2023,22
2023-06-11,3.82,27.12,49.66,2023,22
2023-06-12,12.7,26.48,57.58,2023,23
2023-06-13,17.44,24.93,70.13,2023,23
2023-06-14,23.53,24.85,69.37,2023,23
2023-06-15,9.98,26.31,61.51,2023,23
2023-06-16,0.7,26.5,57.22,2023,23
2023-06-17,6.56,27.76,52.7,2023,23
2023-06-18,15.45,26.83,61.24,2023,23
2023-06-19,6.06,26.33,62.35,2023,24
2023-06-20,0.53,26.28,58.49,2023,24
2023-06-21,1.16,25.64,58.16,2023,24
2023-06-22,2.73,25.46,65.1,2023,24
2023-06-23,0.04,25.98,69.35,2023,24
2023-06-24,0.01,24.51,77.6,2023,24
2023-06-25,0.06,24.67,73.25,2023,24
2023-06-26,0.33,25.47,68.51,2023,25
2023-06-27,5.93,24.51,75.65,2023,25
2023-06-28,5.34,23.66,77.98,2023,25
2023-06-29,8.97,23.39,82.77,2023,25
2023-06-30,5.27,22.77,85.82,2023,25
2023-07-01,17.57,22.85,85.86,2023,25
2023-07-02,7.88,24.23,82.54,2023,25
2023-07-03,17.1,23.39,87.64,2023,26
2023-07-04,34.34,22.58,90.66,2023,26
2023-07-05,6.83,22.34,88.74,2023,26
2023-07-06,0.88,23.73,82.47,2023,26
2023-07-07,1.6,23.65,83.73,2023,26
2023-07-08,0.63,23.85,86.81,2023,26
2023-07-09,1.02,24.2,87.6,2023,26
2023-07-10,5.21,24.03,86.76,2023,27
2023-07-11,7.98,23.9,87.91,2023,27
2023-07-12,4.97,24.22,87.58,2023,27
2023-07-13,25.14,22.9,92.79,2023,27
2023-07-14,22.53,22.52,90.66,2023,27
2023-07-15,17.7,23.63,87.97,2023,27
2023-07-16,4.31,23.7,87.41,2023,27
2023-07-17,11.89,23.46,86.54,2023,28
2023-07-18,18.55,23.04,82.32,2023,28
2023-07-19,1.35,24.06,79.11,2023,28
2023-07-20,3.32,24.29,85.77,2023,28
2023-07-21,3.45,24.06,82.38,2023,28
2023-07-22,12.13,24.14,82.56,2023,28
2023-07-23,13.26,23.82,85.35,2023,28
2023-07-24,10.98,22.47,86.49,2023,29
2023-07-25,20.54,22.83,86.51,2023,29
2023-07-26,6.04,22.56,87.2,2023,29
2023-07-27,5.74,22.88,85.45,2023,29
2023-07-28,11.33,23.18,90.0,2023,29
2023-07-29,32.43,22.94,93.02,2023,29
2023-07-30,10.34,22.71,91.16,2023,29
2023-07-31,12.75,24.01,85.99,2023,30
2023-08-01,5.24,24.67,81.28,2023,30
2023-08-02,5.68,24.0,86.68,2023,30
2023-08-03,1.87,24.01,86.48,2023,30
2023-08-04,1.46,22.56,90.36,2023,30
2023-08-05,4.96,22.79,90.72,2023,30
2023-08-06,17.82,22.77,89.87,2023,30
2023-08-07,27.02,22.51,94.54,2023,31
2023-08-08,44.27,23.16,92.2,2023,31
2023-08-09,10.87,22.8,92.61,2023,31
2023-08-10,2.45,23.1,92.45,2023,31
2023-08-11,9.29,22.79,92.94,2023,31
2023-08-12,42.02,23.17,93.13,2023,31
2023-08-13,13.12,22.1,95.13,2023,31
2023-08-14,2.23,22.66,90.67,2023,32
2023-08-15,1.72,22.54,90.47,2023,32
2023-08-16,8.85,23.43,89.51,2023,32
2023-08-17,9.31,23.67,89.13,2023,32
2023-08-18,4.96,23.51,90.52,2023,32
2023-08-19,1.2,23.68,88.82,2023,32
2023-08-20,7.8,22.56,90.3,2023,32
2023-08-21,12.82,22.6,90.09,2023,33
2023-08-22,9.27,22.77,91.5,2023,33
2023-08-23,18.72,22.15,95.37,2023,33
2023-08-24,25.64,22.56,94.02,2023,33
2023-08-25,34.84,22.0,94.93,2023,33
2023-08-26,20.28,21.86,93.0,2023,33
2023-08-27,10.81,22.95,92.83,2023,33
2023-08-28,2.08,22.16,91.48,2023,34
2023-08-29,2.55,22.05,89.74,2023,34
2023-08-30,0.23,22.58,89.55,2023,34
2023-08-31,0.57,22.49,90.79,2023,34
2023-09-01,2.68,22.26,93.56,2023,34
2023-09-02,2.94,22.5,93.58,2023,34
2023-09-03,6.69,23.42,90.22,2023,34
2023-09-04,8.36,23.37,87.37,2023,35
2023-09-05,0.55,22.98,85.16,2023,35
2023-09-06,1.48,23.62,81.96,2023,35
2023-09-07,5.82,23.07,81.78,2023,35
2023-09-08,14.5,21.65,90.19,2023,35
2023-09-09,4.38,21.54,90.94,2023,35
2023-09-10,1.61,22.77,86.74,2023,35
2023-09-11,13.72,22.85,91.41,2023,36
2023-09-12,17.84,22.36,92.95,2023,36
2023-09-13,8.02,22.83,86.24,2023,36
2023-09-14,7.5,22.88,89.39,2023,36
2023-09-15,0.7,22.31,89.95,2023,36
2023-09-16,0.34,22.75,85.95,2023,36
2023-09-17,2.3,22.78,87.35,2023,36
2023-09-18,3.51,22.73,86.29,2023,37
2023-09-19,8.68,22.33,88.08,2023,37
2023-09-20,4.2,22.16,85.03,2023,37
2023-09-21,3.73,21.69,89.77,2023,37
2023-09-22,11.24,21.13,89.28,2023,37
2023-09-23,9.3,20.81,90.09,2023,37
2023-09-24,4.0,21.41,88.62,2023,37
2023-09-25,1.0,20.95,89.9,2023,38
2023-09-26,1.12,21.79,90.01,2023,38
2023-09-27,1.75,21.93,91.31,2023,38
2023-09-28,2.75,22.34,87.38,2023,38
2023-09-29,0.58,23.13,82.21,2023,38
2023-09-30,5.18,21.83,90.11,2023,38
2023-10-01,5.34,21.58,91.23,2023,38
2023-10-02,7.36,21.45,91.48,2023,39
2023-10-03,12.06,21.47,91.04,2023,39
2023-10-04,9.01,20.99,90.23,2023,39
2023-10-05,2.91,20.96,89.72,2023,39
2023-10-06,3.9,20.91,90.64,2023,39
2023-10-07,0.71,20.85,91.56,2023,39
2023-10-08,0.28,21.05,87.05,2023,39
2023-10-09,0.76,20.69,88.19,2023,40
2023-10-10,0.44,20.88,88.53,2023,40
2023-10-11,0.83,20.49,78.14,2023,40
2023-10-12,1.38,19.79,76.67,2023,40
2023-10-13,0.03,19.75,74.07,2023,40
2023-10-14,0.04,18.97,76.98,2023,40
2023-10-15,0.02,18.57,84.23,2023,40
2023-10-16,2.08,18.84,86.92,2023,41
2023-10-17,3.45,18.44,82.19,2023,41
2023-10-18,0.03,17.96,74.4,2023,41
2023-10-19,0.0,17.46,74.68,2023,41
2023-10-20,0.0,17.23,73.61,2023,41
2023-10-21,0.0,17.25,70.8,2023,41
2023-10-22,0.0,17.68,67.16,2023,41
2023-10-23,0.0,18.1,64.94,2023,42
2023-10-24,0.0,18.19,64.95,2023,42
2023-10-25,0.0,18.23,70.24,2023,42
2023-10-26,0.0,17.78,75.24,2023,42
2023-10-27,0.0,17.05,79.54,2023,42
2023-10-28,0.0,17.03,76.28,2023,42
2023-10-29,0.0,17.19,78.31,2023,42
2023-10-30,0.0,17.9,72.76,2023,43
2023-10-31,0.0,18.46,72.19,2023,43
2023-11-01,0.0,18.01,75.96,2023,43
2023-11-02,0.0,17.67,77.37,2023,43
2023-11-03,0.0,17.48,74.04,2023,43
2023-11-04,0.0,16.6,74.94,2023,43
2023-11-05,0.04,16.44,73.43,2023,43
2023-11-06,0.0,16.19,73.68,2023,44
2023-11-07,0.0,15.93,73.51,2023,44
2023-11-08,0.0,15.74,71.38,2023,44
2023-11-09,0.0,15.82,68.88,2023,44
2023-11-10,0.0,16.27,72.17,2023,44
2023-11-11,0.0,16.17,74.57,2023,44
2023-11-12,0.0,16.0,78.03,2023,44
2023-11-13,0.0,16.53,75.06,2023,45
2023-11-14,0.0,17.3,69.99,2023,45
2023-11-15,0.0,16.91,78.45,2023,45
2023-11-16,0.0,17.19,72.36,2023,45
2023-11-17,0.0,17.72,65.92,2023,45
2023-11-18,0.0,16.34,78.53,2023,45
2023-11-19,0.0,16.5,83.22,2023,45
2023-11-20,0.0,16.94,77.38,2023,46
2023-11-21,0.0,15.95,73.87,2023,46
2023-11-22,0.0,14.94,75.11,2023,46
2023-11-23,0.0,15.34,68.75,2023,46
2023-11-24,0.0,15.74,69.9,2023,46
2023-11-25,0.0,15.49,74.17,2023,46
2023-11-26,0.0,16.22,71.57,2023,46
2023-11-27,0.0,16.05,69.49,2023,47
2023-11-28,0.0,15.9,74.83,2023,47
2023-11-29,0.0,15.84,70.36,2023,47
2023-11-30,0.0,15.55,66.27,2023,47
2023-12-01,0.0,15.33,69.1,2023,47
2023-12-02,0.0,15.75,61.34,2023,47
2023-12-03,0.0,15.68,59.27,2023,47
2023-12-04,0.0,15.74,59.0,2023,48
2023-12-05,0.03,15.83,64.98,2023,48
2023-12-06,2.52,15.12,68.67,2023,48
2023-12-07,0.9,13.81,70.41,2023,48
2023-12-08,0.03,12.75,73.44,2023,48
2023-12-09,0.0,12.55,68.39,2023,48
2023-12-10,0.0,12.07,64.66,2023,48
2023-12-11,0.01,11.92,62.19,2023,49
2023-12-12,0.0,11.9,63.02,2023,49
2023-12-13,0.0,11.81,61.83,2023,49
2023-12-14,0.0,11.7,61.2,2023,49
2023-12-15,0.0,11.79,58.35,2023,49
2023-12-16,0.0,12.3,58.24,2023,49
2023-12-17,0.0,12.05,56.55,2023,49
2023-12-18,0.0,12.04,51.01,2023,50
2023-12-19,0.0,11.89,55.96,2023,50
2023-12-20,0.0,12.42,59.32,2023,50
2023-12-21,0.0,13.67,59.77,2023,50
2023-12-22,0.0,13.19,67.57,2023,50
2023-12-23,0.0,13.87,72.52,2023,50
2023-12-24,0.0,13.75,73.47,2023,50
2023-12-25,0.0,12.88,71.65,2023,51
2023-12-26,0.0,12.77,71.26,2023,51
2023-12-27,0.0,13.12,72.26,2023,51
2023-12-28,0.0,12.94,71.74,2023,51
2023-12-29,0.0,13.04,61.07,2023,51
2023-12-30,0.0,12.71,55.23,2023,51
2023-12-31,0.0,12.72,52.05,2023,51
2024-01-01,0.0,11.75,55.54,2023,52
2024-01-02,0.0,11.25,56.73,2023,52
2024-01-03,0.0,11.32,57.83,2023,52
2024-01-04,0.0,11.38,56.08,2023,52
2024-01-05,0.0,11.76,53.57,2023,52
2024-01-06,0.0,11.7,58.13,2023,52
2024-01-07,0.0,12.02,67.66,2023,52
2024-01-08,0.0,11.48,68.5,2024,1
2024-01-09,0.0,11.74,54.8,2024,1
2024-01-10,0.0,12.27,51.43,2024,1
2024-01-11,0.0,10.34,60.04,2024,1
2024-01-12,0.0,10.77,53.15,2024,1
2024-01-13,0.0,11.56,51.01,2024,1
2024-01-14,0.0,11.95,53.15,2024,1
2024-01-15,0.0,11.29,55.62,2024,2
2024-01-16,0.0,10.76,57.79,2024,2
2024-01-17,0.0,9.65,61.78,2024,2
2024-01-18,0.0,9.12,61.2,2024,2
2024-01-19,0.0,8.63,58.01,2024,2
2024-01-20,0.0,9.33,52.95,2024,2
2024-01-21,0.0,8.93,51.78,2024,2
2024-01-22,0.0,8.68,53.88,2024,3
2024-01-23,0.0,9.86,52.08,2024,3
2024-01-24,0.0,9.69,51.09,2024,3
2024-01-25,0.0,8.67,51.85,2024,3
2024-01-26,0.0,8.8,52.5,2024,3
2024-01-27,0.0,9.11,51.22,2024,3
2024-01-28,0.0,9.49,51.73,2024,3
2024-01-29,0.0,10.66,48.9,2024,4
2024-01-30,0.0,10.08,52.29,2024,4
2024-01-31,0.0,10.5,54.13,2024,4
2024-02-01,0.0,10.65,54.67,2024,4
2024-02-02,0.01,10.63,53.24,2024,4
2024-02-03,0.0,11.26,43.3,2024,4
2024-02-04,0.19,10.09,54.34,2024,4
2024-02-05,0.01,10.58,64.13,2024,5
2024-02-06,0.0,11.47,54.62,2024,5
2024-02-07,0.0,10.98,44.48,2024,5
2024-02-08,0.0,10.3,37.86,2024,5
2024-02-09,0.0,10.83,36.01,2024,5
2024-02-10,0.0,12.51,34.69,2024,5
2024-02-11,0.0,13.6,31.01,2024,5
2024-02-12,0.18,13.89,35.07,2024,6
2024-02-13,0.08,14.59,38.39,2024,6
2024-02-14,0.55,12.64,50.75,2024,6
2024-02-15,0.2,13.54,54.63,2024,6
2024-02-16,0.0,14.29,46.51,2024,6
2024-02-17,0.0,13.57,47.5,2024,6
2024-02-18,0.0,14.06,40.44,2024,6
2024-02-19,0.0,14.52,41.68,2024,7
2024-02-20,0.3,15.57,45.1,2024,7
2024-02-21,0.95,13.97,58.12,2024,7
2024-02-22,0.0,13.51,58.05,2024,7
2024-02-23,0.0,12.02,37.64,2024,7
2024-02-24,0.0,11.72,29.66,2024,7
2024-02-25,0.0,12.18,30.56,2024,7
2024-02-26,0.0,14.52,30.58,2024,8
2024-02-27,0.0,15.78,33.2,2024,8
2024-02-28,0.0,15.09,46.29,2024,8
2024-02-29,0.0,15.16,49.07,2024,8
2024-03-01,0.0,16.16,41.75,2024,8
2024-03-02,0.02,16.4,41.65,2024,8
2024-03-03,1.95,15.02,58.86,2024,8
2024-03-04,0.06,15.56,52.34,2024,9
2024-03-05,0.0,15.14,38.96,2024,9
2024-03-06,0.0,16.14,31.91,2024,9
2024-03-07,0.0,16.32,33.56,2024,9
2024-03-08,0.0,15.95,35.47,2024,9
2024-03-09,0.0,15.86,36.63,2024,9
2024-03-10,0.0,15.93,34.68,2024,9
2024-03-11,0.0,17.45,34.81,2024,10
2024-03-12,0.0,18.08,34.06,2024,10
2024-03-13,0.0,18.36,34.91,2024,10
2024-03-14,0.0,17.33,35.77,2024,10
2024-03-15,0.0,18.6,33.05,2024,10
2024-03-16,0.01,17.79,31.11,2024,10
2024-03-17,0.0,18.03,24.66,2024,10
2024-03-18,0.0,18.62,23.99,2024,11
2024-03-19,2.57,18.33,30.63,2024,11
2024-03-20,32.52,14.13,69.16,2024,11
2024-03-21,3.99,13.08,83.66,2024,11
2024-03-22,0.3,15.38,68.54,2024,11
2024-03-23,0.31,16.96,59.45,2024,11
2024-03-24,0.04,18.47,42.25,2024,11
2024-03-25,0.54,17.06,52.0,2024,12
2024-03-26,0.0,18.4,53.56,2024,12
2024-03-27,0.01,18.7,48.47,2024,12
2024-03-28,0.0,19.31,48.18,2024,12
2024-03-29,0.0,20.19,52.84,2024,12
2024-03-30,0.01,21.47,49.42,2024,12
2024-03-31,0.02,22.31,40.92,2024,12
2024-04-01,0.0,21.01,35.94,2024,13
2024-04-02,0.0,21.04,33.46,2024,13
2024-04-03,0.0,21.9,28.92,2024,13
2024-04-04,0.0,23.2,30.39,2024,13
2024-04-05,0.0,23.2,32.12,2024,13
2024-04-06,0.0,22.62,33.71,2024,13
2024-04-07,0.0,23.0,28.67,2024,13
2024-04-08,0.0,21.71,22.3,2024,14
2024-04-09,0.0,21.37,22.33,2024,14
2024-04-10,0.01,21.65,24.67,2024,14
2024-04-11,0.45,21.42,27.33,2024,14
2024-04-12,3.34,20.71,30.88,2024,14
2024-04-13,0.08,21.47,33.47,2024,14
2024-04-14,0.25,22.54,35.84,2024,14
2024-04-15,1.06,23.71,36.31,2024,15
2024-04-16,0.58,24.43,40.16,2024,15
2024-04-17,0.14,23.6,40.12,2024,15
2024-04-18,0.01,23.94,33.63,2024,15
2024-04-19,0.0,24.47,30.7,2024,15
2024-04-20,0.01,25.59,25.72,2024,15
2024-04-21,0.03,24.59,24.16,2024,15
2024-04-22,0.0,24.85,27.18,2024,16
2024-04-23,0.0,24.46,27.64,2024,16
2024-04-24,0.0,23.55,29.65,2024,16
2024-04-25,0.0,24.27,24.16,2024,16
2024-04-26,0.0,25.23,21.71,2024,16
2024-04-27,0.0,25.85,26.64,2024,16
2024-04-28,0.0,25.89,28.67,2024,16
2024-04-29,0.0,26.15,24.1,2024,17
2024-04-30,0.0,26.64,22.96,2024,17
2024-05-01,0.0,25.02,20.26,2024,17
2024-05-02,0.0,22.74,19.16,2024,17
2024-05-03,0.0,24.57,17.53,2024,17
2024-05-04,0.0,23.81,21.02,2024,17
2024-05-05,0.15,23.35,24.59,2024,17
2024-05-06,1.12,23.6,35.53,2024,18
2024-05-07,8.19,20.61,69.0,2024,18
2024-05-08,11.82,19.16,75.62,2024,18
2024-05-09,4.24,18.02,80.8,2024,18
2024-05-10,2.99,21.0,65.8,2024,18
2024-05-11,2.19,22.72,66.0,2024,18
2024-05-12,11.61,22.07,73.92,2024,18
2024-05-13,2.84,22.15,68.39,2024,19
2024-05-14,0.37,23.87,56.21,2024,19
2024-05-15,2.72,24.23,60.04,2024,19
2024-05-16,0.08,25.31,51.93,2024,19
2024-05-17,0.0,25.9,37.93,2024,19
2024-05-18,0.98,26.19,39.46,2024,19
2024-05-19,6.55,25.12,52.4,2024,19
2024-05-20,4.03,23.84,59.94,2024,20
2024-05-21,0.99,24.07,63.32,2024,20
2024-05-22,8.63,23.22,70.57,2024,20
2024-05-23,0.4,24.66,60.82,2024,20
2024-05-24,0.83,26.22,55.56,2024,20
2024-05-25,7.53,26.01,61.84,2024,20
2024-05-26,3.81,26.93,60.54,2024,20
2024-05-27,3.18,26.5,64.74,2024,21
2024-05-28,0.48,26.25,58.65,2024,21
2024-05-29,0.19,27.99,37.87,2024,21
2024-05-30,1.27,27.93,41.22,2024,21
2024-05-31,3.29,26.9,54.61,2024,21
2024-06-01,4.32,25.28,61.47,2024,21
2024-06-02,3.67,25.38,57.46,2024,21
2024-06-03,11.3,24.85,52.64,2024,22
2024-06-04,4.76,24.81,53.83,2024,22
2024-06-05,4.62,24.19,58.8,2024,22
2024-06-06,3.2,24.95,59.33,2024,22
2024-06-07,0.3,25.42,49.39,2024,22
2024-06-08,1.01,26.41,47.18,2024,22
2024-06-09,0.47,27.6,43.46,2024,22
2024-06-10,0.32,27.83,41.47,2024,23
2024-06-11,0.17,27.88,39.07,2024,23
2024-06-12,1.29,26.78,51.39,2024,23
2024-06-13,1.11,27.16,54.62,2024,23
2024-06-14,1.01,27.47,50.72,2024,23
2024-06-15,0.45,27.45,55.92,2024,23
2024-06-16,5.53,26.98,63.6,2024,23
2024-06-17,3.75,27.19,60.55,2024,24
2024-06-18,15.45,28.16,58.19,2024,24
2024-06-19,10.38,27.29,62.32,2024,24
2024-06-20,11.4,25.54,73.55,2024,24
2024-06-21,0.97,24.47,73.43,2024,24
2024-06-22,5.02,25.1,74.44,2024,24
2024-06-23,7.81,24.81,78.88,2024,24
2024-06-24,8.57,25.87,72.75,2024,25
2024-06-25,74.23,24.76,84.73,2024,25
2024-06-26,114.32,22.91,93.86,2024,25
2024-06-27,4.26,23.86,86.3,2024,25
2024-06-28,10.96,23.52,89.05,2024,25
2024-06-29,24.29,23.16,91.17,2024,25
2024-06-30,53.49,22.59,93.28,2024,25
2024-07-01,27.3,23.15,91.68,2024,26
2024-07-02,28.31,23.36,94.33,2024,26
2024-07-03,10.5,22.79,90.91,2024,26
2024-07-04,6.21,23.5,88.63,2024,26
2024-07-05,25.86,22.71,90.4,2024,26
2024-07-06,55.36,22.58,95.34,2024,26
2024-07-07,12.97,22.66,94.25,2024,26
2024-07-08,1.73,23.59,91.18,2024,27
2024-07-09,5.52,23.94,88.44,2024,27
2024-07-10,19.2,22.74,92.9,2024,27
2024-07-11,19.74,22.42,93.32,2024,27
2024-07-12,15.38,22.1,91.37,2024,27
2024-07-13,6.83,22.92,90.54,2024,27
2024-07-14,4.22,23.72,92.31,2024,27
2024-07-15,4.32,24.31,90.22,2024,28
2024-07-16,5.04,23.3,87.86,2024,28
2024-07-17,9.06,24.14,90.22,2024,28
2024-07-18,4.49,23.9,91.15,2024,28
2024-07-19,15.15,24.4,88.24,2024,28
2024-07-20,2.91,24.03,91.87,2024,28
2024-07-21,6.06,23.18,92.28,2024,28
2024-07-22,12.19,23.33,86.12,2024,29
2024-07-23,12.27,23.39,87.01,2024,29
2024-07-24,9.33,23.82,89.98,2024,29
2024-07-25,2.39,24.12,88.26,2024,29
2024-07-26,3.62,24.66,85.22,2024,29
2024-07-27,4.02,25.5,85.68,2024,29
2024-07-28,0.44,24.81,84.74,2024,29
2024-07-29,1.79,24.1,88.18,2024,30
2024-07-30,26.08,24.18,90.94,2024,30
2024-07-31,40.67,23.54,91.39,2024,30
2024-08-01,15.3,24.01,87.58,2024,30
2024-08-02,5.54,23.46,84.61,2024,30
2024-08-03,3.35,22.22,88.52,2024,30
2024-08-04,1.39,22.67,88.74,2024,30
2024-08-05,10.23,22.98,92.62,2024,31
2024-08-06,52.07,22.49,92.68,2024,31
2024-08-07,18.26,22.63,91.49,2024,31
2024-08-08,11.2,22.86,92.55,2024,31
2024-08-09,10.99,21.77,94.38,2024,31
2024-08-10,6.82,22.14,90.12,2024,31
2024-08-11,41.16,22.8,93.05,2024,31
2024-08-12,6.46,23.12,92.8,2024,32
2024-08-13,7.34,22.72,91.71,2024,32
2024-08-14,32.44,22.77,91.29,2024,32
2024-08-15,7.69,23.57,88.99,2024,32
2024-08-16,4.15,23.13,87.57,2024,32
2024-08-17,20.49,23.3,89.32,2024,32
2024-08-18,5.77,23.27,83.04,2024,32
2024-08-19,3.27,22.81,88.29,2024,33
2024-08-20,0.44,22.5,86.5,2024,33
2024-08-21,0.56,22.28,83.63,2024,33
2024-08-22,4.57,22.77,84.06,2024,33
2024-08-23,1.65,22.83,87.7,2024,33
2024-08-24,0.25,23.06,87.8,2024,33
2024-08-25,0.25,23.11,85.37,2024,33
2024-08-26,2.65,22.27,92.84,2024,34
2024-08-27,4.76,21.88,91.53,2024,34
2024-08-28,1.93,22.83,89.82,2024,34
2024-08-29,5.57,23.25,88.37,2024,34
2024-08-30,0.99,23.99,86.93,2024,34
2024-08-31,1.82,23.68,92.01,2024,34
2024-09-01,0.27,22.18,88.55,2024,34
2024-09-02,0.13,23.06,87.39,2024,35
2024-09-03,4.84,22.63,92.29,2024,35
2024-09-04,13.17,21.53,89.04,2024,35
2024-09-05,6.05,22.62,85.55,2024,35
2024-09-06,0.06,22.74,91.67,2024,35
2024-09-07,0.99,23.2,87.62,2024,35
2024-09-08,0.48,23.28,89.34,2024,35
2024-09-09,0.22,23.28,87.43,2024,36
2024-09-10,0.11,23.58,86.6,2024,36
2024-09-11,2.15,22.92,91.4,2024,36
2024-09-12,2.2,22.86,89.07,2024,36
2024-09-13,3.12,22.93,86.32,2024,36
2024-09-14,9.41,22.99,85.12,2024,36
2024-09-15,5.98,22.21,87.87,2024,36
2024-09-16,2.73,22.11,83.23,2024,37
2024-09-17,0.05,21.86,81.45,2024,37
2024-09-18,0.0,23.14,83.18,2024,37
2024-09-19,0.07,23.23,90.0,2024,37
2024-09-20,0.39,23.15,81.17,2024,37
2024-09-21,1.14,24.38,75.57,2024,37
2024-09-22,1.11,24.92,76.56,2024,37
2024-09-23,0.58,24.91,78.91,2024,38
2024-09-24,47.54,22.57,90.47,2024,38
2024-09-25,55.89,20.85,92.45,2024,38
2024-09-26,16.56,20.69,92.08,2024,38
2024-09-27,76.28,19.34,91.16,2024,38
2024-09-28,93.26,19.02,94.48,2024,38
2024-09-29,0.43,21.45,90.49,2024,38
2024-09-30,0.07,21.83,92.32,2024,39
2024-10-01,0.87,22.36,92.07,2024,39
2024-10-02,2.29,22.03,92.69,2024,39
2024-10-03,6.95,21.56,92.79,2024,39
2024-10-04,4.24,21.71,90.14,2024,39
2024-10-05,0.39,21.1,91.7,2024,39
2024-10-06,0.55,21.67,85.77,2024,39
2024-10-07,0.29,20.82,87.48,2024,40
2024-10-08,0.07,20.89,87.42,2024,40
2024-10-09,0.2,21.06,86.77,2024,40
2024-10-10,0.02,20.44,88.42,2024,40
2024-10-11,0.0,20.59,88.21,2024,40
2024-10-12,0.0,20.23,86.97,2024,40
2024-10-13,0.0,19.76,89.01,2024,40
2024-10-14,0.0,19.24,91.08,2024,41
2024-10-15,0.01,18.99,88.45,2024,41
2024-10-16,0.36,18.84,82.66,2024,41
2024-10-17,0.56,19.0,79.07,2024,41
2024-10-18,0.08,18.91,85.77,2024,41
2024-10-19,1.28,18.65,87.87,2024,41
2024-10-20,5.26,18.32,86.23,2024,41
2024-10-21,0.29,18.58,88.45,2024,42
2024-10-22,0.0,19.86,77.23,2024,42
2024-10-23,0.0,20.46,75.54,2024,42
2024-10-24,0.01,19.47,79.62,2024,42
2024-10-25,0.27,18.74,85.96,2024,42
2024-10-26,0.0,19.36,86.16,2024,42
2024-10-27,0.0,19.61,87.84,2024,42
2024-10-28,0.0,19.99,88.55,2024,43
2024-10-29,0.01,19.79,86.84,2024,43
2024-10-30,0.06,19.42,90.3,2024,43
2024-10-31,0.01,19.33,91.8,2024,43
2024-11-01,0.0,19.17,89.18,2024,43
2024-11-02,0.0,18.66,86.33,2024,43
2024-11-03,0.03,18.65,89.42,2024,43
2024-11-04,0.3,17.56,90.54,2024,44
2024-11-05,0.0,17.48,78.16,2024,44
2024-11-06,0.0,17.5,87.74,2024,44
2024-11-07,0.02,17.79,85.0,2024,44
2024-11-08,0.22,17.87,86.7,2024,44
2024-11-09,0.01,17.31,89.33,2024,44
2024-11-10,0.0,17.16,92.89,2024,44
2024-11-11,0.01,17.14,90.28,2024,45
2024-11-12,0.02,16.92,89.43,2024,45
2024-11-13,0.0,16.86,87.43,2024,45
2024-11-14,0.0,16.63,84.32,2024,45
2024-11-15,0.0,16.82,78.93,2024,45
2024-11-16,0.0,15.88,77.04,2024,45
2024-11-17,0.0,15.46,75.69,2024,45
2024-11-18,0.0,15.42,81.84,2024,46
2024-11-19,0.0,15.6,83.28,2024,46
2024-11-20,0.0,14.75,80.33,2024,46
2024-11-21,0.0,14.6,78.81,2024,46
2024-11-22,0.06,13.84,78.16,2024,46
2024-11-23,0.0,13.34,76.05,2024,46
2024-11-24,0.0,13.52,78.83,2024,46
2024-11-25,0.0,13.51,83.57,2024,47
2024-11-26,0.0,13.51,82.87,2024,47
2024-11-27,0.0,13.8,84.31,2024,47
2024-11-28,0.0,13.88,82.87,2024,47
2024-11-29,0.0,14.69,80.81,2024,47
2024-11-30,0.0,14.45,80.8,2024,47
2024-12-01,0.0,14.22,79.53,2024,47
2024-12-02,0.0,13.91,75.31,2024,48
2024-12-03,0.0,14.0,66.96,2024,48
2024-12-04,0.0,14.16,63.21,2024,48
2024-12-05,0.0,12.81,71.44,2024,48
2024-12-06,0.0,11.9,70.51,2024,48
2024-12-07,0.0,11.88,72.79,2024,48
2024-12-08,0.0,11.69,64.3,2024,48
2024-12-09,0.0,10.3,75.41,2024,49
2024-12-10,0.0,9.75,70.65,2024,49
2024-12-11,0.0,10.89,63.41,2024,49
2024-12-12,0.0,11.73,60.19,2024,49
2024-12-13,0.0,11.6,52.37,2024,49
2024-12-14,0.0,11.01,55.64,2024,49
2024-12-15,0.0,11.36,62.04,2024,49
2024-12-16,0.0,13.56,65.28,2024,50
2024-12-17,0.0,13.19,71.41,2024,50
2024-12-18,0.0,12.96,68.76,2024,50
2024-12-19,0.0,13.22,70.11,2024,50
2024-12-20,0.0,12.77,67.32,2024,50
2024-12-21,0.0,11.95,65.74,2024,50
2024-12-22,0.0,11.82,70.33,2024,50
2024-12-23,0.0,11.72,68.53,2024,51
2024-12-24,0.0,12.27,68.82,2024,51
2024-12-25,0.0,12.44,72.94,2024,51
2024-12-26,0.0,12.81,71.31,2024,51
2024-12-27,0.0,13.69,66.21,2024,51
2024-12-28,0.0,12.88,65.81,2024,51
2024-12-29,0.0,13.23,69.62,2024,51
2024-12-30,0.0,12.47,80.81,2024,52
2024-12-31,0.0,11.69,81.11,2024,52
2025-01-01,0.0,11.1,71.5,2024,52
2025-01-02,0.0,11.0,64.14,2024,52
2025-01-03,0.0,11.69,63.3,2024,52
2025-01-04,0.0,11.77,65.78,2024,52
2025-01-05,0.0,12.22,66.76,2024,52
2025-01-06,0.0,13.54,73.59,2025,1
2025-01-07,1.2,11.44,80.95,2025,1
2025-01-08,0.22,9.17,73.69,2025,1
2025-01-09,0.0,9.33,68.02,2025,1
2025-01-10,0.0,10.73,62.04,2025,1
2025-01-11,0.0,12.1,63.19,2025,1
2025-01-12,0.0,12.42,67.23,2025,1
2025-01-13,0.0,11.88,70.24,2025,2
2025-01-14,0.0,11.73,69.79,2025,2
2025-01-15,0.0,11.94,70.05,2025,2
2025-01-16,0.0,11.91,62.81,2025,2
2025-01-17,0.0,13.73,55.17,2025,2
2025-01-18,0.0,13.38,54.16,2025,2
2025-01-19,0.0,13.95,53.69,2025,2
2025-01-20,0.0,14.17,50.56,2025,3
2025-01-21,0.0,14.79,50.73,2025,3
2025-01-22,0.0,15.26,46.89,2025,3
2025-01-23,0.0,14.23,45.74,2025,3
2025-01-24,0.0,12.46,52.52,2025,3
2025-01-25,0.0,11.99,53.79,2025,3
2025-01-26,0.0,11.01,56.22,2025,3
2025-01-27,0.0,12.42,55.45,2025,4
2025-01-28,0.0,12.46,53.51,2025,4
2025-01-29,0.0,11.93,52.9,2025,4
2025-01-30,0.0,12.38,52.21,2025,4
2025-01-31,0.0,12.99,45.93,2025,4
2025-02-01,0.0,13.6,41.26,2025,4
2025-02-02,0.0,13.48,41.08,2025,4
2025-02-03,0.0,14.39,39.76,2025,5
2025-02-04,0.0,15.16,40.7,2025,5
2025-02-05,0.0,15.78,52.3,2025,5
2025-02-06,0.0,14.22,48.6,2025,5
2025-02-07,0.0,14.15,37.23,2025,5
2025-02-08,0.0,13.39,37.7,2025,5
2025-02-09,0.0,12.83,41.16,2025,5
2025-02-10,0.0,13.72,41.6,2025,6
2025-02-11,0.0,14.52,37.97,2025,6
2025-02-12,0.0,14.27,41.2,2025,6
2025-02-13,0.0,12.91,47.03,2025,6
2025-02-14,0.0,12.98,37.28,2025,6
2025-02-15,0.0,12.17,35.59,2025,6
2025-02-16,0.0,12.84,40.35,2025,6
2025-02-17,0.04,13.54,47.09,2025,7
2025-02-18,0.35,13.62,47.16,2025,7
2025-02-19,0.01,14.13,44.59,2025,7
2025-02-20,0.01,14.76,46.26,2025,7
2025-02-21,0.04,14.55,49.84,2025,7
2025-02-22,0.06,15.05,49.67,2025,7
2025-02-23,0.05,13.76,54.69,2025,7
2025-02-24,0.06,13.76,63.73,2025,8
2025-02-25,0.0,14.89,51.69,2025,8
2025-02-26,0.0,15.97,45.08,2025,8
2025-02-27,0.0,15.19,51.47,2025,8
2025-02-28,0.6,15.05,60.31,2025,8
2025-03-01,233.66,11.96,67.05,2025,8
2025-03-02,2.88,12.16,59.0,2025,8
2025-03-03,0.0,14.28,45.7,2025,9
2025-03-04,0.0,14.69,45.29,2025,9
2025-03-05,0.0,13.4,51.35,2025,9
2025-03-06,0.0,13.77,47.18,2025,9
2025-03-07,0.0,13.96,52.1,2025,9
2025-03-08,0.1,14.54,55.59,2025,9
2025-03-09,0.0,15.14,51.41,2025,9
2025-03-10,0.39,16.41,53.13,2025,10
2025-03-11,0.01,17.1,52.19,2025,10
2025-03-12,0.46,18.93,46.14,2025,10
2025-03-13,1.99,18.42,48.46,2025,10
2025-03-14,0.02,18.6,47.76,2025,10
2025-03-15,0.06,20.01,42.36,2025,10
2025-03-16,0.49,20.49,47.7,2025,10
2025-03-17,0.15,19.26,46.57,2025,11
2025-03-18,0.0,17.39,43.88,2025,11
2025-03-19,0.0,19.3,37.5,2025,11
2025-03-20,0.0,18.98,38.93,2025,11
2025-03-21,0.08,17.26,45.78,2025,11
2025-03-22,0.34,16.42,52.54,2025,11
2025-03-23,5.17,15.76,58.69,2025,11
2025-03-24,0.08,17.42,55.99,2025,12
2025-03-25,0.03,19.15,45.02,2025,12
2025-03-26,0.03,20.57,40.47,2025,12
2025-03-27,0.0,21.73,37.52,2025,12
2025-03-28,0.0,22.18,34.93,2025,12
2025-03-29,0.01,22.05,29.11,2025,12
2025-03-30,0.0,21.45,27.95,2025,12
2025-03-31,0.0,21.44,28.16,2025,13
2025-04-01,0.0,20.63,29.34,2025,13
2025-04-02,0.0,21.12,29.1,2025,13
2025-04-03,0.0,20.45,29.58,2025,13
2025-04-04,0.0,21.24,26.39,2025,13
2025-04-05,0.0,20.51,31.73,2025,13
2025-04-06,0.0,21.9,34.2,2025,13
2025-04-07,0.0,21.55,45.07,2025,14
2025-04-08,0.27,21.6,54.33,2025,14
2025-04-09,5.69,20.4,71.81,2025,14
2025-04-10,17.63,18.38,83.8,2025,14
2025-04-11,7.01,18.43,77.04,2025,14
2025-04-12,1.29,20.0,59.67,2025,14
2025-04-13,0.18,19.79,60.53,2025,14
2025-04-14,0.48,17.9,73.09,2025,15
2025-04-15,0.21,19.73,62.55,2025,15
2025-04-16,0.53,20.79,62.47,2025,15
2025-04-17,6.75,20.3,72.63,2025,15
2025-04-18,1.73,19.25,79.32,2025,15
2025-04-19,2.7,20.19,76.81,2025,15
2025-04-20,0.03,22.29,62.78,2025,15
2025-04-21,0.0,24.3,48.64,2025,16
2025-04-22,0.0,25.07,43.13,2025,16
2025-04-23,0.1,24.88,34.28,2025,16
2025-04-24,0.01,25.16,24.53,2025,16
2025-04-25,0.04,23.97,28.04,2025,16
2025-04-26,0.0,25.12,25.11,2025,16
2025-04-27,3.92,22.86,38.0,2025,16
2025-04-28,8.72,20.14,55.99,2025,17
2025-04-29,1.92,17.96,71.09,2025,17
2025-04-30,0.04,18.35,70.99,2025,17
2025-05-01,0.2,19.39,63.29,2025,17
2025-05-02,0.29,19.42,66.42,2025,17
2025-05-03,6.79,20.02,68.07,2025,17
2025-05-04,0.2,20.68,64.43,2025,17
2025-05-05,2.72,19.18,69.97,2025,18
2025-05-06,0.11,20.01,64.33,2025,18
2025-05-07,1.27,21.27,59.99,2025,18
2025-05-08,0.06,23.34,51.06,2025,18
2025-05-09,0.31,24.42,50.27,2025,18
2025-05-10,0.25,25.26,45.32,2025,18
2025-05-11,0.56,25.08,51.53,2025,18
2025-05-12,1.73,23.98,63.79,2025,19
2025-05-13,2.14,24.29,56.98,2025,19
2025-05-14,1.79,24.67,51.56,2025,19
2025-05-15,0.94,25.27,43.59,2025,19
2025-05-16,3.21,24.25,49.01,2025,19
2025-05-17,2.64,23.04,59.55,2025,19
2025-05-18,13.57,21.7,71.48,2025,19
2025-05-19,6.96,21.91,73.67,2025,20
2025-05-20,15.39,22.53,75.57,2025,20
2025-05-21,6.66,22.66,72.95,2025,20
2025-05-22,2.27,22.4,69.02,2025,20
2025-05-23,2.67,21.73,74.92,2025,20
2025-05-24,7.42,21.61,78.57,2025,20
2025-05-25,0.96,23.64,64.41,2025,20
2025-05-26,0.63,22.49,76.26,2025,21
2025-05-27,0.4,23.65,72.9,2025,21
2025-05-28,3.4,25.19,67.11,2025,21
2025-05-29,9.31,24.99,72.26,2025,21
2025-05-30,3.17,24.7,75.6,2025,21
2025-05-31,4.39,24.98,67.19,2025,21
2025-06-01,3.81,25.6,54.92,2025,21
2025-06-02,0.73,24.98,50.81,2025,22
2025-06-03,1.6,24.86,52.41,2025,22
2025-06-04,16.66,21.52,71.35,2025,22
2025-06-05,0.87,22.51,66.78,2025,22
2025-06-06,4.58,22.55,64.65,2025,22
2025-06-07,2.46,23.65,60.46,2025,22
2025-06-08,0.02,24.51,56.99,2025,22
2025-06-09,0.02,25.93,55.41,2025,23
2025-06-10,0.78,26.55,61.01,2025,23
2025-06-11,4.19,25.39,71.66,2025,23
2025-06-12,3.92,24.44,79.55,2025,23
2025-06-13,12.59,23.89,80.74,2025,23
2025-06-14,2.87,23.99,75.66,2025,23
2025-06-15,18.96,22.9,85.93,2025,23
2025-06-16,8.53,23.95,78.87,2025,24
2025-06-17,9.26,23.54,84.01,2025,24
2025-06-18,10.02,23.51,84.11,2025,24
2025-06-19,16.65,23.33,86.13,2025,24
2025-06-20,9.05,23.14,84.38,2025,24
2025-06-21,3.59,24.27,81.71,2025,24
2025-06-22,18.49,24.08,85.38,2025,24
2025-06-23,19.1,22.98,90.38,2025,25
2025-06-24,15.95,23.36,87.53,2025,25
2025-06-25,3.02,23.69,85.13,2025,25
2025-06-26,4.08,23.76,84.17,2025,25
2025-06-27,5.83,24.04,82.3,2025,25
2025-06-28,4.49,23.87,80.94,2025,25
2025-06-29,10.11,22.96,87.68,2025,25
2025-06-30,3.25,23.86,82.18,2025,26
2025-07-01,2.36,23.92,83.54,2025,26
2025-07-02,5.17,23.8,83.1,2025,26
2025-07-03,3.5,23.83,83.41,2025,26
2025-07-04,7.9,23.09,86.56,2025,26
2025-07-05,4.61,23.48,85.34,2025,26
2025-07-06,4.25,23.54,82.8,2025,26
2025-07-07,4.36,23.89,83.66,2025,27
2025-07-08,13.18,23.39,86.2,2025,27
2025-07-09,23.15,22.72,87.59,2025,27
2025-07-10,6.26,22.61,86.39,2025,27
2025-07-11,1.25,23.22,84.61,2025,27
2025-07-12,2.43,23.7,85.08,2025,27
2025-07-13,6.63,23.61,84.21,2025,27
2025-07-14,18.47,23.31,81.66,2025,28
2025-07-15,17.9,22.47,86.99,2025,28
2025-07-16,3.42,22.43,81.64,2025,28
2025-07-17,1.44,22.4,86.04,2025,28
2025-07-18,1.67,23.63,84.94,2025,28
2025-07-19,4.24,24.07,85.57,2025,28
2025-07-20,24.57,22.4,91.06,2025,28
2025-07-21,3.24,23.17,88.64,2025,29
2025-07-22,6.88,24.08,83.06,2025,29
2025-07-23,2.01,24.89,80.01,2025,29
2025-07-24,3.93,23.98,88.84,2025,29
2025-07-25,0.78,24.61,84.72,2025,29
2025-07-26,1.63,23.86,85.45,2025,29
2025-07-27,10.04,23.66,86.27,2025,29
2025-07-28,12.12,23.45,88.67,2025,30
2025-07-29,2.01,23.02,86.44,2025,30
2025-07-30,2.62,23.33,87.54,2025,30
2025-07-31,2.93,22.7,87.26,2025,30
2025-08-01,2.78,23.31,87.65,2025,30
2025-08-02,14.37,23.06,92.33,2025,30
2025-08-03,24.96,22.6,91.78,2025,30
2025-08-04,18.03,22.55,91.8,2025,31
2025-08-05,9.21,21.82,93.46,2025,31
2025-08-06,1.43,22.37,90.25,2025,31
2025-08-07,4.32,22.81,91.75,2025,31
2025-08-08,8.7,22.5,91.97,2025,31
2025-08-09,11.27,22.32,91.39,2025,31
2025-08-10,4.0,22.49,92.58,2025,31
2025-08-11,11.11,22.52,93.64,2025,32
2025-08-12,7.74,23.57,92.71,2025,32
2025-08-13,25.01,22.69,94.89,2025,32
2025-08-14,3.55,21.62,89.47,2025,32
2025-08-15,1.57,22.2,89.55,2025,32
2025-08-16,5.13,22.9,88.46,2025,32
2025-08-17,6.11,23.71,85.35,2025,32
2025-08-18,5.35,23.43,82.02,2025,33
2025-08-19,2.22,23.24,85.68,2025,33
2025-08-20,4.06,22.56,89.05,2025,33
2025-08-21,16.65,22.26,91.44,2025,33
2025-08-22,6.51,22.46,90.28,2025,33
2025-08-23,3.14,22.55,87.28,2025,33
2025-08-24,0.79,22.08,91.29,2025,33
2025-08-25,0.15,22.48,87.77,2025,34
2025-08-26,0.51,22.43,90.78,2025,34
2025-08-27,20.49,21.37,95.2,2025,34
2025-08-28,20.1,21.79,89.63,2025,34
2025-08-29,5.95,21.66,91.98,2025,34
2025-08-30,6.34,21.48,92.16,2025,34
2025-08-31,8.24,22.06,89.46,2025,34
2025-09-01,0.97,22.75,89.07,2025,35
2025-09-02,0.11,23.51,80.45,2025,35
2025-09-03,0.18,22.87,84.81,2025,35
2025-09-04,0.9,22.29,88.14,2025,35
2025-09-05,4.06,22.38,88.01,2025,35
2025-09-06,14.56,21.91,93.57,2025,35
2025-09-07,8.09,22.15,89.22,2025,35
2025-09-08,1.22,22.36,91.26,2025,36
2025-09-09,3.48,22.24,94.94,2025,36
2025-09-10,10.62,21.85,94.73,2025,36
2025-09-11,7.11,21.98,92.47,2025,36
2025-09-12,12.44,22.04,91.97,2025,36
2025-09-13,13.83,21.6,94.23,2025,36
2025-09-14,14.6,22.12,94.11,2025,36
2025-09-15,9.73,20.64,93.14,2025,37
2025-09-16,13.02,20.95,92.34,2025,37
2025-09-17,9.43,21.31,91.22,2025,37
2025-09-18,7.62,20.43,92.53,2025,37
2025-09-19,22.54,21.22,88.39,2025,37
2025-09-20,0.45,21.26,90.48,2025,37
2025-09-21,0.28,21.28,90.61,2025,37
2025-09-22,0.43,21.89,92.08,2025,38
2025-09-23,0.04,22.35,88.97,2025,38
2025-09-24,0.02,22.61,86.87,2025,38
2025-09-25,0.01,22.09,90.65,2025,38
2025-09-26,0.02,23.18,84.65,2025,38
2025-09-27,0.29,22.6,87.71,2025,38
2025-09-28,1.16,21.6,88.34,2025,38
2025-09-29,1.17,21.41,87.67,2025,39
2025-09-30,5.3,22.12,80.18,2025,39
2025-10-01,12.24,21.64,84.98,2025,39
2025-10-02,19.7,20.0,91.42,2025,39
2025-10-03,30.14,20.09,86.24,2025,39
2025-10-04,69.53,19.59,91.67,2025,39
2025-10-05,7.43,20.8,93.0,2025,39
2025-10-06,0.37,19.8,90.92,2025,40
2025-10-07,0.2,19.63,91.78,2025,40
2025-10-08,0.54,20.24,86.83,2025,40
2025-10-09,0.29,20.47,83.37,2025,40
2025-10-10,0.0,20.17,76.25,2025,40
2025-10-11,0.0,19.5,78.89,2025,40
2025-10-12,0.0,19.39,82.78,2025,40
2025-10-13,0.0,18.49,82.48,2025,41
2025-10-14,0.0,18.84,77.23,2025,41
2025-10-15,0.0,19.4,81.77,2025,41
2025-10-16,0.0,19.86,82.46,2025,41
2025-10-17,0.0,19.8,86.34,2025,41
2025-10-18,0.0,19.5,84.16,2025,41
2025-10-19,0.0,19.3,79.76,2025,41
2025-10-20,0.0,19.36,84.37,2025,42
2025-10-21,0.0,20.35,78.44,2025,42
2025-10-22,0.0,20.17,77.14,2025,42
2025-10-23,0.0,20.07,83.29,2025,42
2025-10-24,0.0,19.45,86.59,2025,42
2025-10-25,0.0,19.38,76.66,2025,42
2025-10-26,0.0,19.25,63.25,2025,42
2025-10-27,0.0,19.2,66.13,2025,43
2025-10-28,1.01,18.31,72.87,2025,43
2025-10-29,0.22,18.35,82.47,2025,43
2025-10-30,31.88,17.46,88.48,2025,43
2025-10-31,29.18,16.87,93.3,2025,43
2025-11-01,7.76,17.89,93.37,2025,43
2025-11-02,1.01,17.42,90.22,2025,43
2025-11-03,0.65,17.65,84.17,2025,44
2025-11-04,0.14,18.63,81.45,2025,44
2025-11-05,0.0,18.34,80.04,2025,44
2025-11-06,0.0,18.03,75.37,2025,44
2025-11-07,0.0,17.35,79.89,2025,44
2025-11-08,0.0,17.09,79.39,2025,44
2025-11-09,0.0,17.09,75.24,2025,44
2025-11-10,0.0,16.19,73.07,2025,45
2025-11-11,0.0,15.76,73.9,2025,45
2025-11-12,0.0,15.45,74.36,2025,45
2025-11-13,0.0,15.0,75.51,2025,45
2025-11-14,0.0,14.58,70.83,2025,45
2025-11-15,0.0,14.78,75.93,2025,45
2025-11-16,0.0,14.88,74.77,2025,45
2025-11-17,0.0,14.51,72.26,2025,46
2025-11-18,0.0,15.55,67.09,2025,46
2025-11-19,0.0,15.23,81.7,2025,46
2025-11-20,0.0,14.72,88.0,2025,46
2025-11-21,0.0,14.48,87.79,2025,46
2025-11-22,0.0,14.11,88.76,2025,46
2025-11-23,0.0,13.52,85.05,2025,46
2025-11-24,0.0,12.56,79.1,2025,47
2025-11-25,0.0,13.19,70.19,2025,47
2025-11-26,0.0,13.76,76.11,2025,47
2025-11-27,0.0,15.24,72.73,2025,47
2025-11-28,0.0,14.73,74.04,2025,47
2025-11-29,0.0,14.01,76.82,2025,47
2025-11-30,0.0,13.6,75.06,2025,47
2025-12-01,0.0,13.22,77.38,2025,48
2025-12-02,0.0,13.09,66.35,2025,48
2025-12-03,0.0,12.94,65.61,2025,48
2025-12-04,0.0,12.94,59.29,2025,48
2025-12-05,0.0,12.66,65.81,2025,48
2025-12-06,0.0,12.34,63.16,2025,48
2025-12-07,0.0,12.55,68.9,2025,48
2025-12-08,0.0,13.05,70.87,2025,49
2025-12-09,0.0,12.43,71.63,2025,49
2025-12-10,0.0,12.29,65.67,2025,49
2025-12-11,0.0,12.7,64.78,2025,49
2025-12-12,0.0,12.55,74.27,2025,49
2025-12-13,0.0,13.0,73.7,2025,49
2025-12-14,0.0,13.45,75.69,2025,49
2025-12-15,0.0,12.67,81.06,2025,50
2025-12-16,0.0,11.97,78.57,2025,50
2025-12-17,0.0,11.15,75.72,2025,50
2025-12-18,0.0,12.32,68.39,2025,50
2025-12-19,0.0,11.73,71.31,2025,50
2025-12-20,0.0,10.4,69.77,2025,50
2025-12-21,0.0,10.47,74.81,2025,50
2025-12-22,0.0,11.72,75.07,2025,51
2025-12-23,0.0,11.39,75.35,2025,51
2025-12-24,0.0,10.34,77.25,2025,51
2025-12-25,0.0,9.77,76.42,2025,51
2025-12-26,0.0,10.48,76.76,2025,51
2025-12-27,0.0,11.1,72.48,2025,51
2025-12-28,0.0,10.68,74.18,2025,51
2025-12-29,0.0,9.68,72.77,2025,52
2025-12-30,0.0,8.5,70.64,2025,52
2025-12-31,0.0,9.21,63.44,2025,52
