year,week,rain_mean_mm,rain_max_mm,rain_std_mm,wet_days,max_daily_mm,n_stations
2020,52,0.012173913043478262,0.1,0.02152303665190783,0.0,0.1,23
2021,1,0.0004347826086956522,0.01,0.002085144140570748,0.0,0.01,23
2021,2,0.0,0.0,0.0,0.0,0.0,23
2021,3,0.23521739130434782,5.41,1.1280629800487745,0.043478260869565216,5.4,23
2021,4,3.463636363636364,10.71,2.9359018172478932,0.7272727272727273,10.4,22
2021,5,0.0,0.0,0.0,0.0,0.0,22
2021,6,2.0681818181818183,13.4,3.1804935770945035,0.45454545454545453,13.4,22
2021,7,0.15136363636363637,3.1,0.6599516248833298,0.045454545454545456,3.1,22
2021,8,3.358260869565217,8.51,2.7216332866563,0.7391304347826086,8.5,23
2021,9,3.6030434782608696,11.4,3.4879616798127095,1.0,10.8,23
2021,10,0.08739130434782608,2.0,0.4169392520751058,0.043478260869565216,2.0,23
2021,11,0.044782608695652176,1.0,0.20828017767196952,0.0,1.0,23
2021,12,11.16304347826087,34.5,9.122055407728023,1.0434782608695652,32.6,23
2021,13,2.9039130434782607,12.4,3.906201059772473,0.5217391304347826,11.8,23
2021,14,21.46695652173913,67.1,16.423820958037144,1.9565217391304348,66.5,23
2021,15,13.206521739130435,26.110000000000003,6.213276553767492,1.6521739130434783,17.6,23
2021,16,31.39695652173913,91.1,20.603406698624692,2.260869565217391,48.0,23
2021,17,21.593913043478263,70.02000000000001,18.524854738512904,2.3043478260869565,35.5,23
2021,18,16.41913043478261,45.21,9.893736729982937,2.391304347826087,25.1,23
2021,19,17.795217391304345,100.89999999999999,18.792334962949223,2.3043478260869565,23.4,23
2021,20,93.53826086956522,133.3,16.777565825225153,4.304347826086956,65.1,23
2021,21,17.004347826086956,91.5,21.54885734707126,1.434782608695652,33.0,23
2021,22,61.44347826086957,228.51,51.695210751330784,4.086956521739131,79.2,23
2021,23,76.68434782608696,154.2,38.33022470181592,5.782608695652174,72.2,23
2021,24,96.60652173913043,260.3,58.831464494983514,4.478260869565218,105.0,23
2021,25,161.07434782608695,190.1,23.52423002818524,5.956521739130435,95.1,23
2021,26,106.04695652173913,224.4,45.02281365493625,5.086956521739131,91.4,23
2021,27,80.33739130434783,130.6,35.606240287775826,5.913043478260869,65.0,23
2021,28,97.0795652173913,215.4,47.05811044754433,5.6521739130434785,76.5,23
2021,29,96.21391304347826,168.4,30.776571481792978,6.260869565217392,85.2,23
2021,30,72.78434782608696,353.79999999999995,76.32276050527945,4.956521739130435,140.1,23
2021,31,79.86260869565218,209.0,38.61850501053882,4.869565217391305,94.4,23
2021,32,83.02217391304347,365.2,73.41981977619108,5.217391304347826,82.1,23
2021,33,121.08869565217391,162.8,24.259693152587637,6.391304347826087,75.0,23
2021,34,73.26434782608695,233.3,54.48091332384939,4.869565217391305,114.4,23
2021,35,96.10478260869564,238.82,56.115939630664755,4.826086956521739,146.2,23
2021,36,24.995217391304347,112.1,21.09663994564175,4.130434782608695,32.0,23
2021,37,64.41217391304347,147.21,38.431818015394214,3.6956521739130435,61.4,23
2021,38,35.95869565217391,72.6,20.83497677733894,3.608695652173913,43.5,23
2021,39,17.695652173913043,84.81,19.485567112396282,1.434782608695652,84.8,23
2021,40,8.240869565217391,83.3,18.39021476789997,0.782608695652174,55.3,23
2021,41,32.00217391304348,129.4,24.70470970124775,3.3043478260869565,51.1,23
2021,42,4.280434782608696,24.2,7.586518232580781,0.43478260869565216,24.2,23
2021,43,0.0004347826086956522,0.01,0.002085144140570748,0.0,0.01,23
2021,44,0.0,0.0,0.0,0.0,0.0,23
2021,45,0.0017391304347826088,0.02,0.00491026190103531,0.0,0.01,23
2021,46,0.0008695652173913044,0.01,0.002881040655200304,0.0,0.01,23
2021,47,0.6082608695652174,2.5,0.8100373289597835,0.2608695652173913,2.5,23
2021,48,0.0,0.0,0.0,0.0,0.0,23
2021,49,0.0,0.0,0.0,0.0,0.0,23
2021,50,0.18043478260869564,4.01,0.8350801717683353,0.043478260869565216,4.0,23
2021,51,42.11869565217391,58.010000000000005,8.25935959676152,1.9130434782608696,42.2,23
2021,52,0.0026086956521739132,0.02,0.005408235558637171,0.0,0.01,23
2022,1,3.8634782608695653,13.6,4.1200282530978,0.782608695652174,13.6,23
2022,2,4.699565217391305,22.700000000000003,7.000435361955498,0.7391304347826086,20.5,23
2022,3,0.43434782608695655,3.9299999999999997,0.9625337117447157,0.13043478260869565,3.4,23
2022,4,43.88695652173913,63.92,11.539685845252226,2.0434782608695654,42.0,23
2022,5,2.9778260869565214,18.4,4.822587910053857,0.391304347826087,18.4,23
2022,6,1.046086956521739,14.5,3.5033811449284693,0.08695652173913043,14.5,23
2022,7,1.7695652173913046,7.5200000000000005,2.5579368075584767,0.43478260869565216,7.2,23
2022,8,0.0004347826086956522,0.01,0.002085144140570748,0.0,0.01,23
2022,9,1.1652173913043478,26.8,5.588186296729604,0.08695652173913043,14.3,23
2022,10,0.9973913043478262,13.4,2.896160808869224,0.17391304347826086,13.4,23
2022,11,1.9382608695652173,16.099999999999998,3.5835059675913534,0.43478260869565216,15.7,23
2022,12,5.680434782608696,48.7,11.981508661365293,0.6086956521739131,40.2,23
2022,13,7.34304347826087,40.0,9.56694804321943,0.6956521739130435,40.0,23
2022,14,5.574347826086957,32.3,8.329531158958662,0.8695652173913043,26.5,23
2022,15,15.222173913043479,55.81,16.118694385577644,1.8695652173913044,48.5,23
2022,16,12.39913043478261,39.9,10.934294637034714,1.6521739130434783,28.0,23
2022,17,63.160000000000004,102.69999999999999,22.45560104254211,4.478260869565218,57.0,23
2022,18,33.7395652173913,129.11,26.398250196532633,3.260869565217391,68.5,23
2022,19,54.35521739130435,100.52000000000001,21.784230090421172,4.869565217391305,70.8,23
2022,20,59.07130434782608,123.82000000000001,29.65743970809898,4.3478260869565215,52.3,23
2022,21,28.75,69.7,21.18820383652616,2.782608695652174,48.4,23
2022,22,55.03217391304348,103.22,20.750742583979036,4.043478260869565,78.5,23
2022,23,115.47130434782609,185.0,42.97435792574957,6.043478260869565,97.2,23
2022,24,82.91869565217392,230.4,61.26164552032297,4.304347826086956,123.5,23
2022,25,80.35521739130435,141.8,28.64008234967294,4.913043478260869,52.0,23
2022,26,87.05260869565218,178.4,44.460126898092255,5.217391304347826,78.1,23
2022,27,55.364782608695656,150.8,44.45096214006921,4.3478260869565215,58.0,23
2022,28,149.53826086956522,247.10000000000002,52.12347060343388,6.0,103.0,23
2022,29,111.68434782608695,239.4,57.67443547629991,6.260869565217392,88.0,23
2022,30,104.66782608695652,281.7,50.76172188466081,6.086956521739131,86.8,23
2022,31,114.5995652173913,223.8,63.37643873054093,4.173913043478261,136.0,23
2022,32,79.20869565217392,264.3,48.76716996508165,3.391304347826087,73.0,23
2022,33,65.23826086956522,257.6,63.65176892865614,3.217391304347826,162.5,23
2022,34,40.969130434782606,98.6,27.589978073905332,4.3478260869565215,60.0,23
2022,35,79.20478260869565,170.8,32.603862413351806,5.086956521739131,64.5,23
2022,36,71.62391304347825,133.21,24.10805744957679,5.782608695652174,44.6,23
2022,37,38.28913043478261,103.6,26.593998966452336,3.5652173913043477,41.2,23
2022,38,22.98608695652174,116.5,29.883822583028312,1.8695652173913044,41.3,23
2022,39,118.94173913043478,214.5,33.297768510022344,5.086956521739131,78.6,23
2022,40,7.435217391304348,43.5,9.404498860344939,1.434782608695652,17.5,23
2022,41,0.8869565217391304,20.4,4.253694046764324,0.043478260869565216,20.4,23
2022,42,0.0004347826086956522,0.01,0.002085144140570748,0.0,0.01,23
2022,43,0.0,0.0,0.0,0.0,0.0,23
2022,44,0.5347826086956522,12.3,2.564727292902019,0.043478260869565216,12.3,23
2022,45,0.0,0.0,0.0,0.0,0.0,23
2022,46,0.0,0.0,0.0,0.0,0.0,23
2022,47,0.0,0.0,0.0,0.0,0.0,23
2022,48,0.0,0.0,0.0,0.0,0.0,23
2022,49,0.0,0.0,0.0,0.0,0.0,23
2022,50,0.0,0.0,0.0,0.0,0.0,23
2022,51,0.0,0.0,0.0,0.0,0.0,23
2022,52,0.0,0.0,0.0,0.0,0.0,23
2023,1,0.0,0.0,0.0,0.0,0.0,23
2023,2,0.0,0.0,0.0,0.0,0.0,23
2023,3,0.0,0.0,0.0,0.0,0.0,23
2023,4,0.0,0.0,0.0,0.0,0.0,23
2023,5,0.0,0.0,0.0,0.0,0.0,23
2023,6,0.0,0.0,0.0,0.0,0.0,23
2023,7,0.009565217391304347,0.2,0.04161274508320358,0.0,0.2,23
2023,8,9.520434782608696,30.0,8.068197657391345,1.2173913043478262,30.0,23
2023,9,3.290434782608696,17.52,5.614662200039585,0.391304347826087,17.5,23
2023,10,9.860434782608696,25.0,7.202408358737229,1.565217391304348,18.6,23
2023,11,31.211739130434783,55.599999999999994,12.781862025461887,2.347826086956522,48.8,23
2023,12,16.75391304347826,38.519999999999996,9.626487483231989,2.130434782608696,24.5,23
2023,13,12.31086956521739,28.7,6.322326896903097,1.6521739130434783,21.0,23
2023,14,0.5826086956521739,13.4,2.794093148364802,0.043478260869565216,13.4,23
2023,15,3.0656521739130436,56.02,11.593694926783954,0.43478260869565216,37.6,23
2023,16,19.61130434782609,55.1,14.482290534664564,2.6956521739130435,43.0,23
2023,17,30.627826086956524,71.6,12.776464141865677,4.565217391304348,44.0,23
2023,18,1.2017391304347826,9.309999999999999,2.7867407684734395,0.30434782608695654,8.3,23
2023,19,59.62565217391304,127.11,29.520696873101045,5.3478260869565215,68.5,23
2023,20,30.774347826086956,57.1,11.899905204392084,3.347826086956522,35.5,23
2023,21,1.7521739130434784,19.5,4.369436157219351,0.21739130434782608,19.5,23
2023,22,2.7008695652173915,25.610000000000003,5.866693286560759,0.5217391304347826,21.6,23
2023,23,123.95217391304348,231.3,47.58061350406198,5.086956521739131,108.5,23
2023,24,68.41782608695652,96.3,14.124077751556587,5.260869565217392,63.0,23
2023,25,61.97260869565217,122.1,29.795794580839043,5.869565217391305,40.6,23
2023,26,76.7395652173913,137.62,35.77335123934129,4.782608695652174,66.7,23
2023,27,78.89565217391304,172.7,51.710206468011975,4.869565217391305,61.0,23
2023,28,98.18478260869566,188.4,45.31263799924468,6.043478260869565,95.0,23
2023,29,96.32304347826086,204.0,60.06115371661413,5.739130434782608,110.0,23
2023,30,79.36086956521739,206.0,45.77488790642583,4.217391304347826,95.0,23
2023,31,137.56652173913042,194.0,42.99160093539367,6.130434782608695,110.0,23
2023,32,51.19695652173913,202.0,40.82065780891544,2.8260869565217392,107.6,23
2023,33,151.07913043478263,277.0,54.39243771911375,6.608695652173913,102.0,23
2023,34,13.471304347826088,94.0,20.339811008406826,1.5217391304347827,42.0,23
2023,35,45.58826086956522,100.33,23.283737721690862,3.5217391304347827,63.0,23
2023,36,81.06391304347827,217.8,62.800490497442524,3.8260869565217392,105.0,23
2023,37,46.04391304347826,103.50999999999999,33.61037674441014,3.608695652173913,44.0,23
2023,38,18.96217391304348,75.1,23.17177886931384,1.9130434782608696,37.9,23
2023,39,81.44260869565218,242.6,51.76939050138967,4.304347826086956,96.8,23
2023,40,2.7939130434782613,21.8,4.739548059707453,0.5652173913043478,11.3,23
2023,41,6.031739130434782,19.6,4.796757097886705,1.0434782608695652,14.5,23
2023,42,0.3660869565217391,6.3,1.3587719693981526,0.08695652173913043,6.3,23
2023,43,0.8569565217391305,5.6,1.729680566364807,0.21739130434782608,5.6,23
2023,44,0.018695652173913047,0.4,0.08319223892047137,0.0,0.4,23
2023,45,0.0,0.0,0.0,0.0,0.0,23
2023,46,0.0004347826086956522,0.01,0.002085144140570748,0.0,0.01,23
2023,47,0.01391304347826087,0.3,0.06243098956846691,0.0,0.3,23
2023,48,0.002173913043478261,0.03,0.00671262158456362,0.0,0.01,23
2023,49,0.0,0.0,0.0,0.0,0.0,23
2023,50,0.0,0.0,0.0,0.0,0.0,23
2023,51,0.0,0.0,0.0,0.0,0.0,23
