year,week,rain_mean_mm,rain_max_mm,rain_std_mm,wet_days,max_daily_mm,n_stations,rain_source_is_dhm,temp_c_mean,temp_c_max,humidity_pct_mean,nasa_rain_sum
2021,1,0.0004347826086956,0.01,0.0020851441405707,0.0,0.01,23.0,1,11.27,13.52,50.74142857142857,0.0
2021,2,0.0,0.0,0.0,0.0,0.0,23.0,1,11.415714285714284,13.44,51.19285714285714,0.0
2021,3,0.2352173913043478,5.41,1.1280629800487745,0.0434782608695652,5.4,23.0,1,10.667142857142858,11.45,37.67285714285715,0.0
2021,4,3.463636363636364,10.71,2.9359018172478932,0.7272727272727273,10.4,22.0,1,11.81,13.24,42.92857142857143,0.5900000000000001
2021,5,0.0,0.0,0.0,0.0,0.0,22.0,1,13.78,14.32,43.021428571428565,0.08
2021,6,2.0681818181818183,13.4,3.1804935770945035,0.4545454545454545,13.4,22.0,1,14.335714285714284,15.76,45.06142857142857,2.01
2021,7,0.1513636363636363,3.1,0.6599516248833298,0.0454545454545454,3.1,22.0,1,16.95,18.19,37.37,0.11
2021,8,3.358260869565217,8.51,2.7216332866563,0.7391304347826086,8.5,23.0,1,16.654285714285713,18.1,29.585714285714285,1.68
2021,9,3.6030434782608696,11.4,3.4879616798127095,1.0,10.8,23.0,1,18.307142857142857,19.3,35.83571428571428,2.79
2021,10,0.087391304347826,2.0,0.4169392520751058,0.0434782608695652,2.0,23.0,1,19.577142857142857,20.78,33.46142857142857,0.24
2021,11,0.0447826086956521,1.0,0.2082801776719695,0.0,1.0,23.0,1,20.45285714285714,21.47,28.965714285714284,0.0
2021,12,11.16304347826087,34.5,9.122055407728023,1.0434782608695652,32.6,23.0,1,20.562857142857144,22.48,25.98,8.83
2021,13,2.9039130434782607,12.4,3.906201059772473,0.5217391304347826,11.8,23.0,1,22.337142857142855,23.2,20.181428571428572,0.37
2021,14,21.46695652173913,67.1,16.423820958037144,1.9565217391304348,66.5,23.0,1,23.177142857142854,24.4,28.564285714285713,14.94
2021,15,13.206521739130435,26.110000000000003,6.213276553767492,1.6521739130434785,17.6,23.0,1,22.544285714285714,23.96,35.137142857142855,14.66
2021,16,31.39695652173913,91.1,20.603406698624692,2.260869565217391,48.0,23.0,1,23.428571428571427,24.52,37.25,12.4
2021,17,21.593913043478263,70.02000000000001,18.524854738512904,2.3043478260869565,35.5,23.0,1,20.868571428571425,22.24,58.98142857142857,28.49
2021,18,16.41913043478261,45.21,9.893736729982937,2.391304347826087,25.1,23.0,1,21.60571428571429,24.48,54.10142857142857,28.35
2021,19,17.795217391304345,100.9,18.792334962949223,2.3043478260869565,23.4,23.0,1,23.88714285714286,25.32,55.83571428571429,22.82
2021,20,93.53826086956522,133.3,16.777565825225153,4.304347826086956,65.1,23.0,1,23.610000000000003,26.1,71.37571428571428,115.02
2021,21,17.004347826086956,91.5,21.54885734707126,1.434782608695652,33.0,23.0,1,23.73428571428571,24.89,70.91714285714286,9.76
2021,22,61.44347826086957,228.51,51.695210751330784,4.086956521739131,79.2,23.0,1,23.261428571428574,25.02,79.93285714285715,63.290000000000006
2021,23,76.68434782608696,154.2,38.33022470181592,5.782608695652174,72.2,23.0,1,22.537142857142857,23.02,87.29714285714286,56.46
2021,24,96.60652173913044,260.3,58.831464494983514,4.478260869565218,105.0,23.0,1,22.75,23.29,89.83714285714287,57.71
2021,25,161.07434782608695,190.1,23.52423002818524,5.956521739130435,95.1,23.0,1,22.624285714285715,23.2,91.37571428571428,123.37
2021,26,106.04695652173912,224.4,45.02281365493625,5.086956521739131,91.4,23.0,1,22.67142857142857,22.98,92.03428571428572,75.93
2021,27,80.33739130434783,130.6,35.606240287775826,5.913043478260869,65.0,23.0,1,22.701428571428572,23.55,90.5085714285714,74.00999999999999
2021,28,97.0795652173913,215.4,47.05811044754433,5.6521739130434785,76.5,23.0,1,23.352857142857143,24.29,89.20142857142856,79.13
2021,29,96.21391304347826,168.4,30.776571481792978,6.260869565217392,85.2,23.0,1,23.035714285714285,23.21,90.0442857142857,76.07
2021,30,72.78434782608696,353.79999999999995,76.32276050527945,4.956521739130435,140.1,23.0,1,23.045714285714286,24.16,88.27285714285713,97.74
2021,31,79.86260869565218,209.0,38.61850501053882,4.869565217391305,94.4,23.0,1,23.021428571428572,23.26,92.20142857142856,87.1
2021,32,83.02217391304347,365.2,73.41981977619108,5.217391304347826,82.1,23.0,1,22.132857142857144,22.99,92.47571428571428,55.19
2021,33,121.08869565217393,162.8,24.259693152587637,6.391304347826087,75.0,23.0,1,22.041428571428572,22.47,94.31,124.32
2021,34,73.26434782608695,233.3,54.48091332384939,4.869565217391305,114.4,23.0,1,21.951428571428572,22.94,91.50714285714284,48.6
2021,35,96.10478260869564,238.82,56.115939630664755,4.826086956521739,146.2,23.0,1,22.06,23.06,90.17857142857144,59.15
2021,36,24.995217391304347,112.1,21.09663994564175,4.130434782608695,32.0,23.0,1,21.765714285714285,23.06,89.1842857142857,18.66
2021,37,64.41217391304347,147.21,38.431818015394214,3.695652173913043,61.4,23.0,1,21.85571428571429,22.48,90.53,33.12
2021,38,35.95869565217391,72.6,20.83497677733894,3.608695652173913,43.5,23.0,1,21.154285714285713,22.28,89.02285714285713,36.98
2021,39,17.695652173913043,84.81,19.48556711239628,1.434782608695652,84.8,23.0,1,21.15285714285714,21.43,91.91428571428573,24.04
2021,40,8.240869565217391,83.3,18.39021476789997,0.782608695652174,55.3,23.0,1,22.228571428571428,23.07,86.59142857142857,18.8
2021,41,32.00217391304348,129.4,24.70470970124775,3.3043478260869565,51.1,23.0,1,19.12,20.54,91.06285714285715,59.150000000000006
2021,42,4.280434782608696,24.2,7.586518232580781,0.4347826086956521,24.2,23.0,1,17.674285714285713,18.1,84.95142857142856,0.35
2021,43,0.0004347826086956,0.01,0.0020851441405707,0.0,0.01,23.0,1,15.854285714285714,16.5,80.23857142857142,0.0
2021,44,0.0,0.0,0.0,0.0,0.0,23.0,1,15.96,16.73,85.13857142857144,0.4399999999999999
2021,45,0.0017391304347826,0.02,0.0049102619010353,0.0,0.01,23.0,1,15.507142857142856,16.18,82.44142857142857,0.36
2021,46,0.0008695652173913,0.01,0.0028810406552003,0.0,0.01,23.0,1,13.352857142857143,14.59,86.23,0.0
2021,47,0.6082608695652174,2.5,0.8100373289597835,0.2608695652173913,2.5,23.0,1,15.138571428571428,15.85,82.7057142857143,0.79
2021,48,0.0,0.0,0.0,0.0,0.0,23.0,1,13.29,15.21,71.79428571428572,0.1
2021,49,0.0,0.0,0.0,0.0,0.0,23.0,1,11.85,12.93,60.03857142857142,0.0
2021,50,0.1804347826086956,4.01,0.8350801717683353,0.0434782608695652,4.0,23.0,1,10.344285714285714,10.85,75.36571428571428,0.3299999999999999
2021,51,42.11869565217391,58.010000000000005,8.25935959676152,1.9130434782608696,42.2,23.0,1,9.93142857142857,10.72,77.40857142857143,27.630000000000003
2021,52,0.0026086956521739,0.02,0.0054082355586371,0.0,0.01,23.0,1,11.888571428571428,13.45,72.69142857142857,0.32
2022,1,3.8634782608695657,13.6,4.1200282530978,0.782608695652174,13.6,23.0,1,10.55,12.24,75.42857142857143,1.58
2022,2,4.699565217391305,22.700000000000003,7.000435361955498,0.7391304347826086,20.5,23.0,1,9.974285714285712,11.23,73.86,2.09
2022,3,0.4343478260869565,3.93,0.9625337117447156,0.1304347826086956,3.4,23.0,1,8.541428571428572,10.14,76.60571428571428,0.69
2022,4,43.88695652173913,63.92,11.539685845252226,2.0434782608695654,42.0,23.0,1,8.634285714285713,10.04,76.9057142857143,37.38
2022,5,2.9778260869565214,18.4,4.822587910053857,0.391304347826087,18.4,23.0,1,10.065714285714284,11.02,74.95285714285716,0.06
2022,6,1.046086956521739,14.5,3.5033811449284693,0.0869565217391304,14.5,23.0,1,11.84142857142857,12.72,68.27142857142857,1.46
2022,7,1.7695652173913046,7.52,2.5579368075584767,0.4347826086956521,7.2,23.0,1,12.627142857142855,14.33,61.285714285714285,0.66
2022,8,0.0004347826086956,0.01,0.0020851441405707,0.0,0.01,23.0,1,15.324285714285717,16.97,51.82,0.12
2022,9,1.1652173913043478,26.8,5.588186296729604,0.0869565217391304,14.3,23.0,1,18.738571428571426,18.93,45.2,0.0
2022,10,0.9973913043478262,13.4,2.896160808869224,0.1739130434782608,13.4,23.0,1,21.78142857142857,23.16,49.31142857142857,2.44
2022,11,1.9382608695652173,16.099999999999998,3.5835059675913534,0.4347826086956521,15.7,23.0,1,20.974285714285713,21.96,43.28285714285714,6.8
2022,12,5.680434782608696,48.7,11.981508661365291,0.6086956521739131,40.2,23.0,1,21.05857142857143,22.4,49.021428571428565,8.16
2022,13,7.34304347826087,40.0,9.56694804321943,0.6956521739130435,40.0,23.0,1,22.602857142857143,23.27,41.26571428571429,9.69
2022,14,5.574347826086957,32.3,8.329531158958662,0.8695652173913043,26.5,23.0,1,23.277142857142856,23.99,35.61142857142857,1.81
2022,15,15.22217391304348,55.81,16.118694385577644,1.8695652173913044,48.5,23.0,1,23.111428571428572,24.33,43.74142857142857,13.25
2022,16,12.39913043478261,39.9,10.934294637034714,1.6521739130434785,28.0,23.0,1,24.47571428571429,25.17,36.17428571428571,12.93
2022,17,63.16,102.7,22.45560104254211,4.478260869565218,57.0,23.0,1,21.072857142857146,21.88,75.05142857142857,53.44
2022,18,33.7395652173913,129.11,26.398250196532633,3.260869565217391,68.5,23.0,1,23.135714285714283,24.66,68.17,25.28
2022,19,54.35521739130435,100.52,21.784230090421172,4.869565217391305,70.8,23.0,1,24.264285714285712,24.58,53.55714285714286,31.049999999999997
2022,20,59.07130434782608,123.82,29.65743970809898,4.3478260869565215,52.3,23.0,1,22.352857142857143,22.8,60.472857142857144,42.05
2022,21,28.75,69.7,21.18820383652616,2.782608695652174,48.4,23.0,1,24.75142857142857,25.3,56.53428571428571,22.16
2022,22,55.03217391304348,103.22,20.750742583979036,4.043478260869565,78.5,23.0,1,24.494285714285716,24.75,62.29714285714285,50.8
2022,23,115.47130434782608,185.0,42.97435792574957,6.043478260869565,97.2,23.0,1,23.942857142857143,24.98,75.74000000000001,90.58
2022,24,82.91869565217392,230.4,61.26164552032297,4.304347826086956,123.5,23.0,1,22.87857142857143,23.28,81.20571428571428,52.61
2022,25,80.35521739130435,141.8,28.64008234967294,4.913043478260869,52.0,23.0,1,22.341428571428573,23.02,89.05285714285715,63.29
2022,26,87.05260869565218,178.4,44.460126898092255,5.217391304347826,78.1,23.0,1,23.59142857142857,24.11,86.94714285714285,45.05
2022,27,55.364782608695656,150.8,44.45096214006921,4.3478260869565215,58.0,23.0,1,23.889999999999997,24.45,83.67142857142856,9.02
2022,28,149.53826086956522,247.1,52.12347060343388,6.0,103.0,23.0,1,23.014285714285712,23.53,86.9042857142857,83.85
2022,29,111.68434782608696,239.4,57.67443547629991,6.260869565217392,88.0,23.0,1,22.18,22.62,86.59285714285714,97.95
2022,30,104.66782608695652,281.7,50.76172188466081,6.086956521739131,86.8,23.0,1,22.58285714285714,23.33,90.33571428571427,63.51
2022,31,114.5995652173913,223.8,63.37643873054093,4.173913043478261,136.0,23.0,1,23.267142857142854,23.72,87.39285714285714,40.77
2022,32,79.20869565217392,264.3,48.76716996508165,3.391304347826087,73.0,23.0,1,22.882857142857144,23.51,87.30714285714285,36.42
2022,33,65.23826086956522,257.6,63.65176892865614,3.217391304347826,162.5,23.0,1,22.674285714285713,23.28,87.84714285714287,65.21000000000001
2022,34,40.969130434782606,98.6,27.589978073905332,4.3478260869565215,60.0,23.0,1,22.095714285714283,22.36,92.22571428571428,47.65
2022,35,79.20478260869565,170.8,32.603862413351806,5.086956521739131,64.5,23.0,1,21.858571428571427,22.25,89.92428571428572,57.18
2022,36,71.62391304347825,133.21,24.10805744957679,5.782608695652174,44.6,23.0,1,21.318571428571428,22.03,89.26571428571428,35.03
2022,37,38.28913043478261,103.6,26.593998966452336,3.5652173913043477,41.2,23.0,1,22.115714285714287,22.6,88.96428571428571,29.52
2022,38,22.98608695652174,116.5,29.883822583028312,1.8695652173913044,41.3,23.0,1,21.354285714285712,22.4,86.36714285714287,12.03
2022,39,118.94173913043478,214.5,33.297768510022344,5.086956521739131,78.6,23.0,1,20.678571428571427,22.72,88.27,80.31
2022,40,7.435217391304348,43.5,9.40449886034494,1.434782608695652,17.5,23.0,1,19.232857142857146,20.23,80.31857142857143,7.89
2022,41,0.8869565217391304,20.4,4.253694046764324,0.0434782608695652,20.4,23.0,1,17.755714285714287,18.31,68.83,0.0
2022,42,0.0004347826086956,0.01,0.0020851441405707,0.0,0.01,23.0,1,17.1,18.59,80.0442857142857,0.01
2022,43,0.0,0.0,0.0,0.0,0.0,23.0,1,17.12,17.88,80.71000000000001,0.0
2022,44,0.5347826086956522,12.3,2.564727292902019,0.0434782608695652,12.3,23.0,1,15.498571428571427,16.39,79.20714285714287,0.0
2022,45,0.0,0.0,0.0,0.0,0.0,23.0,1,14.75,15.7,73.78857142857143,0.07
2022,46,0.0,0.0,0.0,0.0,0.0,23.0,1,15.03,16.49,70.99285714285715,0.0
2022,47,0.0,0.0,0.0,0.0,0.0,23.0,1,14.34,15.08,68.16142857142857,0.0
2022,48,0.0,0.0,0.0,0.0,0.0,23.0,1,13.541428571428572,14.1,67.00571428571429,0.0
2022,49,0.0,0.0,0.0,0.0,0.0,23.0,1,13.007142857142856,13.89,68.47,0.0
2022,50,0.0,0.0,0.0,0.0,0.0,23.0,1,12.584285714285716,13.3,66.25285714285714,0.01
2022,51,0.0,0.0,0.0,0.0,0.0,23.0,1,9.971428571428572,12.13,66.7957142857143,0.0
2022,52,0.0,0.0,0.0,0.0,0.0,23.0,1,10.80714285714286,12.66,46.527142857142856,0.0
2023,1,0.0,0.0,0.0,0.0,0.0,23.0,1,11.577142857142857,12.6,53.79714285714285,0.0
2023,2,0.0,0.0,0.0,0.0,0.0,23.0,1,10.778571428571428,13.05,56.25714285714286,0.0
2023,3,0.0,0.0,0.0,0.0,0.0,23.0,1,14.54,15.32,48.50857142857143,0.0
2023,4,0.0,0.0,0.0,0.0,0.0,23.0,1,13.947142857142856,15.81,47.04714285714285,0.0
2023,5,0.0,0.0,0.0,0.0,0.0,23.0,1,13.387142857142855,14.92,53.34571428571429,0.0
2023,6,0.0,0.0,0.0,0.0,0.0,23.0,1,14.194285714285714,16.11,41.94142857142857,0.0
2023,7,0.0095652173913043,0.2,0.0416127450832035,0.0,0.2,23.0,1,16.164285714285715,17.08,43.17857142857143,1.68
2023,8,9.520434782608696,30.0,8.068197657391345,1.2173913043478262,30.0,23.0,1,16.94,18.3,42.48714285714285,1.44
2023,9,3.290434782608696,17.52,5.614662200039585,0.391304347826087,17.5,23.0,1,17.71,19.04,40.82571428571429,0.7300000000000001
2023,10,9.860434782608696,25.0,7.202408358737229,1.565217391304348,18.6,23.0,1,17.305714285714284,18.74,54.76857142857143,12.92
2023,11,31.211739130434783,55.599999999999994,12.781862025461889,2.347826086956522,48.8,23.0,1,16.357142857142858,19.46,62.722857142857144,21.61
2023,12,16.75391304347826,38.52,9.626487483231989,2.130434782608696,24.5,23.0,1,17.888571428571428,19.17,44.151428571428575,12.73
2023,13,12.31086956521739,28.7,6.322326896903097,1.6521739130434785,21.0,23.0,1,20.342857142857145,21.41,38.73571428571428,3.21
2023,14,0.5826086956521739,13.4,2.794093148364802,0.0434782608695652,13.4,23.0,1,23.231428571428573,25.06,29.9,0.0
2023,15,3.0656521739130436,56.02,11.593694926783954,0.4347826086956521,37.6,23.0,1,23.99857142857143,25.74,35.31428571428571,7.75
2023,16,19.61130434782609,55.1,14.482290534664564,2.6956521739130435,43.0,23.0,1,20.43285714285714,21.56,49.93285714285714,20.62
2023,17,30.627826086956524,71.6,12.776464141865675,4.565217391304348,44.0,23.0,1,20.284285714285716,23.33,56.75285714285714,12.32
2023,18,1.2017391304347826,9.31,2.7867407684734395,0.3043478260869565,8.3,23.0,1,23.75428571428571,24.68,34.46714285714286,3.28
2023,19,59.62565217391304,127.11,29.520696873101045,5.3478260869565215,68.5,23.0,1,22.971428571428568,23.81,52.221428571428575,32.75
2023,20,30.774347826086956,57.1,11.899905204392084,3.347826086956522,35.5,23.0,1,22.805714285714288,24.5,58.114285714285714,29.02
2023,21,1.7521739130434784,19.5,4.369436157219351,0.217391304347826,19.5,23.0,1,25.868571428571425,27.05,41.705714285714286,0.14
2023,22,2.7008695652173915,25.610000000000003,5.866693286560759,0.5217391304347826,21.6,23.0,1,27.22571428571429,28.35,41.65428571428571,5.26
2023,23,123.95217391304348,231.3,47.58061350406198,5.086956521739131,108.5,23.0,1,26.237142857142857,27.76,61.392857142857146,86.36
2023,24,68.41782608695652,96.3,14.124077751556587,5.260869565217392,63.0,23.0,1,25.552857142857142,26.33,66.32857142857142,10.59
2023,25,61.97260869565217,122.1,29.795794580839043,5.869565217391305,40.6,23.0,1,23.84,25.47,79.87571428571428,51.29
2023,26,76.7395652173913,137.62,35.77335123934129,4.782608695652174,66.7,23.0,1,23.391428571428573,24.2,86.80714285714285,62.400000000000006
2023,27,78.89565217391304,172.7,51.710206468011975,4.869565217391305,61.0,23.0,1,23.557142857142857,24.22,88.72571428571429,87.84
2023,28,98.18478260869566,188.4,45.31263799924468,6.043478260869565,95.0,23.0,1,23.83857142857143,24.29,83.43285714285715,63.95
2023,29,96.32304347826086,204.0,60.06115371661413,5.739130434782608,110.0,23.0,1,22.795714285714286,23.18,88.54714285714286,97.4
2023,30,79.36086956521739,206.0,45.77488790642583,4.217391304347826,95.0,23.0,1,23.544285714285714,24.67,87.34,49.78
2023,31,137.56652173913042,194.0,42.99160093539367,6.130434782608695,110.0,23.0,1,22.804285714285715,23.17,93.28571428571428,149.04
2023,32,51.19695652173913,202.0,40.82065780891544,2.8260869565217392,107.6,23.0,1,23.15,23.68,89.91714285714285,36.07
2023,33,151.07913043478263,277.0,54.39243771911375,6.608695652173913,102.0,23.0,1,22.412857142857145,22.95,93.10571428571428,132.38
2023,34,13.471304347826088,94.0,20.339811008406823,1.5217391304347827,42.0,23.0,1,22.494285714285716,23.42,91.27428571428572,17.740000000000002
2023,35,45.58826086956522,100.33,23.283737721690866,3.5217391304347827,63.0,23.0,1,22.714285714285715,23.62,86.30571428571429,36.7
2023,36,81.06391304347827,217.8,62.80049049744253,3.8260869565217392,105.0,23.0,1,22.68,22.88,89.03428571428572,50.42
2023,37,46.04391304347826,103.51,33.61037674441014,3.608695652173913,44.0,23.0,1,21.75142857142857,22.73,88.16571428571429,44.66
2023,38,18.96217391304348,75.1,23.17177886931384,1.9130434782608696,37.9,23.0,1,21.935714285714283,23.13,88.87857142857142,17.72
2023,39,81.44260869565218,242.6,51.76939050138967,4.304347826086956,96.8,23.0,1,21.09714285714286,21.47,90.24571428571429,36.23
2023,40,2.7939130434782613,21.8,4.739548059707453,0.5652173913043478,11.3,23.0,1,19.877142857142857,20.88,80.97285714285714,3.5
2023,41,6.031739130434782,19.6,4.796757097886705,1.0434782608695652,14.5,23.0,1,17.837142857142858,18.84,75.67999999999999,5.5600000000000005
2023,42,0.3660869565217391,6.3,1.3587719693981526,0.0869565217391304,6.3,23.0,1,17.652857142857144,18.23,72.78571428571429,0.0
2023,43,0.8569565217391305,5.6,1.729680566364807,0.217391304347826,5.6,23.0,1,17.50857142857143,18.46,74.38428571428572,0.04
2023,44,0.018695652173913,0.4,0.0831922389204713,0.0,0.4,23.0,1,16.017142857142858,16.27,73.17428571428572,0.0
2023,45,0.0,0.0,0.0,0.0,0.0,23.0,1,16.927142857142858,17.72,74.78999999999999,0.0
2023,46,0.0004347826086956,0.01,0.0020851441405707,0.0,0.01,23.0,1,15.802857142857144,16.94,72.96428571428571,0.0
2023,47,0.0139130434782608,0.3,0.0624309895684669,0.0,0.3,23.0,1,15.728571428571428,16.05,67.23714285714286,0.0
2023,48,0.0021739130434782,0.03,0.0067126215845636,0.0,0.01,23.0,1,13.981428571428571,15.83,67.07857142857144,3.48
2023,49,0.0,0.0,0.0,0.0,0.0,23.0,1,11.924285714285714,12.3,60.19714285714286,0.01
2023,50,0.0,0.0,0.0,0.0,0.0,23.0,1,12.975714285714286,13.87,62.80285714285714,0.0
2023,51,0.0,0.0,0.0,0.0,0.0,23.0,1,12.882857142857144,13.12,65.03714285714285,0.0
2024,1,0.0,2.5946383156553594,0.6065578044571787,0.13197183622598274,13.35044150985555,,0,11.444285714285714,12.27,56.01142857142857,0.0
2024,2,0.0,2.5946383156553594,0.6065578044571787,0.13197183622598274,13.35044150985555,,0,9.672857142857142,11.29,57.01857142857143,0.0
2024,3,0.0,2.5946383156553594,0.6065578044571787,0.13197183622598274,13.35044150985555,,0,9.185714285714283,9.86,52.05,0.0
2024,4,0.06736173411995663,2.8426003815903202,0.6471363836080134,0.136435502795608,13.698032950713497,,0,10.552857142857144,11.26,51.55285714285714,0.2
2024,5,0.0,2.60725744298757,0.6086416052810826,0.132195019554464,13.368427827299275,,0,11.467142857142855,13.6,43.25714285714286,0.01
2024,6,0.7733645660381174,3.665828063582988,0.7665395706182963,0.15451335240259034,14.608853802910302,,0,13.797142857142855,14.59,44.75571428571429,1.01
2024,7,0.9370120051532091,4.0394148109040975,0.8341097876278762,0.15986975228614067,15.234683949824568,,0,13.355714285714283,15.57,42.972857142857144,1.25
2024,8,5.0274984632113915,22.91557488082135,5.735279681552669,0.6737471036578615,16.869476230236284,,0,15.447142857142856,16.4,43.05714285714286,1.97
2024,9,0.0,2.6703530796486237,0.6190606094006019,0.13331093619687032,13.4583594145179,,0,15.842857142857143,16.32,37.65,0.06
2024,10,0.0,2.60725744298757,0.6086416052810826,0.132195019554464,13.368427827299275,,0,17.94857142857143,18.6,32.62428571428571,0.01
2024,11,42.935937162419776,103.0746929415738,22.25547013320789,2.512103655445252,76.06081203383994,,0,16.424285714285713,18.62,53.95428571428572,39.73
2024,12,0.37045631277576,3.3088657780865667,0.7230285029346322,0.14491646927789603,14.34510828952539,,0,19.634285714285713,22.31,49.34142857142857,0.5800000000000001
2024,13,0.0,2.5946383156553594,0.6065578044571787,0.13197183622598274,13.35044150985555,,0,22.28142857142857,23.2,31.88714285714286,0.0
2024,14,6.843417255691101,25.300929369966354,6.100877985318202,0.7219547026098144,19.82013288080625,,0,21.552857142857142,22.54,28.117142857142856,4.13
2024,15,5.033981789741835,22.4073710449764,5.6237986704747955,0.6706225370591238,15.707549684782588,,0,24.332857142857144,25.59,32.971428571428575,1.83
2024,16,0.0,2.5946383156553594,0.6065578044571787,0.13197183622598274,13.35044150985555,,0,24.87142857142857,25.89,26.521428571428572,0.0
2024,17,0.026541226648550062,2.78392522563852,0.6378148168157369,0.1353195861532017,13.620236271511427,,0,24.611428571428572,26.64,21.374285714285715,0.15
2024,18,62.70916602759273,167.29180677135406,39.10509315326729,4.557569811150478,52.36344493037585,,0,21.025714285714287,23.6,66.66714285714286,42.16
2024,19,22.333175645434334,70.12244903411755,16.822139396602964,1.927586518152823,29.22161462508811,,0,24.681428571428572,26.19,52.33714285714286,13.54
2024,20,37.505648550240146,99.2816023816912,23.0215232638765,2.708391130388135,39.165262646184345,,0,24.99285714285714,26.93,61.79857142857143,26.22
2024,21,32.50649659175759,107.16911365439785,26.30032681155465,2.9870332535406043,28.189033233567528,,0,26.604285714285712,27.99,53.71714285714285,16.4
2024,22,40.13289951107746,117.84655596231521,27.979710663878258,3.1937010157142542,42.07760415868266,,0,25.461428571428577,27.6,52.09,25.66
2024,23,22.617401806816886,84.51466477991029,21.069599738887188,2.3437095716497507,25.84223815705497,,0,27.364285714285717,27.88,50.970000000000006,9.88
2024,24,70.44758232035466,161.39932386484622,36.0278456464017,4.341419019972763,64.15289523747492,,0,26.08,28.16,68.76571428571428,54.78
2024,25,280.0292712769297,415.89537570405196,74.81169502071239,10.091623624171888,321.83780025618944,,0,23.81,25.87,87.30571428571429,290.12
2024,26,172.91418329198117,288.48875053591814,56.148765357062004,7.33285450081499,177.96111066132488,,0,22.964285714285715,23.5,92.22,166.51
2024,27,90.13049184506546,195.7659051066109,42.97872672727297,5.237386229704407,79.79768519464989,,0,23.06142857142857,23.94,91.43714285714286,72.62
2024,28,66.77295222530377,172.75656775291566,39.950898806113074,4.6662600921208535,59.254005690920664,,0,23.89428571428571,24.4,90.26285714285714,47.03
2024,29,61.04608380331905,151.36863475195253,34.64120617785112,4.106630158410473,54.13831177082672,,0,24.232857142857146,25.5,86.71571428571428,44.26
2024,30,107.10424554878578,222.64506147043647,47.39634457101347,5.717230385939124,117.77657794171526,,0,23.454285714285714,24.18,88.5657142857143,94.12
2024,31,158.58217265495406,274.09694801154706,54.231226878668096,6.9806712084715565,164.73520184780259,,0,22.52428571428571,22.98,92.41285714285712,150.73000000000002
2024,32,99.18278382910727,210.98872944946862,45.52849015095812,5.498957090684447,102.06687022431797,,0,23.125714285714285,23.57,89.24571428571429,84.33999999999999
2024,33,20.24201505379231,67.15653896483126,16.353324114160323,1.8706747693901007,25.32679343388179,,0,22.765714285714285,23.11,86.19285714285715,10.99
2024,34,33.808004123235094,109.02525855610475,26.594338273429106,3.022519402769125,30.636270834556985,,0,22.868571428571425,23.99,90.00714285714285,17.990000000000002
2024,35,32.76203719739054,83.03475885040534,18.750033646170827,2.1994238122430017,44.38194041434127,,0,22.722857142857144,23.28,88.98571428571428,25.72
2024,36,38.103015356796234,114.98601939239586,27.528663225354087,3.1385747335793823,38.33880841504269,,0,22.967142857142857,23.58,87.68714285714285,23.19
2024,37,15.354331579658703,61.833914871702085,15.608895722784096,1.7479239387254057,19.875695173891735,,0,23.255714285714284,24.92,81.5942857142857,5.49
2024,38,276.55679912899444,371.2425676042507,63.101103297516744,9.105381020525963,296.52744316926805,,0,21.261428571428574,24.91,90.00571428571428,290.54
2024,39,23.98298102395857,71.79142194786593,17.045555046084978,1.968205883936413,30.771967461495418,,0,21.75142857142857,22.36,91.06857142857145,15.36
2024,40,0.4092676069436202,3.198353760355234,0.6955925697535591,0.14491646927789603,14.041735589111541,,0,20.541428571428572,21.06,87.75428571428571,0.58
2024,41,13.330715136277822,46.7974082533334,11.369330257447803,1.2960915526714765,24.151217244077138,,0,18.85,19.24,85.87571428571428,7.55
2024,42,0.39986154403596735,3.190155113732277,0.6946062062568981,0.14469328594941477,14.03588417968437,,0,19.44,20.46,82.97142857142856,0.5700000000000001
2024,43,0.0028890409183684185,2.7113463127634105,0.6239924268839068,0.13442685283927663,13.487616461653756,,0,19.287142857142857,19.99,88.91714285714285,0.11
2024,44,0.3794969664539472,3.178178301195615,0.6937309165908191,0.14424691929245223,14.036316268846582,,0,17.524285714285714,17.87,87.19428571428571,0.5499999999999999
2024,45,0.0,2.6280752169427384,0.6117117696016474,0.13264138621142654,13.392265554170171,,0,16.53,17.14,83.30285714285715,0.03
2024,46,0.0,2.6703530796486237,0.6190606094006019,0.13331093619687032,13.4583594145179,,0,14.438571428571429,15.6,79.61428571428571,0.06
2024,47,0.0,2.5946383156553594,0.6065578044571787,0.13197183622598274,13.35044150985555,,0,14.008571428571427,14.69,82.10857142857142,0.0
2024,48,0.0,2.5946383156553594,0.6065578044571787,0.13197183622598274,13.35044150985555,,0,12.907142857142857,14.16,69.21714285714286,0.0
2024,49,0.0,2.5946383156553594,0.6065578044571787,0.13197183622598274,13.35044150985555,,0,10.948571428571428,11.73,62.815714285714286,0.0
2024,50,0.0,2.5946383156553594,0.6065578044571787,0.13197183622598274,13.35044150985555,,0,12.781428571428572,13.56,68.42142857142856,0.0
2024,51,0.0,2.5946383156553594,0.6065578044571787,0.13197183622598274,13.35044150985555,,0,12.72,13.69,69.03428571428572,0.0
2024,52,0.0,2.5946383156553594,0.6065578044571787,0.13197183622598274,13.35044150985555,,0,11.705714285714285,12.47,70.48571428571428,0.0
2025,1,4.626598885794067,22.13311326336469,5.598721889693096,0.661472020591392,15.637530610500326,,0,11.247142857142858,13.54,69.8157142857143,1.42
2025,2,0.0,2.5946383156553594,0.6065578044571787,0.13197183622598274,13.35044150985555,,0,12.645714285714286,13.95,62.27285714285714,0.0
2025,3,0.0,2.5946383156553594,0.6065578044571787,0.13197183622598274,13.35044150985555,,0,13.415714285714284,15.26,50.92142857142857,0.0
2025,4,0.0,2.5946383156553594,0.6065578044571787,0.13197183622598274,13.35044150985555,,0,12.751428571428573,13.6,48.90571428571428,0.0
2025,5,0.0,2.5946383156553594,0.6065578044571787,0.13197183622598274,13.35044150985555,,0,14.274285714285714,15.78,42.49285714285714,0.0
2025,6,0.0,2.5946383156553594,0.6065578044571787,0.13197183622598274,13.35044150985555,,0,13.344285714285714,14.52,40.14571428571429,0.0
2025,7,0.38114077052802803,3.208479351364839,0.7002044667236946,0.1444701026209335,14.102842218356521,,0,14.20142857142857,15.05,48.471428571428575,0.5599999999999999
2025,8,193.88295145876802,336.04310734889543,59.08663651249509,6.421496691243693,435.6901338371546,,0,14.14,15.97,56.90428571428571,237.2
2025,9,0.0,2.7208295889774665,0.6273958126962175,0.13420366951079538,13.530304684292801,,0,14.254285714285714,15.14,49.80285714285714,0.1
2025,10,6.385167777754194,24.122060563987183,5.88269213787748,0.7061086862876447,17.766470229242316,,0,18.56571428571429,20.49,48.24857142857143,3.42
2025,11,8.07369471051447,27.42985944605585,6.4605135391660715,0.7578872184952978,22.982897965610178,,0,17.767142857142858,19.3,46.27,5.74
2025,12,0.037408389015550936,2.7529818606737466,0.6301327555250364,0.1353195861532017,13.535291915395549,,0,20.65,22.18,38.712857142857146,0.15
2025,13,0.0,2.5946383156553594,0.6065578044571787,0.13197183622598274,13.35044150985555,,0,21.041428571428572,21.9,29.785714285714285,0.0
2025,14,41.610988761174085,108.05624329444925,24.586239503941794,2.8389533775496743,53.50975437597801,,0,20.021428571428572,21.6,64.60714285714286,32.07
2025,15,21.258053627350577,69.30080887315434,16.734601795018456,1.9028131686914027,28.814806339003194,,0,20.064285714285713,22.29,69.95,12.43
2025,16,6.6969386757757485,25.508125371365303,6.158611169318326,0.7206156026389269,20.488849089203352,,0,24.48,25.16,34.53285714285715,4.07
2025,17,26.341894675392915,74.86946808783182,17.515983232072042,2.0306972159111667,34.55824082003339,,0,19.422857142857143,20.68,65.75428571428571,18.16
2025,18,11.58986160498609,43.813513369771734,10.866676662586062,1.2454289371062295,19.740680667904588,,0,22.65142857142857,25.26,56.06714285714286,5.28
2025,19,43.68760633008741,136.98896580388117,32.984746012483114,3.699543767260649,45.04287901781857,,0,23.885714285714283,25.27,56.56571428571429,26.02
2025,20,58.746348710927165,151.16548593500875,34.79323846909534,4.06355577601359,56.795081052547516,,0,22.354285714285712,23.64,72.73,42.33
2025,21,39.92450395273272,116.51595473691113,27.707070643440563,3.1814259326477847,39.340929944894015,,0,24.514285714285712,25.6,69.46285714285715,25.11
2025,22,36.91745418510418,103.40515365482862,23.971810882418833,2.7240139633818234,49.319192443379144,,0,23.511428571428574,24.98,60.49285714285714,26.92
2025,23,55.56423461559678,135.71965276836892,30.563251955146253,3.588065957140647,61.71238415717439,,0,24.72714285714286,26.55,72.85142857142857,43.33
2025,24,93.11814899947765,197.64834306497255,43.13449701987591,5.303671678263343,80.01869029245046,,0,23.68857142857143,24.27,83.51285714285714,75.59
2025,25,80.78616159885173,187.25155313176947,41.91818178768182,5.013310167909219,73.14623601671059,,0,23.52285714285714,24.04,85.44714285714285,62.58
2025,26,52.85818516683482,156.4420832885981,37.57806151270108,4.309389949879313,41.0997937048724,,0,23.645714285714288,23.92,83.84714285714287,31.04
2025,27,75.15339316646109,184.68016781560368,41.83789852499157,4.894576637157186,74.9479239481599,,0,23.305714285714284,23.89,85.39142857142858,57.26
2025,28,88.52470591714598,197.15492044649108,43.41902987813515,5.217076546812612,85.12636750877286,,0,22.958571428571425,24.07,85.41428571428571,71.71
2025,29,46.577731467743156,137.46999912263112,32.842955146634935,3.7551164160524837,42.21625743534064,,0,24.035714285714285,24.89,85.28428571428572,28.51
2025,30,79.1333458938525,189.19426174417822,42.48335734520995,4.9956786849591985,79.79503076966469,,0,23.06714285714286,23.45,88.81000000000002,61.79
2025,31,75.66606658378927,182.17092229377732,41.24641970854337,4.887881137302749,68.55930876086914,,0,22.40857142857143,22.81,91.88571428571429,56.96
2025,32,77.64883175851745,187.92917662792024,42.3339854628704,4.9606389023876405,78.9370340296816,,0,22.744285714285716,23.71,90.58142857142856,60.22
2025,33,55.15515107865848,148.76275507348703,34.57543835003335,3.982986594431854,56.21172065942453,,0,22.654285714285713,23.43,88.14857142857143,38.72
2025,34,72.68089555990895,151.5224893362411,32.55100051755389,3.999839198188578,74.36487547683791,,0,21.895714285714288,22.48,90.99714285714286,61.78
2025,35,35.509156217727885,86.23177935522313,19.213281936105798,2.2697265607146,47.911886598201185,,0,22.551428571428573,23.51,87.61,28.869999999999997
2025,36,82.1620014232242,185.85263936945842,41.4953531621821,5.029379367559869,68.10682888801765,,0,22.027142857142856,22.36,93.38714285714286,63.3
2025,37,73.57602506281972,153.48631329599954,32.90321606070795,4.0286298475626605,77.60736343633653,,0,21.012857142857143,21.31,91.24428571428572,63.07
2025,38,5.15014215278183,22.56635690479034,5.6485821327004775,0.6737471036578615,15.910818496928522,,0,22.33142857142857,23.18,88.46714285714286,1.97
2025,39,150.96162703247592,277.5354137927195,55.63247070677721,6.864169511004336,182.86831552372243,,0,20.807142857142857,22.12,87.88,145.51
2025,40,1.1417534712032922,3.981154801169073,0.8039103096608308,0.16321750221335962,14.824923862553423,,0,19.885714285714283,20.47,84.40285714285714,1.4
2025,41,0.0,2.5946383156553594,0.6065578044571787,0.13197183622598274,13.35044150985555,,0,19.312857142857144,19.86,82.02857142857144,0.0
2025,42,0.0,2.5946383156553594,0.6065578044571787,0.13197183622598274,13.35044150985555,,0,19.71857142857143,20.35,78.53428571428572,0.0
2025,43,79.64147937592307,164.16576093018506,34.71632695818495,4.206953327019191,93.61664365610767,,0,17.928571428571427,19.2,83.83428571428571,71.06
2025,44,0.550906664402611,3.5296626449704585,0.7558139469641845,0.14960331917600256,14.601471875678076,,0,17.740000000000002,18.63,79.36428571428571,0.79
2025,45,0.0,2.5946383156553594,0.6065578044571787,0.13197183622598274,13.35044150985555,,0,15.234285714285717,16.19,74.05285714285715,0.0
2025,46,0.0,2.5946383156553594,0.6065578044571787,0.13197183622598274,13.35044150985555,,0,14.588571428571427,15.55,81.52142857142857,0.0
2025,47,0.0,2.5946383156553594,0.6065578044571787,0.13197183622598274,13.35044150985555,,0,13.87,15.24,74.86428571428571,0.0
2025,48,0.0,2.5946383156553594,0.6065578044571787,0.13197183622598274,13.35044150985555,,0,12.82,13.22,66.64285714285714,0.0
2025,49,0.0,2.5946383156553594,0.6065578044571787,0.13197183622598274,13.35044150985555,,0,12.781428571428572,13.45,70.94428571428571,0.0
2025,50,0.0,2.5946383156553594,0.6065578044571787,0.13197183622598274,13.35044150985555,,0,11.53,12.67,74.23285714285714,0.0
2025,51,0.0,2.5946383156553594,0.6065578044571787,0.13197183622598274,13.35044150985555,,0,10.782857142857145,11.72,75.35857142857142,0.0
