date,rain_mean_mm,rain_max_mm,n_stations
2021-01-01,0.0,0.0,23
2021-01-02,0.0,0.0,23
2021-01-03,0.0004347826086956522,0.01,23
2021-01-04,0.00826086956521739,0.1,23
2021-01-05,0.0030434782608695656,0.01,23
2021-01-06,0.0008695652173913044,0.01,23
2021-01-07,0.0,0.0,23
2021-01-08,0.0,0.0,23
2021-01-09,0.0,0.0,23
2021-01-10,0.0,0.0,23
2021-01-11,0.0,0.0,23
2021-01-12,0.0,0.0,23
2021-01-13,0.0,0.0,23
2021-01-14,0.0,0.0,23
2021-01-15,0.0,0.0,23
2021-01-16,0.0,0.0,23
2021-01-17,0.0004347826086956522,0.01,23
2021-01-18,0.0,0.0,23
2021-01-19,0.0,0.0,23
2021-01-20,0.0,0.0,23
2021-01-21,0.0,0.0,23
2021-01-22,0.0,0.0,23
2021-01-23,0.0,0.0,23
2021-01-24,0.0,0.0,23
2021-01-25,0.0,0.0,23
2021-01-26,0.0,0.0,23
2021-01-27,0.0,0.0,23
2021-01-28,0.0,0.0,23
2021-01-29,0.0,0.0,22
2021-01-30,0.00045454545454545455,0.01,22
2021-01-31,0.24545454545454548,5.4,22
2021-02-01,0.0,0.0,22
2021-02-02,0.0,0.0,22
2021-02-03,0.0,0.0,22
2021-02-04,0.0,0.0,22
2021-02-05,0.0009090909090909091,0.01,22
2021-02-06,0.7172727272727272,8.1,22
2021-02-07,2.7454545454545456,10.4,22
2021-02-08,0.0,0.0,22
2021-02-09,0.0,0.0,22
2021-02-10,0.0,0.0,22
2021-02-11,0.0,0.0,22
2021-02-12,0.0,0.0,22
2021-02-13,0.0,0.0,22
2021-02-14,0.0,0.0,22
2021-02-15,0.0,0.0,22
2021-02-16,0.00045454545454545455,0.01,22
2021-02-17,0.06409090909090909,1.4,22
2021-02-18,1.2022727272727272,13.4,22
2021-02-19,0.3890909090909091,5.0,22
2021-02-20,0.4122727272727273,5.6,22
2021-02-21,0.0,0.0,22
2021-02-22,0.0,0.0,22
2021-02-23,0.0,0.0,22
2021-02-24,0.0,0.0,22
2021-02-25,0.0,0.0,22
2021-02-26,0.0,0.0,22
2021-02-27,0.15136363636363637,3.1,22
2021-02-28,0.0,0.0,22
2021-03-01,0.0,0.0,23
2021-03-02,0.0,0.0,23
2021-03-03,0.0,0.0,23
2021-03-04,0.0,0.0,23
2021-03-05,0.10478260869565216,2.4,23
2021-03-06,3.1613043478260874,8.5,23
2021-03-07,0.09217391304347826,2.1,23
2021-03-08,0.9491304347826086,4.7,23
2021-03-09,0.13999999999999999,1.2,23
2021-03-10,0.45260869565217393,10.4,23
2021-03-11,0.41521739130434776,5.1,23
2021-03-12,0.20434782608695654,3.5,23
2021-03-13,0.0791304347826087,1.4,23
2021-03-14,1.362608695652174,10.8,23
2021-03-15,0.0,0.0,23
2021-03-16,0.0,0.0,23
2021-03-17,0.0,0.0,23
2021-03-18,0.0,0.0,23
2021-03-19,0.0,0.0,23
2021-03-20,0.0,0.0,23
2021-03-21,0.08739130434782608,2.0,23
2021-03-22,0.0,0.0,23
2021-03-23,0.0004347826086956522,0.01,23
2021-03-24,0.0004347826086956522,0.01,23
2021-03-25,0.0004347826086956522,0.01,23
2021-03-26,0.0,0.0,23
2021-03-27,0.0,0.0,23
2021-03-28,0.043478260869565216,1.0,23
2021-03-29,0.0,0.0,23
2021-03-30,0.12565217391304345,2.8,23
2021-03-31,0.9878260869565219,13.3,23
2021-04-01,9.191304347826087,32.6,23
2021-04-02,0.8582608695652175,16.5,23
2021-04-03,0.0,0.0,23
2021-04-04,0.0,0.0,23
2021-04-05,0.0,0.0,23
2021-04-06,0.0,0.0,23
2021-04-07,0.0004347826086956522,0.01,23
2021-04-08,0.4491304347826087,10.3,23
2021-04-09,1.2495652173913043,11.8,23
2021-04-10,1.173913043478261,9.5,23
2021-04-11,0.030869565217391304,0.7,23
2021-04-12,0.908695652173913,13.4,23
2021-04-13,0.0004347826086956522,0.01,23
2021-04-14,0.06695652173913044,1.4,23
2021-04-15,0.9221739130434783,15.4,23
2021-04-16,2.3195652173913044,24.5,23
2021-04-17,15.495652173913042,66.5,23
2021-04-18,1.7534782608695652,7.2,23
2021-04-19,4.478260869565218,17.6,23
2021-04-20,0.0004347826086956522,0.01,23
2021-04-21,1.105217391304348,10.4,23
2021-04-22,6.569565217391304,13.4,23
2021-04-23,1.0530434782608695,13.0,23
2021-04-24,0.0,0.0,23
2021-04-25,0.0,0.0,23
2021-04-26,0.0,0.0,23
2021-04-27,0.7086956521739131,16.3,23
2021-04-28,0.5347826086956522,12.3,23
2021-04-29,1.7478260869565219,32.2,23
2021-04-30,14.354545454545455,48.0,22
2021-05-01,8.165652173913044,38.6,23
2021-05-02,6.509565217391304,20.2,23
2021-05-03,0.9791304347826086,17.4,23
2021-05-04,6.032608695652174,35.5,23
2021-05-05,6.909565217391305,35.1,23
2021-05-06,4.557391304347826,35.2,23
2021-05-07,2.15,18.4,23
2021-05-08,0.6452173913043479,10.4,23
2021-05-09,0.31999999999999995,2.3,23
2021-05-10,0.9795652173913044,11.3,23
2021-05-11,2.6621739130434783,13.4,23
2021-05-12,5.791739130434783,20.1,23
2021-05-13,6.200869565217391,25.1,23
2021-05-14,0.27956521739130435,3.0,23
2021-05-15,0.45260869565217393,10.4,23
2021-05-16,0.05260869565217391,1.2,23
2021-05-17,0.23521739130434782,5.4,23
2021-05-18,1.4152173913043478,20.4,23
2021-05-19,1.4217391304347828,18.4,23
2021-05-20,7.778260869565218,23.4,23
2021-05-21,5.278260869565218,20.4,23
2021-05-22,0.32652173913043475,7.0,23
2021-05-23,1.34,18.3,23
2021-05-24,0.05695652173913044,1.0,23
2021-05-25,2.2021739130434783,24.2,23
2021-05-26,13.178260869565218,36.5,23
2021-05-27,28.93913043478261,42.0,23
2021-05-28,12.695652173913043,46.0,23
2021-05-29,34.67826086956522,65.1,23
2021-05-30,1.7878260869565217,18.3,23
2021-05-31,6.492608695652173,32.5,23
2021-06-01,2.6230434782608696,20.2,23
2021-06-02,3.388260869565218,33.0,23
2021-06-03,1.0178260869565217,22.4,23
2021-06-04,1.1043478260869566,25.3,23
2021-06-05,0.0,0.0,23
2021-06-06,2.3782608695652177,30.5,23
2021-06-07,0.023043478260869565,0.4,23
2021-06-08,0.7534782608695653,17.3,23
2021-06-09,7.357826086956521,79.2,23
2021-06-10,9.352608695652174,65.1,23
2021-06-11,14.369565217391305,61.6,23
2021-06-12,19.117391304347827,60.1,23
2021-06-13,10.469565217391304,47.2,23
2021-06-14,12.221739130434784,30.1,23
2021-06-15,20.504347826086956,56.0,23
2021-06-16,14.104347826086956,26.2,23
2021-06-17,15.891304347826088,62.4,23
2021-06-18,7.001304347826087,72.2,23
2021-06-19,2.7656521739130433,23.5,23
2021-06-20,4.195652173913044,23.8,23
2021-06-21,4.196521739130435,28.7,23
2021-06-22,8.996521739130435,105.0,23
2021-06-23,8.732608695652173,47.1,23
2021-06-24,11.731304347826086,49.8,23
2021-06-25,9.449565217391305,43.1,23
2021-06-26,25.904347826086955,58.0,23
2021-06-27,27.595652173913045,66.0,23
2021-06-28,11.774347826086956,53.1,23
2021-06-29,5.474782608695652,34.2,23
2021-06-30,7.567391304347827,55.1,23
2021-07-01,50.839130434782604,95.1,23
2021-07-02,39.756521739130434,63.2,23
2021-07-03,39.917826086956524,71.4,23
2021-07-04,5.7443478260869565,20.4,23
2021-07-05,2.988695652173913,24.4,23
2021-07-06,17.88304347826087,66.5,23
2021-07-07,4.470434782608696,41.4,23
2021-07-08,19.143478260869564,65.6,23
2021-07-09,33.81739130434782,60.6,23
2021-07-10,5.800434782608695,40.6,23
2021-07-11,21.943478260869565,91.4,23
2021-07-12,9.308695652173913,40.5,23
2021-07-13,11.787826086956523,38.1,23
2021-07-14,21.230869565217393,65.0,23
2021-07-15,13.608695652173912,62.4,23
2021-07-16,4.705217391304347,17.3,23
2021-07-17,7.75695652173913,40.5,23
2021-07-18,11.93913043478261,42.1,23
2021-07-19,6.88304347826087,76.5,23
2021-07-20,21.12608695652174,47.3,23
2021-07-21,12.299999999999999,40.0,23
2021-07-22,14.169565217391304,70.0,23
2021-07-23,10.326956521739131,42.0,23
2021-07-24,21.965217391304346,55.4,23
2021-07-25,10.308695652173913,55.2,23
2021-07-26,24.934782608695652,85.2,23
2021-07-27,8.447826086956523,42.0,23
2021-07-28,17.90869565217391,34.5,23
2021-07-29,18.67391304347826,49.0,23
2021-07-30,11.704347826086956,26.2,23
2021-07-31,10.765652173913043,42.1,23
2021-08-01,3.7786956521739135,36.2,23
2021-08-02,9.434782608695652,56.1,23
2021-08-03,14.030434782608696,76.0,23
2021-08-04,14.247619047619047,84.1,21
2021-08-05,10.508695652173913,35.2,23
2021-08-06,1.8660869565217393,28.5,23
2021-08-07,4.631304347826087,31.5,23
2021-08-08,19.304347826086957,140.1,23
2021-08-09,18.356521739130436,38.0,23
2021-08-10,5.209565217391304,27.5,23
2021-08-11,4.6408695652173915,22.4,23
2021-08-12,8.501739130434784,94.4,23
2021-08-13,13.665217391304349,47.4,23
2021-08-14,9.358260869565216,36.9,23
2021-08-15,20.130434782608695,60.0,23
2021-08-16,7.814782608695652,48.2,23
2021-08-17,9.774782608695654,62.1,23
2021-08-18,16.582608695652173,82.1,23
2021-08-19,20.61304347826087,70.0,23
2021-08-20,4.566521739130435,30.1,23
2021-08-21,6.544347826086957,42.1,23
2021-08-22,17.12608695652174,62.2,23
2021-08-23,17.91304347826087,45.3,23
2021-08-24,6.891304347826087,38.0,23
2021-08-25,4.644347826086957,30.5,23
2021-08-26,12.613913043478261,41.3,23
2021-08-27,33.23478260869565,75.0,23
2021-08-28,18.94782608695652,45.0,23
2021-08-29,26.843478260869563,59.0,23
2021-08-30,13.07,32.2,23
2021-08-31,14.109565217391303,42.2,23
2021-09-01,16.826521739130435,84.2,23
2021-09-02,5.622173913043478,34.0,23
2021-09-03,5.774347826086957,29.1,23
2021-09-04,5.2043478260869565,24.6,23
2021-09-05,12.657391304347826,114.4,23
2021-09-06,51.84347826086957,146.2,23
2021-09-07,15.504347826086958,34.4,23
2021-09-08,9.26086956521739,64.1,23
2021-09-09,9.60086956521739,50.4,23
2021-09-10,3.9756521739130433,21.5,23
2021-09-11,3.427391304347826,25.4,23
2021-09-12,2.492173913043479,20.1,23
2021-09-13,8.02608695652174,32.0,23
2021-09-14,4.479130434782609,20.3,23
2021-09-15,2.187826086956522,11.2,23
2021-09-16,2.2491304347826087,24.4,23
2021-09-17,4.039130434782609,26.5,23
2021-09-18,3.7743478260869567,22.5,23
2021-09-19,0.23956521739130435,5.1,23
2021-09-20,2.41,30.2,23
2021-09-21,22.817391304347826,61.4,23
2021-09-22,12.630869565217392,43.5,23
2021-09-23,7.631304347826086,42.1,23
2021-09-24,5.247826086956521,47.1,23
2021-09-25,5.869565217391305,40.0,23
2021-09-26,7.805217391304348,40.2,23
2021-09-27,9.57391304347826,43.5,23
2021-09-28,11.761304347826087,40.6,23
2021-09-29,4.161739130434783,21.6,23
2021-09-30,2.396521739130435,20.3,23
2021-10-01,2.4186956521739127,14.5,23
2021-10-02,1.0804347826086957,12.2,23
2021-10-03,4.566086956521739,13.5,23
2021-10-04,1.927391304347826,26.5,23
2021-10-05,12.195652173913043,84.8,23
2021-10-06,0.018260869565217393,0.4,23
2021-10-07,0.743913043478261,10.3,23
2021-10-08,0.1308695652173913,1.5,23
2021-10-09,0.24869565217391304,2.8,23
2021-10-10,2.4308695652173915,20.0,23
2021-10-11,0.0,0.0,23
2021-10-12,0.717391304347826,16.5,23
2021-10-13,0.5391304347826087,12.4,23
2021-10-14,0.0,0.0,23
2021-10-15,0.0004347826086956522,0.01,23
2021-10-16,2.8743478260869564,55.3,23
2021-10-17,4.109565217391304,28.0,23
2021-10-18,4.048260869565217,22.8,23
2021-10-19,9.582608695652175,51.1,23
2021-10-20,11.860869565217392,29.5,23
2021-10-21,4.257391304347826,41.0,23
2021-10-22,2.1917391304347826,30.0,23
2021-10-23,0.0004347826086956522,0.01,23
2021-10-24,0.0608695652173913,1.4,23
2021-10-25,4.231739130434782,24.2,23
2021-10-26,0.04869565217391305,1.1,23
2021-10-27,0.0,0.0,23
2021-10-28,0.0,0.0,23
2021-10-29,0.0,0.0,23
2021-10-30,0.0,0.0,23
2021-10-31,0.0,0.0,23
2021-11-01,0.0004347826086956522,0.01,23
2021-11-02,0.0,0.0,23
2021-11-03,0.0,0.0,23
2021-11-04,0.0,0.0,23
2021-11-05,0.0,0.0,23
2021-11-06,0.0,0.0,23
2021-11-07,0.0,0.0,23
2021-11-08,0.0,0.0,23
2021-11-09,0.0,0.0,23
2021-11-10,0.0,0.0,23
2021-11-11,0.0,0.0,23
2021-11-12,0.0,0.0,23
2021-11-13,0.0,0.0,23
2021-11-14,0.0,0.0,23
2021-11-15,0.0,0.0,23
2021-11-16,0.0,0.0,23
2021-11-17,0.0,0.0,23
2021-11-18,0.0,0.0,23
2021-11-19,0.0008695652173913044,0.01,23
2021-11-20,0.0,0.0,23
2021-11-21,0.0008695652173913044,0.01,23
2021-11-22,0.0,0.0,23
2021-11-23,0.0,0.0,23
2021-11-24,0.0,0.0,23
2021-11-25,0.0,0.0,23
2021-11-26,0.0,0.0,23
2021-11-27,0.0008695652173913044,0.01,23
2021-11-28,0.0,0.0,23
2021-11-29,0.0,0.0,23
2021-11-30,0.0,0.0,23
2021-12-01,0.0,0.0,23
2021-12-02,0.05217391304347826,1.2,23
2021-12-03,0.0017391304347826088,0.01,23
2021-12-04,0.5543478260869565,2.5,23
2021-12-05,0.0,0.0,23
2021-12-06,0.0,0.0,23
2021-12-07,0.0,0.0,23
2021-12-08,0.0,0.0,23
2021-12-09,0.0,0.0,23
2021-12-10,0.0,0.0,23
2021-12-11,0.0,0.0,23
2021-12-12,0.0,0.0,23
2021-12-13,0.0,0.0,23
2021-12-14,0.0,0.0,23
2021-12-15,0.0,0.0,23
2021-12-16,0.0,0.0,23
2021-12-17,0.0,0.0,23
2021-12-18,0.0,0.0,23
2021-12-19,0.0,0.0,23
2021-12-20,0.0,0.0,23
2021-12-21,0.0,0.0,23
2021-12-22,0.0,0.0,23
2021-12-23,0.0,0.0,23
2021-12-24,0.0004347826086956522,0.01,23
2021-12-25,0.0013043478260869564,0.01,23
2021-12-26,0.17869565217391306,4.0,23
2021-12-27,0.0004347826086956522,0.01,23
2021-12-28,0.6873913043478261,15.8,23
2021-12-29,16.056521739130435,42.2,23
2021-12-30,25.29565217391304,41.5,23
2021-12-31,0.07869565217391304,1.0,23
2022-01-01,0.0,0.0,23
2022-01-02,0.0,0.0,23
2022-01-03,0.0,0.0,23
2022-01-04,0.0,0.0,23
2022-01-05,0.0004347826086956522,0.01,23
2022-01-06,0.0008695652173913044,0.01,23
2022-01-07,0.0,0.0,23
2022-01-08,0.0,0.0,23
2022-01-09,0.0013043478260869564,0.01,23
2022-01-10,0.0004347826086956522,0.01,23
2022-01-11,0.6921739130434783,6.5,23
2022-01-12,0.2965217391304348,4.3,23
2022-01-13,2.8047826086956524,13.6,23
2022-01-14,0.06956521739130435,1.6,23
2022-01-15,0.0,0.0,23
2022-01-16,0.0,0.0,23
2022-01-17,0.44826086956521743,10.3,23
2022-01-18,0.0,0.0,23
2022-01-19,0.0004347826086956522,0.01,23
2022-01-20,0.09,1.2,23
2022-01-21,1.345217391304348,12.4,23
2022-01-22,2.7004347826086956,20.5,23
2022-01-23,0.11521739130434783,1.5,23
2022-01-24,0.048260869565217385,0.6,23
2022-01-25,0.16608695652173913,2.0,23
2022-01-26,0.022608695652173914,0.5,23
2022-01-27,0.1617391304347826,3.4,23
2022-01-28,0.0004347826086956522,0.01,23
2022-01-29,0.034782608695652174,0.8,23
2022-01-30,0.0004347826086956522,0.01,23
2022-01-31,0.0,0.0,23
2022-02-01,0.008695652173913044,0.2,23
2022-02-02,0.31478260869565217,2.1,23
2022-02-03,0.9747826086956523,12.4,23
2022-02-04,22.504347826086956,42.0,23
2022-02-05,20.056521739130435,37.2,23
2022-02-06,0.02782608695652174,0.6,23
2022-02-07,0.0,0.0,23
2022-02-08,0.0,0.0,23
2022-02-09,0.0013043478260869564,0.01,23
2022-02-10,0.028695652173913046,0.6,23
2022-02-11,0.21739130434782608,4.7,23
2022-02-12,2.7304347826086954,18.4,23
2022-02-13,0.0,0.0,23
2022-02-14,0.6304347826086957,14.5,23
2022-02-15,0.0,0.0,23
2022-02-16,0.0008695652173913044,0.01,23
2022-02-17,0.013043478260869565,0.3,23
2022-02-18,0.0004347826086956522,0.01,23
2022-02-19,0.0004347826086956522,0.01,23
2022-02-20,0.40086956521739125,9.2,23
2022-02-21,1.3830434782608696,7.2,23
2022-02-22,0.0013043478260869564,0.01,23
2022-02-23,0.022173913043478263,0.5,23
2022-02-24,0.32173913043478264,6.2,23
2022-02-25,0.004347826086956522,0.1,23
2022-02-26,0.03652173913043478,0.5,23
2022-02-27,0.0004347826086956522,0.01,23
2022-02-28,0.0004347826086956522,0.01,23
2022-03-01,0.0,0.0,23
2022-03-02,0.0,0.0,23
2022-03-03,0.0,0.0,23
2022-03-04,0.0,0.0,23
2022-03-05,0.0,0.0,23
2022-03-06,0.0,0.0,23
2022-03-07,0.0,0.0,23
2022-03-08,0.0,0.0,23
2022-03-09,0.0,0.0,23
2022-03-10,0.6217391304347827,14.3,23
2022-03-11,0.5434782608695652,12.5,23
2022-03-12,0.0,0.0,23
2022-03-13,0.0,0.0,23
2022-03-14,0.0,0.0,23
2022-03-15,0.5830434782608696,13.4,23
2022-03-16,0.05260869565217391,1.2,23
2022-03-17,0.361304347826087,4.6,23
2022-03-18,0.0004347826086956522,0.01,23
2022-03-19,0.0,0.0,23
2022-03-20,0.0,0.0,23
2022-03-21,0.0,0.0,23
2022-03-22,0.06608695652173913,1.5,23
2022-03-23,1.0269565217391305,15.7,23
2022-03-24,0.0004347826086956522,0.01,23
2022-03-25,0.8447826086956521,5.6,23
2022-03-26,0.0,0.0,23
2022-03-27,0.0,0.0,23
2022-03-28,0.0,0.0,23
2022-03-29,0.1108695652173913,1.1,23
2022-03-30,0.003913043478260869,0.01,23
2022-03-31,0.7060869565217393,8.5,23
2022-04-01,0.2752173913043478,6.3,23
2022-04-02,3.095652173913044,40.2,23
2022-04-03,1.4886956521739132,32.8,23
2022-04-04,0.0004347826086956522,0.01,23
2022-04-05,0.0,0.0,23
2022-04-06,0.0,0.0,23
2022-04-07,0.026521739130434784,0.6,23
2022-04-08,0.1356521739130435,3.1,23
2022-04-09,0.8443478260869566,12.4,23
2022-04-10,6.33608695652174,40.0,23
2022-04-11,2.5708695652173916,26.5,23
2022-04-12,0.19608695652173913,4.5,23
2022-04-13,0.9139130434782609,14.3,23
2022-04-14,1.3452173913043477,5.8,23
2022-04-15,0.0004347826086956522,0.01,23
2022-04-16,0.0,0.0,23
2022-04-17,0.5478260869565217,12.6,23
2022-04-18,0.23478260869565218,5.4,23
2022-04-19,1.396086956521739,27.0,23
2022-04-20,7.766521739130434,48.5,23
2022-04-21,3.07,14.5,23
2022-04-22,2.1091304347826085,43.2,23
2022-04-23,0.6456521739130435,4.2,23
2022-04-24,0.0,0.0,23
2022-04-25,0.8913043478260869,20.5,23
2022-04-26,0.0,0.0,23
2022-04-27,0.0008695652173913044,0.01,23
2022-04-28,0.0004347826086956522,0.01,23
2022-04-29,1.192608695652174,19.4,23
2022-04-30,6.048260869565218,28.0,23
2022-05-01,4.265652173913043,11.0,23
2022-05-02,4.195652173913044,16.2,23
2022-05-03,19.94782608695652,55.8,23
2022-05-04,3.7752173913043476,23.4,23
2022-05-05,13.765652173913043,39.5,23
2022-05-06,8.135217391304348,57.0,23
2022-05-07,3.679130434782609,41.5,23
2022-05-08,9.661304347826087,32.0,23
2022-05-09,8.86608695652174,46.5,23
2022-05-10,2.006086956521739,17.6,23
2022-05-11,5.68304347826087,39.2,23
2022-05-12,6.4799999999999995,31.0,23
2022-05-13,3.100869565217391,23.4,23
2022-05-14,3.3408695652173916,13.0,23
2022-05-15,4.262608695652174,68.5,23
2022-05-16,6.209565217391304,19.2,23
2022-05-17,14.091739130434783,70.8,23
2022-05-18,1.3656521739130434,12.6,23
2022-05-19,3.231304347826087,32.2,23
2022-05-20,9.504347826086956,26.2,23
2022-05-21,9.821739130434782,34.1,23
2022-05-22,10.130869565217392,40.5,23
2022-05-23,8.617826086956523,35.9,23
2022-05-24,3.7395652173913048,22.1,23
2022-05-25,2.5278260869565217,24.5,23
2022-05-26,18.087391304347825,52.3,23
2022-05-27,13.434782608695652,45.8,23
2022-05-28,6.006086956521739,49.5,23
2022-05-29,6.657826086956521,25.6,23
2022-05-30,2.3752173913043477,19.2,23
2022-05-31,7.822608695652175,48.4,23
2022-06-01,2.753478260869565,22.7,23
2022-06-02,1.8234782608695652,15.3,23
2022-06-03,2.0008695652173913,20.2,23
2022-06-04,2.9134782608695655,17.1,23
2022-06-05,9.060869565217391,29.0,23
2022-06-06,8.192608695652174,29.9,23
2022-06-07,8.069999999999999,35.0,23
2022-06-08,7.179130434782609,24.4,23
2022-06-09,17.100434782608694,47.2,23
2022-06-10,11.543478260869565,78.5,23
2022-06-11,0.5134782608695652,10.1,23
2022-06-12,2.4330434782608696,25.0,23
2022-06-13,7.379130434782609,23.5,23
2022-06-14,32.095652173913045,97.2,23
2022-06-15,35.85260869565217,72.5,23
2022-06-16,5.4739130434782615,20.4,23
2022-06-17,8.839130434782609,35.1,23
2022-06-18,13.295652173913044,30.4,23
2022-06-19,12.535217391304348,36.7,23
2022-06-20,0.6965217391304348,15.1,23
2022-06-21,1.7273913043478262,9.3,23
2022-06-22,12.705217391304348,44.5,23
2022-06-23,14.85391304347826,51.2,23
2022-06-24,21.843478260869567,77.0,23
2022-06-25,16.52695652173913,123.5,23
2022-06-26,14.565217391304348,48.0,23
2022-06-27,19.356521739130436,41.2,23
2022-06-28,9.269565217391303,42.5,23
2022-06-29,27.343478260869563,52.0,23
2022-06-30,8.983478260869566,35.0,23
2022-07-01,3.361304347826087,40.5,23
2022-07-02,8.296086956521739,45.4,23
2022-07-03,3.744782608695652,23.7,23
2022-07-04,7.444782608695652,39.8,23
2022-07-05,3.005652173913043,18.2,23
2022-07-06,10.904782608695653,45.0,23
2022-07-07,17.556521739130435,44.0,23
2022-07-08,7.062608695652174,40.2,23
2022-07-09,27.660869565217393,78.1,23
2022-07-10,13.417391304347827,39.4,23
2022-07-11,12.826521739130435,58.0,23
2022-07-12,10.422173913043478,41.5,23
2022-07-13,12.061304347826086,46.0,23
2022-07-14,6.178695652173913,20.4,23
2022-07-15,7.59608695652174,25.6,23
2022-07-16,2.1491304347826086,26.8,23
2022-07-17,4.130869565217392,21.6,23
2022-07-18,4.2269565217391305,31.3,23
2022-07-19,12.027826086956521,59.5,23
2022-07-20,8.909565217391304,42.4,23
2022-07-21,39.29565217391304,103.0,23
2022-07-22,22.87826086956522,70.2,23
2022-07-23,33.095652173913045,60.2,23
2022-07-24,29.104347826086954,53.6,23
2022-07-25,17.2,88.0,23
2022-07-26,22.269565217391307,68.2,23
2022-07-27,25.695652173913043,59.0,23
2022-07-28,12.631304347826086,29.6,23
2022-07-29,5.900434782608696,40.4,23
2022-07-30,10.969565217391304,44.5,23
2022-07-31,17.01782608695652,41.0,23
2022-08-01,29.26521739130435,62.4,23
2022-08-02,12.86521739130435,42.2,23
2022-08-03,13.348695652173912,38.0,23
2022-08-04,9.926521739130434,28.7,23
2022-08-05,7.9308695652173915,37.5,23
2022-08-06,20.82608695652174,86.8,23
2022-08-07,10.505217391304347,54.2,23
2022-08-08,10.030434782608696,54.2,23
2022-08-09,20.604782608695654,77.4,23
2022-08-10,36.826521739130435,136.0,23
2022-08-11,10.069565217391304,63.5,23
2022-08-12,3.18,41.4,23
2022-08-13,3.5100000000000002,33.5,23
2022-08-14,30.37826086956522,71.8,23
2022-08-15,5.908695652173913,36.7,23
2022-08-16,2.5056521739130435,33.2,23
2022-08-17,2.074782608695652,21.4,23
2022-08-18,5.318695652173913,46.5,23
2022-08-19,28.291304347826088,55.6,23
2022-08-20,30.213478260869564,61.0,23
2022-08-21,4.8960869565217395,73.0,23
2022-08-22,1.3004347826086957,25.3,23
2022-08-23,1.261304347826087,22.3,23
2022-08-24,13.804347826086957,44.2,23
2022-08-25,12.726956521739131,60.5,23
2022-08-26,7.47,48.2,23
2022-08-27,6.153478260869565,88.6,23
2022-08-28,22.52173913043478,162.5,23
2022-08-29,7.796086956521739,27.0,23
2022-08-30,3.3965217391304345,26.0,23
2022-08-31,4.6347826086956525,25.1,23
2022-09-01,4.7043478260869565,31.4,23
2022-09-02,3.5621739130434786,14.5,23
2022-09-03,2.218260869565217,18.3,23
2022-09-04,14.656956521739131,60.0,23
2022-09-05,5.236086956521739,35.1,23
2022-09-06,5.618260869565217,38.0,23
2022-09-07,22.869565217391305,64.5,23
2022-09-08,8.974782608695651,39.0,23
2022-09-09,14.521739130434783,54.5,23
2022-09-10,12.735652173913044,43.4,23
2022-09-11,9.248695652173913,27.5,23
2022-09-12,11.300434782608697,40.6,23
2022-09-13,8.92608695652174,44.6,23
2022-09-14,12.404347826086957,41.5,23
2022-09-15,17.648260869565217,39.5,23
2022-09-16,9.4,43.0,23
2022-09-17,7.043478260869565,25.4,23
2022-09-18,4.901304347826087,15.0,23
2022-09-19,3.3752173913043477,18.6,23
2022-09-20,8.869565217391305,39.0,23
2022-09-21,3.9747826086956524,28.7,23
2022-09-22,3.423478260869565,24.5,23
2022-09-23,7.6573913043478266,34.5,23
2022-09-24,7.256521739130435,41.2,23
2022-09-25,3.7321739130434786,24.3,23
2022-09-26,6.848260869565217,41.3,23
2022-09-27,3.37,25.6,23
2022-09-28,1.9095652173913045,20.4,23
2022-09-29,1.2521739130434784,28.5,23
2022-09-30,3.396086956521739,24.6,23
2022-10-01,1.8873913043478259,22.5,23
2022-10-02,4.322608695652174,27.0,23
2022-10-03,3.5917391304347825,34.0,23
2022-10-04,13.730869565217391,44.0,23
2022-10-05,43.482608695652175,78.0,23
2022-10-06,26.08695652173913,78.6,23
2022-10-07,24.730434782608693,52.5,23
2022-10-08,7.086956521739131,17.6,23
2022-10-09,0.23217391304347826,4.5,23
2022-10-10,0.9743478260869566,10.6,23
2022-10-11,0.528695652173913,4.0,23
2022-10-12,2.634782608695652,10.4,23
2022-10-13,0.06608695652173913,1.5,23
2022-10-14,2.5608695652173914,17.5,23
2022-10-15,0.0004347826086956522,0.01,23
2022-10-16,0.67,15.4,23
2022-10-17,0.0,0.0,23
2022-10-18,0.0,0.0,23
2022-10-19,0.0,0.0,23
2022-10-20,0.8869565217391304,20.4,23
2022-10-21,0.0,0.0,23
2022-10-22,0.0,0.0,23
2022-10-23,0.0,0.0,23
2022-10-24,0.0,0.0,23
2022-10-25,0.0,0.0,23
2022-10-26,0.0,0.0,23
2022-10-27,0.0,0.0,23
2022-10-28,0.0004347826086956522,0.01,23
2022-10-29,0.0,0.0,23
2022-10-30,0.0,0.0,23
2022-10-31,0.0,0.0,23
2022-11-01,0.0,0.0,23
2022-11-02,0.0,0.0,23
2022-11-03,0.0,0.0,23
2022-11-04,0.0,0.0,23
2022-11-05,0.0,0.0,23
2022-11-06,0.0,0.0,23
2022-11-07,0.0,0.0,23
2022-11-08,0.5347826086956522,12.3,23
2022-11-09,0.0,0.0,23
2022-11-10,0.0,0.0,23
2022-11-11,0.0,0.0,23
2022-11-12,0.0,0.0,23
2022-11-13,0.0,0.0,23
2022-11-14,0.0,0.0,23
2022-11-15,0.0,0.0,23
2022-11-16,0.0,0.0,23
2022-11-17,0.0,0.0,23
2022-11-18,0.0,0.0,23
2022-11-19,0.0,0.0,23
2022-11-20,0.0,0.0,23
2022-11-21,0.0,0.0,23
2022-11-22,0.0,0.0,23
2022-11-23,0.0,0.0,23
2022-11-24,0.0,0.0,23
2022-11-25,0.0,0.0,23
2022-11-26,0.0,0.0,23
2022-11-27,0.0,0.0,23
2022-11-28,0.0,0.0,23
2022-11-29,0.0,0.0,23
2022-11-30,0.0,0.0,23
2022-12-01,0.0,0.0,23
2022-12-02,0.0,0.0,23
2022-12-03,0.0,0.0,23
2022-12-04,0.0,0.0,23
2022-12-05,0.0,0.0,23
2022-12-06,0.0,0.0,23
2022-12-07,0.0,0.0,23
2022-12-08,0.0,0.0,23
2022-12-09,0.0,0.0,23
2022-12-10,0.0,0.0,23
2022-12-11,0.0,0.0,23
2022-12-12,0.0,0.0,23
2022-12-13,0.0,0.0,23
2022-12-14,0.0,0.0,23
2022-12-15,0.0,0.0,23
2022-12-16,0.0,0.0,23
2022-12-17,0.0,0.0,23
2022-12-18,0.0,0.0,23
2022-12-19,0.0,0.0,23
2022-12-20,0.0,0.0,23
2022-12-21,0.0,0.0,23
2022-12-22,0.0,0.0,23
2022-12-23,0.0,0.0,23
2022-12-24,0.0,0.0,23
2022-12-25,0.0,0.0,23
2022-12-26,0.0,0.0,23
2022-12-27,0.0,0.0,23
2022-12-28,0.0,0.0,23
2022-12-29,0.0,0.0,23
2022-12-30,0.0,0.0,23
2022-12-31,0.0,0.0,23
2023-01-01,0.0,0.0,23
2023-01-02,0.0,0.0,23
2023-01-03,0.0,0.0,23
2023-01-04,0.0,0.0,23
2023-01-05,0.0,0.0,23
2023-01-06,0.0,0.0,23
2023-01-07,0.0,0.0,23
2023-01-08,0.0,0.0,23
2023-01-09,0.0,0.0,23
2023-01-10,0.0,0.0,23
2023-01-11,0.0,0.0,23
2023-01-12,0.0,0.0,23
2023-01-13,0.0,0.0,23
2023-01-14,0.0,0.0,23
2023-01-15,0.0,0.0,23
2023-01-16,0.0,0.0,23
2023-01-17,0.0,0.0,23
2023-01-18,0.0,0.0,23
2023-01-19,0.0,0.0,23
2023-01-20,0.0,0.0,23
2023-01-21,0.0,0.0,23
2023-01-22,0.0,0.0,23
2023-01-23,0.0,0.0,23
2023-01-24,0.0,0.0,23
2023-01-25,0.0,0.0,23
2023-01-26,0.0,0.0,23
2023-01-27,0.0,0.0,23
2023-01-28,0.0,0.0,23
2023-01-29,0.0,0.0,23
2023-01-30,0.0,0.0,23
2023-01-31,0.0,0.0,23
2023-02-01,0.0,0.0,23
2023-02-02,0.0,0.0,23
2023-02-03,0.0,0.0,23
2023-02-04,0.0,0.0,23
2023-02-05,0.0,0.0,23
2023-02-06,0.0,0.0,23
2023-02-07,0.0,0.0,23
2023-02-08,0.0,0.0,23
2023-02-09,0.0,0.0,23
2023-02-10,0.0,0.0,23
2023-02-11,0.0,0.0,23
2023-02-12,0.0,0.0,23
2023-02-13,0.0,0.0,23
2023-02-14,0.0,0.0,23
2023-02-15,0.0,0.0,23
2023-02-16,0.0,0.0,23
2023-02-17,0.0,0.0,23
2023-02-18,0.0,0.0,23
2023-02-19,0.0,0.0,23
2023-02-20,0.0,0.0,23
2023-02-21,0.0,0.0,23
2023-02-22,0.0,0.0,23
2023-02-23,0.0,0.0,23
2023-02-24,0.0,0.0,23
2023-02-25,0.0,0.0,23
2023-02-26,0.009565217391304347,0.2,23
2023-02-27,6.917826086956523,30.0,23
2023-02-28,0.013478260869565217,0.3,23
2023-03-01,0.0004347826086956522,0.01,23
2023-03-02,0.5221739130434783,12.0,23
2023-03-03,1.7443478260869567,19.0,23
2023-03-04,0.2308695652173913,4.1,23
2023-03-05,0.09130434782608696,2.1,23
2023-03-06,0.0,0.0,23
2023-03-07,0.07,1.6,23
2023-03-08,0.04608695652173913,0.6,23
2023-03-09,0.10652173913043479,1.0,23
2023-03-10,0.009130434782608696,0.2,23
2023-03-11,0.0,0.0,23
2023-03-12,3.058695652173913,17.5,23
2023-03-13,0.0008695652173913044,0.01,23
2023-03-14,1.7530434782608695,10.6,23
2023-03-15,0.002173913043478261,0.01,23
2023-03-16,0.4921739130434783,5.3,23
2023-03-17,0.31521739130434784,3.8,23
2023-03-18,5.124347826086956,18.6,23
2023-03-19,2.172608695652174,15.5,23
2023-03-20,11.092173913043478,37.6,23
2023-03-21,15.782608695652174,48.8,23
2023-03-22,3.6308695652173917,20.0,23
2023-03-23,0.6173913043478261,13.5,23
2023-03-24,0.05304347826086957,1.2,23
2023-03-25,0.03565217391304348,0.8,23
2023-03-26,0.0,0.0,23
2023-03-27,0.0004347826086956522,0.01,23
2023-03-28,0.004782608695652174,0.1,23
2023-03-29,0.0,0.0,23
2023-03-30,0.0004347826086956522,0.01,23
2023-03-31,1.4700000000000002,23.3,23
2023-04-01,8.704347826086956,24.5,23
2023-04-02,6.57391304347826,21.5,23
2023-04-03,9.230869565217391,21.0,23
2023-04-04,0.6565217391304348,10.0,23
2023-04-05,2.422608695652174,16.3,23
2023-04-06,0.0008695652173913044,0.01,23
2023-04-07,0.0,0.0,23
2023-04-08,0.0,0.0,23
2023-04-09,0.0,0.0,23
2023-04-10,0.0,0.0,23
2023-04-11,0.5826086956521739,13.4,23
2023-04-12,0.0,0.0,23
2023-04-13,0.0,0.0,23
2023-04-14,0.0,0.0,23
2023-04-15,0.0,0.0,23
2023-04-16,0.0,0.0,23
2023-04-17,0.10434782608695652,2.4,23
2023-04-18,0.0004347826086956522,0.01,23
2023-04-19,0.0008695652173913044,0.01,23
2023-04-20,1.6356521739130434,37.6,23
2023-04-21,0.678695652173913,13.5,23
2023-04-22,0.3621739130434783,2.5,23
2023-04-23,0.2834782608695652,3.5,23
2023-04-24,4.926086956521739,29.0,23
2023-04-25,2.3178260869565217,5.6,23
2023-04-26,2.5960869565217393,14.0,23
2023-04-27,0.12608695652173912,2.8,23
2023-04-28,0.0008695652173913044,0.01,23
2023-04-29,0.0008695652173913044,0.01,23
2023-04-30,9.643478260869566,43.0,23
2023-05-01,4.786956521739131,10.1,23
2023-05-02,5.7700000000000005,15.2,23
2023-05-03,4.243913043478261,18.2,23
2023-05-04,8.42608695652174,44.0,23
2023-05-05,7.3999999999999995,40.0,23
2023-05-06,0.0004347826086956522,0.01,23
2023-05-07,0.0004347826086956522,0.01,23
2023-05-08,0.08782608695652173,2.0,23
2023-05-09,0.0,0.0,23
2023-05-10,0.0,0.0,23
2023-05-11,0.0004347826086956522,0.01,23
2023-05-12,0.10869565217391304,2.5,23
2023-05-13,0.18695652173913044,4.3,23
2023-05-14,0.8178260869565218,8.3,23
2023-05-15,13.460869565217392,68.5,23
2023-05-16,3.7047826086956523,13.4,23
2023-05-17,4.3017391304347825,33.5,23
2023-05-18,20.265217391304347,48.4,23
2023-05-19,6.556956521739131,20.6,23
2023-05-20,3.4830434782608695,21.8,23
2023-05-21,7.85304347826087,45.5,23
2023-05-22,0.10565217391304349,1.1,23
2023-05-23,0.44478260869565217,4.5,23
2023-05-24,0.9400000000000001,7.7,23
2023-05-25,2.2395652173913043,21.4,23
2023-05-26,9.452608695652174,26.1,23
2023-05-27,8.761304347826087,34.0,23
2023-05-28,8.830434782608695,35.5,23
2023-05-29,0.15304347826086956,3.2,23
2023-05-30,1.2365217391304348,19.5,23
2023-05-31,0.0008695652173913044,0.01,23
2023-06-01,0.0004347826086956522,0.01,23
2023-06-02,0.3130434782608696,7.2,23
2023-06-03,0.0,0.0,23
2023-06-04,0.0482608695652174,0.8,23
2023-06-05,0.0,0.0,23
2023-06-06,0.7186956521739131,6.0,23
2023-06-07,0.1491304347826087,2.2,23
2023-06-08,1.1091304347826088,21.6,23
2023-06-09,0.19695652173913042,4.5,23
2023-06-10,0.1617391304347826,3.2,23
2023-06-11,0.3652173913043478,5.7,23
2023-06-12,8.792173913043479,29.2,23
2023-06-13,18.773913043478263,74.0,23
2023-06-14,45.869565217391305,108.5,23
2023-06-15,37.43043478260869,57.5,23
2023-06-16,0.837391304347826,12.4,23
2023-06-17,2.3486956521739133,24.3,23
2023-06-18,9.9,42.2,23
2023-06-19,19.695652173913043,33.3,23
2023-06-20,8.182608695652174,17.9,23
2023-06-21,2.5365217391304347,17.0,23
2023-06-22,2.2795652173913044,19.7,23
2023-06-23,7.8826086956521735,42.4,23
2023-06-24,22.909130434782607,63.0,23
2023-06-25,4.931739130434783,36.0,23
2023-06-26,7.574347826086957,40.5,23
2023-06-27,10.113478260869565,34.5,23
2023-06-28,11.069565217391304,30.4,23
2023-06-29,6.691304347826088,40.1,23
2023-06-30,8.005217391304347,38.0,23
2023-07-01,9.352173913043478,27.5,23
2023-07-02,9.166521739130435,40.6,23
2023-07-03,14.93086956521739,66.7,23
2023-07-04,16.57,47.8,23
2023-07-05,24.22217391304348,51.5,23
2023-07-06,9.465217391304348,44.0,23
2023-07-07,7.431739130434783,57.0,23
2023-07-08,0.8104347826086955,9.5,23
2023-07-09,3.3091304347826087,13.4,23
2023-07-10,6.075652173913044,52.5,23
2023-07-11,4.8960869565217395,24.5,23
2023-07-12,10.496521739130435,61.0,23
2023-07-13,19.930869565217392,51.7,23
2023-07-14,18.63478260869565,58.4,23
2023-07-15,16.30913043478261,50.5,23
2023-07-16,2.552608695652174,18.7,23
2023-07-17,13.269565217391303,41.5,23
2023-07-18,32.07826086956521,95.0,23
2023-07-19,5.691304347826088,33.5,23
2023-07-20,3.1317391304347826,19.3,23
2023-07-21,12.300434782608697,35.0,23
2023-07-22,14.852608695652174,48.3,23
2023-07-23,16.860869565217392,38.0,23
2023-07-24,14.200000000000001,47.6,23
2023-07-25,22.86521739130435,48.5,23
2023-07-26,7.743478260869565,42.0,23
2023-07-27,12.909090909090908,54.5,22
2023-07-28,20.756521739130434,110.0,23
2023-07-29,7.483043478260869,45.0,23
2023-07-30,10.92695652173913,47.0,23
2023-07-31,14.50913043478261,95.0,23
2023-08-01,24.191304347826087,63.0,23
2023-08-02,12.826521739130435,37.5,23
2023-08-03,2.3530434782608696,30.0,23
2023-08-04,3.000869565217392,38.1,23
2023-08-05,3.0578260869565215,35.0,23
2023-08-06,19.422173913043476,47.2,23
2023-08-07,13.604347826086956,60.3,23
2023-08-08,51.821739130434786,110.0,23
2023-08-09,9.917391304347825,56.4,23
2023-08-10,9.965652173913044,37.5,23
2023-08-11,3.8917391304347824,20.0,23
2023-08-12,23.126521739130432,89.0,23
2023-08-13,25.23913043478261,56.3,23
2023-08-14,25.052608695652175,43.2,23
2023-08-15,3.0539130434782606,41.8,23
2023-08-16,4.796086956521739,103.0,23
2023-08-17,8.244782608695653,107.6,23
2023-08-18,3.496521739130435,25.0,23
2023-08-19,4.091304347826087,15.0,23
2023-08-20,2.4617391304347827,20.0,23
2023-08-21,19.32608695652174,37.5,23
2023-08-22,19.97826086956522,55.0,23
2023-08-23,19.02608695652174,42.2,23
2023-08-24,28.186956521739127,92.0,23
2023-08-25,38.369565217391305,102.0,23
2023-08-26,20.81304347826087,57.2,23
2023-08-27,5.379130434782609,27.3,23
2023-08-28,2.736086956521739,42.0,23
2023-08-29,2.1265217391304345,20.0,23
2023-08-30,1.027391304347826,15.0,23
2023-08-31,2.387826086956522,23.9,23
2023-09-01,0.31826086956521743,3.7,23
2023-09-02,0.23521739130434782,3.0,23
2023-09-03,4.64,32.7,23
2023-09-04,5.339565217391304,29.3,23
2023-09-05,0.4439130434782608,10.2,23
2023-09-06,0.22869565217391302,2.6,23
2023-09-07,9.995652173913044,41.5,23
2023-09-08,21.200434782608696,63.0,23
2023-09-09,3.2708695652173914,22.1,23
2023-09-10,5.1091304347826085,26.3,23
2023-09-11,8.156956521739131,41.5,23
2023-09-12,13.93086956521739,31.0,23
2023-09-13,24.38695652173913,105.0,23
2023-09-14,24.900000000000002,69.0,23
2023-09-15,2.1217391304347823,22.4,23
2023-09-16,3.4400000000000004,30.2,23
2023-09-17,4.127391304347826,47.8,23
2023-09-18,3.2656521739130433,18.0,23
2023-09-19,2.661304347826087,18.3,23
2023-09-20,9.130869565217392,41.6,23
2023-09-21,7.630869565217391,44.0,23
2023-09-22,5.514347826086956,37.6,23
2023-09-23,6.5495652173913035,40.4,23
2023-09-24,11.291304347826086,43.4,23
2023-09-25,3.157391304347826,37.9,23
2023-09-26,1.0534782608695652,10.7,23
2023-09-27,4.300869565217392,31.7,23
2023-09-28,2.808695652173913,25.2,23
2023-09-29,0.8921739130434783,12.5,23
2023-09-30,2.6873913043478264,21.0,23
2023-10-01,4.062173913043479,33.7,23
2023-10-02,11.860869565217392,48.5,23
2023-10-03,18.17391304347826,93.2,23
2023-10-04,35.165217391304346,96.8,23
2023-10-05,12.091304347826087,28.0,23
2023-10-06,2.2578260869565216,20.2,23
2023-10-07,1.6973913043478257,32.3,23
2023-10-08,0.19608695652173913,2.5,23
2023-10-09,0.23521739130434782,4.2,23
2023-10-10,0.15739130434782608,3.6,23
2023-10-11,0.6008695652173913,11.3,23
2023-10-12,0.20086956521739127,4.1,23
2023-10-13,1.0282608695652173,6.2,23
2023-10-14,0.2882608695652174,6.4,23
2023-10-15,0.28304347826086956,6.5,23
2023-10-16,0.022173913043478263,0.5,23
2023-10-17,4.756521739130434,14.2,23
2023-10-18,0.004782608695652174,0.1,23
2023-10-19,1.2047826086956521,14.5,23
2023-10-20,0.043478260869565216,1.0,23
2023-10-21,0.0,0.0,23
2023-10-22,0.0,0.0,23
2023-10-23,0.0,0.0,23
2023-10-24,0.004347826086956522,0.1,23
2023-10-25,0.0,0.0,23
2023-10-26,0.0,0.0,23
2023-10-27,0.0008695652173913044,0.01,23
2023-10-28,0.36086956521739133,6.3,23
2023-10-29,0.0,0.0,23
2023-10-30,0.0004347826086956522,0.01,23
2023-10-31,0.0,0.0,23
2023-11-01,0.0,0.0,23
2023-11-02,0.0,0.0,23
2023-11-03,0.0,0.0,23
2023-11-04,0.16086956521739132,3.7,23
2023-11-05,0.6956521739130435,5.6,23
2023-11-06,0.0,0.0,23
2023-11-07,0.0,0.0,23
2023-11-08,0.0004347826086956522,0.01,23
2023-11-09,0.0,0.0,23
2023-11-10,0.0,0.0,23
2023-11-11,0.0,0.0,23
2023-11-12,0.018260869565217393,0.4,23
2023-11-13,0.0,0.0,23
2023-11-14,0.0,0.0,23
2023-11-15,0.0,0.0,23
2023-11-16,0.0,0.0,23
2023-11-17,0.0,0.0,23
2023-11-18,0.0,0.0,23
2023-11-19,0.0,0.0,23
2023-11-20,0.0,0.0,23
2023-11-21,0.0,0.0,23
2023-11-22,0.0,0.0,23
2023-11-23,0.0,0.0,23
2023-11-24,0.0,0.0,23
2023-11-25,0.0,0.0,23
2023-11-26,0.0004347826086956522,0.01,23
2023-11-27,0.0,0.0,23
2023-11-28,0.0,0.0,23
2023-11-29,0.01391304347826087,0.3,23
2023-11-30,0.0,0.0,23
2023-12-01,0.0,0.0,23
2023-12-02,0.0,0.0,23
2023-12-03,0.0,0.0,23
2023-12-04,0.0004347826086956522,0.01,23
2023-12-05,0.0004347826086956522,0.01,23
2023-12-06,0.0,0.0,23
2023-12-07,0.0,0.0,23
2023-12-08,0.0008695652173913044,0.01,23
2023-12-09,0.0004347826086956522,0.01,23
2023-12-10,0.0,0.0,23
2023-12-11,0.0,0.0,23
2023-12-12,0.0,0.0,23
2023-12-13,0.0,0.0,23
2023-12-14,0.0,0.0,23
2023-12-15,0.0,0.0,23
2023-12-16,0.0,0.0,23
2023-12-17,0.0,0.0,23
2023-12-18,0.0,0.0,23
2023-12-19,0.0,0.0,23
2023-12-20,0.0,0.0,23
2023-12-21,0.0,0.0,23
2023-12-22,0.0,0.0,23
2023-12-23,0.0,0.0,23
2023-12-24,0.0,0.0,23
2023-12-25,0.0,0.0,23
2023-12-26,0.0,0.0,23
2023-12-27,0.0,0.0,23
2023-12-28,0.0,0.0,23
2023-12-29,0.0,0.0,23
2023-12-30,0.0,0.0,23
2023-12-31,0.0,0.0,23
