,rainfall_mm,temp_c,humidity_pct
2021-01-01,0.0,14.18,26.15
2021-01-02,0.1,14.46,28.53
2021-01-03,12.34,15.32,47.48
2021-01-04,0.51,13.99,57.88
2021-01-05,1.02,15.28,50.69
2021-01-06,0.88,13.66,67.34
2021-01-07,0.0,13.94,45.66
2021-01-08,0.0,14.04,28.75
2021-01-09,0.0,15.67,33.27
2021-01-10,0.0,15.54,31.72
2021-01-11,0.0,13.95,31.85
2021-01-12,0.0,12.37,35.03
2021-01-13,0.0,11.16,38.59
2021-01-14,0.0,10.47,43.31
2021-01-15,0.0,11.46,41.4
2021-01-16,0.0,12.63,35.08
2021-01-17,0.0,12.11,31.99
2021-01-18,0.0,13.03,31.28
2021-01-19,0.0,13.38,43.33
2021-01-20,0.0,11.89,47.79
2021-01-21,0.0,12.16,30.61
2021-01-22,0.0,11.49,33.25
2021-01-23,0.0,12.44,30.37
2021-01-24,0.0,11.63,35.19
2021-01-25,0.0,10.91,36.38
2021-01-26,0.0,10.66,31.86
2021-01-27,0.0,11.44,26.76
2021-01-28,0.0,11.29,27.94
2021-01-29,0.0,10.23,31.37
2021-01-30,0.0,10.06,30.62
2021-01-31,0.0,10.34,30.65
2021-02-01,0.0,11.12,31.46
2021-02-02,0.0,12.17,30.65
2021-02-03,0.01,12.87,30.99
2021-02-04,0.4,12.41,44.85
2021-02-05,1.36,10.39,67.86
2021-02-06,0.07,10.63,56.5
2021-02-07,0.0,12.89,33.31
2021-02-08,0.0,14.43,28.84
2021-02-09,0.0,14.93,33.39
2021-02-10,0.0,14.75,36.77
2021-02-11,0.0,14.42,33.06
2021-02-12,0.0,14.9,35.31
2021-02-13,0.0,14.63,39.24
2021-02-14,0.0,14.3,40.5
2021-02-15,0.06,14.28,40.46
2021-02-16,0.11,14.85,34.25
2021-02-17,0.02,13.88,31.5
2021-02-18,0.0,13.51,34.73
2021-02-19,0.0,13.7,40.04
2021-02-20,0.0,14.94,34.75
2021-02-21,0.0,15.76,36.77
2021-02-22,0.0,16.53,39.44
2021-02-23,0.0,17.06,35.51
2021-02-24,0.0,17.47,30.86
2021-02-25,0.0,17.7,29.24
2021-02-26,0.03,18.85,29.11
2021-02-27,0.0,18.39,37.31
2021-02-28,0.0,18.33,33.57
2021-03-01,0.01,16.85,23.63
2021-03-02,0.0,16.22,21.65
2021-03-03,0.0,16.4,26.61
2021-03-04,0.0,17.1,25.22
2021-03-05,0.0,17.38,23.99
2021-03-06,0.0,18.34,23.75
2021-03-07,0.09,18.16,29.03
2021-03-08,4.32,17.76,43.05
2021-03-09,0.0,19.09,34.06
2021-03-10,0.38,19.34,32.66
2021-03-11,0.01,18.99,35.4
2021-03-12,0.01,18.71,31.87
2021-03-13,0.25,19.21,36.22
2021-03-14,0.0,18.12,36.85
2021-03-15,0.0,19.15,29.3
2021-03-16,0.02,19.37,29.83
2021-03-17,0.0,19.8,28.16
2021-03-18,0.02,20.05,27.52
2021-03-19,0.02,19.59,27.34
2021-03-20,0.05,20.18,26.68
2021-03-21,0.0,20.32,29.68
2021-03-22,0.03,20.8,29.16
2021-03-23,0.28,21.58,28.52
2021-03-24,0.89,19.37,34.76
2021-03-25,0.06,18.88,29.93
2021-03-26,0.0,19.91,24.71
2021-03-27,0.0,20.86,25.87
2021-03-28,0.0,20.9,30.55
2021-03-29,0.0,21.69,31.59
2021-03-30,0.0,23.42,23.98
2021-03-31,0.0,22.7,16.9
2021-04-01,0.04,20.02,11.44
2021-04-02,0.0,19.73,10.47
2021-04-03,0.0,19.02,10.28
2021-04-04,0.0,20.41,10.38
2021-04-05,0.0,21.86,13.94
2021-04-06,0.0,22.99,18.44
2021-04-07,0.35,23.61,22.74
2021-04-08,0.0,23.55,19.23
2021-04-09,0.0,22.67,13.59
2021-04-10,0.0,23.0,10.85
2021-04-11,0.0,23.07,13.82
2021-04-12,0.0,23.61,19.17
2021-04-13,0.0,24.42,21.54
2021-04-14,0.0,25.24,19.38
2021-04-15,0.01,25.49,23.13
2021-04-16,0.02,25.7,21.82
2021-04-17,5.58,20.39,40.4
2021-04-18,1.3,21.16,40.83
2021-04-19,0.0,22.69,28.51
2021-04-20,0.58,23.85,23.15
2021-04-21,12.91,18.01,57.48
2021-04-22,12.63,19.39,54.62
2021-04-23,0.81,20.69,41.63
2021-04-24,0.77,22.29,37.28
2021-04-25,0.0,23.03,27.84
2021-04-26,0.0,24.18,25.34
2021-04-27,0.0,24.63,29.0
2021-04-28,0.01,25.95,31.94
2021-04-29,0.16,25.92,30.34
2021-04-30,0.18,25.05,36.17
2021-05-01,0.64,25.1,36.84
2021-05-02,2.24,24.43,36.93
2021-05-03,10.66,23.53,44.54
2021-05-04,8.14,22.77,53.61
2021-05-05,16.05,21.02,62.88
2021-05-06,5.86,22.49,52.63
2021-05-07,1.73,23.24,49.87
2021-05-08,0.16,22.54,49.31
2021-05-09,2.42,21.77,55.68
2021-05-10,2.61,21.71,58.59
2021-05-11,6.19,20.69,62.86
2021-05-12,16.15,20.63,66.38
2021-05-13,5.59,19.65,67.92
2021-05-14,0.35,21.46,58.28
2021-05-15,0.0,24.26,45.51
2021-05-16,0.0,24.91,39.33
2021-05-17,0.06,25.87,35.49
2021-05-18,0.81,23.24,41.69
2021-05-19,6.87,21.0,63.44
2021-05-20,33.39,20.94,80.31
2021-05-21,13.2,22.24,73.27
2021-05-22,0.02,23.78,51.53
2021-05-23,0.22,24.06,48.74
2021-05-24,0.09,24.61,45.63
2021-05-25,0.41,25.93,44.88
2021-05-26,0.91,26.19,43.6
2021-05-27,0.38,25.21,40.48
2021-05-28,23.69,23.93,56.84
2021-05-29,11.36,22.91,78.7
2021-05-30,2.03,23.47,72.48
2021-05-31,5.08,24.66,64.87
2021-06-01,4.89,24.95,54.56
2021-06-02,0.0,23.7,55.4
2021-06-03,0.15,24.94,53.23
2021-06-04,0.65,25.69,52.6
2021-06-05,0.6,26.89,51.23
2021-06-06,1.81,25.69,61.28
2021-06-07,0.47,26.21,57.24
2021-06-08,0.2,27.04,57.38
2021-06-09,4.51,26.94,63.49
2021-06-10,21.93,22.85,84.79
2021-06-11,8.11,22.86,84.86
2021-06-12,16.85,22.67,86.27
2021-06-13,18.69,23.92,80.49
2021-06-14,15.09,22.9,85.18
2021-06-15,33.25,22.96,82.03
2021-06-16,14.31,23.82,80.3
2021-06-17,28.72,22.94,81.38
2021-06-18,18.05,22.27,84.52
2021-06-19,29.32,21.87,86.77
2021-06-20,14.5,22.65,85.9
2021-06-21,1.92,24.07,82.01
2021-06-22,2.49,24.68,75.56
2021-06-23,11.48,24.98,73.03
2021-06-24,6.69,23.87,71.77
2021-06-25,18.89,24.24,72.34
2021-06-26,12.72,23.33,76.95
2021-06-27,8.44,23.6,79.87
2021-06-28,0.45,24.34,82.83
2021-06-29,0.02,24.65,77.86
2021-06-30,0.47,26.97,61.33
2021-07-01,1.19,26.53,65.02
2021-07-02,6.3,25.82,68.44
2021-07-03,1.5,25.32,71.71
2021-07-04,2.55,24.68,72.0
2021-07-05,1.39,24.76,78.03
2021-07-06,0.01,25.32,75.75
2021-07-07,0.22,26.2,71.64
2021-07-08,4.95,25.28,81.94
2021-07-09,1.77,23.74,86.22
2021-07-10,6.74,24.57,82.04
2021-07-11,0.77,22.77,86.44
2021-07-12,5.21,22.61,87.57
2021-07-13,2.37,23.53,82.56
2021-07-14,2.53,23.55,85.95
2021-07-15,2.09,23.81,85.24
2021-07-16,6.4,23.61,88.62
2021-07-17,7.69,23.12,92.2
2021-07-18,15.41,22.65,93.2
2021-07-19,18.66,22.62,90.98
2021-07-20,31.7,23.11,87.84
2021-07-21,8.59,22.98,88.77
2021-07-22,15.38,23.49,88.91
2021-07-23,13.84,24.37,81.49
2021-07-24,8.93,25.19,82.77
2021-07-25,18.81,24.88,88.08
2021-07-26,14.02,24.0,87.51
2021-07-27,6.59,23.4,91.65
2021-07-28,11.93,24.26,81.63
2021-07-29,19.14,23.9,88.03
2021-07-30,6.53,24.04,82.5
2021-07-31,1.63,24.48,81.5
2021-08-01,2.23,24.07,87.57
2021-08-02,0.06,23.99,86.48
2021-08-03,0.16,24.17,83.03
2021-08-04,1.63,23.94,87.82
2021-08-05,5.07,23.52,85.24
2021-08-06,1.49,24.66,80.65
2021-08-07,5.72,24.1,85.57
2021-08-08,15.12,23.32,88.33
2021-08-09,8.78,23.93,83.48
2021-08-10,6.2,23.86,88.11
2021-08-11,4.75,23.86,89.84
2021-08-12,5.69,23.91,87.35
2021-08-13,9.2,23.25,90.32
2021-08-14,8.34,22.82,91.68
2021-08-15,16.75,24.01,87.69
2021-08-16,11.54,23.94,85.41
2021-08-17,1.21,24.24,84.58
2021-08-18,9.2,23.65,86.94
2021-08-19,8.28,23.18,88.09
2021-08-20,12.4,22.47,90.4
2021-08-21,6.53,22.78,88.66
2021-08-22,2.96,22.49,92.43
2021-08-23,10.54,21.67,94.0
2021-08-24,23.26,22.37,93.87
2021-08-25,8.27,22.15,92.24
2021-08-26,5.75,22.42,89.06
2021-08-27,43.14,22.96,92.41
2021-08-28,5.5,21.4,94.8
2021-08-29,7.25,21.68,89.19
2021-08-30,21.58,21.99,87.31
2021-08-31,18.37,21.91,87.18
2021-09-01,0.84,22.54,84.01
2021-09-02,2.91,22.72,87.14
2021-09-03,0.62,22.47,86.29
2021-09-04,1.03,23.02,85.52
2021-09-05,0.49,23.45,86.7
2021-09-06,10.4,23.38,85.85
2021-09-07,9.63,22.31,88.13
2021-09-08,8.95,21.84,89.2
2021-09-09,1.73,22.5,86.21
2021-09-10,4.64,22.81,83.78
2021-09-11,12.79,23.1,83.35
2021-09-12,6.54,22.39,85.04
2021-09-13,11.19,23.49,79.81
2021-09-14,3.45,23.23,80.62
2021-09-15,7.69,21.89,86.68
2021-09-16,7.87,21.62,84.15
2021-09-17,1.78,21.57,82.74
2021-09-18,0.22,22.53,84.87
2021-09-19,1.33,22.99,88.27
2021-09-20,6.92,23.25,86.99
2021-09-21,11.09,22.72,87.69
2021-09-22,1.46,21.2,93.73
2021-09-23,3.26,21.97,83.97
2021-09-24,4.73,22.26,85.43
2021-09-25,4.52,21.63,87.7
2021-09-26,1.37,21.63,84.42
2021-09-27,1.24,22.64,80.94
2021-09-28,2.52,21.04,89.2
2021-09-29,0.27,22.14,77.42
2021-09-30,0.34,21.75,85.81
2021-10-01,0.65,21.15,87.67
2021-10-02,0.16,21.89,89.94
2021-10-03,2.88,21.63,90.32
2021-10-04,0.3,22.5,82.43
2021-10-05,0.34,21.9,79.0
2021-10-06,0.0,21.54,76.94
2021-10-07,0.16,21.59,81.1
2021-10-08,0.27,21.58,84.95
2021-10-09,0.0,21.82,80.04
2021-10-10,0.01,21.58,73.98
2021-10-11,0.0,21.62,64.72
2021-10-12,0.0,22.34,67.15
2021-10-13,0.0,22.7,65.0
2021-10-14,0.0,22.49,65.08
2021-10-15,0.0,22.83,57.59
2021-10-16,4.55,22.11,56.94
2021-10-17,17.33,22.64,69.52
2021-10-18,66.08,19.7,91.15
2021-10-19,41.63,18.77,94.27
2021-10-20,24.18,19.99,88.12
2021-10-21,0.37,19.59,80.36
2021-10-22,0.0,19.48,72.54
2021-10-23,0.02,18.3,73.68
2021-10-24,0.14,18.36,73.62
2021-10-25,0.0,17.78,72.85
2021-10-26,0.0,17.73,68.11
2021-10-27,0.0,17.19,67.21
2021-10-28,0.0,17.1,60.94
2021-10-29,0.0,17.19,65.79
2021-10-30,0.0,17.35,65.21
2021-10-31,0.0,16.39,67.79
2021-11-01,0.0,16.0,66.82
2021-11-02,0.0,15.56,61.03
2021-11-03,0.0,14.76,56.78
2021-11-04,0.0,14.43,54.54
2021-11-05,0.0,14.97,55.17
2021-11-06,0.0,15.36,58.69
2021-11-07,0.0,16.03,52.65
2021-11-08,0.0,16.06,46.97
2021-11-09,0.0,16.08,48.36
2021-11-10,0.0,16.04,55.59
2021-11-11,0.0,15.52,60.28
2021-11-12,0.0,15.41,59.82
2021-11-13,0.0,15.31,57.14
2021-11-14,0.0,15.43,57.06
2021-11-15,0.0,14.37,57.0
2021-11-16,0.0,14.21,51.51
2021-11-17,0.0,14.6,52.2
2021-11-18,0.0,15.92,54.87
2021-11-19,0.0,17.42,53.14
2021-11-20,0.02,16.67,55.53
2021-11-21,0.0,16.27,59.57
2021-11-22,0.0,15.51,51.76
2021-11-23,0.0,13.81,57.55
2021-11-24,0.0,13.19,69.46
2021-11-25,0.0,12.97,77.48
2021-11-26,0.0,12.59,73.52
2021-11-27,0.0,12.88,67.39
2021-11-28,0.0,13.27,59.69
2021-11-29,0.0,14.13,52.89
2021-11-30,0.0,14.31,53.43
2021-12-01,0.0,15.39,48.84
2021-12-02,16.05,16.83,55.93
2021-12-03,2.74,14.72,74.67
2021-12-04,0.0,15.55,62.53
2021-12-05,0.02,15.61,60.97
2021-12-06,1.71,13.15,77.27
2021-12-07,0.0,12.57,63.84
2021-12-08,0.0,13.58,52.88
2021-12-09,0.0,12.48,62.42
2021-12-10,0.0,11.47,60.92
2021-12-11,0.0,9.89,51.2
2021-12-12,0.0,10.79,59.53
2021-12-13,0.0,11.18,56.98
2021-12-14,0.0,11.48,52.35
2021-12-15,0.0,11.37,48.87
2021-12-16,0.0,10.22,46.99
2021-12-17,0.0,9.82,56.19
2021-12-18,0.0,9.29,55.23
2021-12-19,0.0,8.41,46.69
2021-12-20,0.0,9.15,44.29
2021-12-21,0.0,10.71,43.19
2021-12-22,0.0,9.87,48.24
2021-12-23,0.0,10.28,50.83
2021-12-24,0.0,10.41,57.44
2021-12-25,0.0,10.14,63.3
2021-12-26,0.0,9.22,66.59
2021-12-27,0.0,9.15,72.9
2021-12-28,1.88,9.03,73.19
2021-12-29,8.62,6.5,84.07
2021-12-30,0.92,8.05,73.93
2021-12-31,0.0,8.89,59.07
2022-01-01,0.0,9.52,52.37
2022-01-02,0.0,10.22,48.5
2022-01-03,0.0,11.31,51.05
2022-01-04,0.02,12.2,50.42
2022-01-05,4.76,11.17,69.44
2022-01-06,4.79,9.88,83.6
2022-01-07,0.03,10.9,75.62
2022-01-08,3.75,8.49,78.32
2022-01-09,2.71,10.34,67.52
2022-01-10,3.71,11.11,71.07
2022-01-11,0.16,11.29,72.23
2022-01-12,0.05,9.79,77.96
2022-01-13,0.0,8.57,64.8
2022-01-14,0.0,9.29,53.06
2022-01-15,0.0,8.89,50.28
2022-01-16,0.0,8.32,50.32
2022-01-17,0.0,10.54,54.26
2022-01-18,0.0,10.53,66.5
2022-01-19,0.03,8.91,70.56
2022-01-20,0.34,8.87,79.4
2022-01-21,0.3,8.71,78.36
2022-01-22,0.6,7.32,78.83
2022-01-23,5.75,7.35,84.58
2022-01-24,7.24,7.68,89.55
2022-01-25,1.07,8.5,82.37
2022-01-26,1.94,7.52,86.29
2022-01-27,0.0,7.85,79.18
2022-01-28,0.0,7.94,65.41
2022-01-29,0.0,8.96,62.64
2022-01-30,0.0,10.48,61.13
2022-01-31,0.0,10.16,65.55
2022-02-01,0.0,8.76,67.17
2022-02-02,0.09,9.34,63.52
2022-02-03,19.84,8.8,77.04
2022-02-04,26.73,4.81,93.83
2022-02-05,0.02,5.94,68.36
2022-02-06,0.0,7.77,64.16
2022-02-07,1.01,9.77,71.54
2022-02-08,7.85,10.33,73.47
2022-02-09,5.69,7.74,81.78
2022-02-10,0.19,9.41,75.69
2022-02-11,0.0,9.35,68.38
2022-02-12,0.0,10.05,58.67
2022-02-13,0.0,10.75,67.65
2022-02-14,0.0,11.18,65.58
2022-02-15,0.0,11.72,70.96
2022-02-16,0.0,11.54,67.57
2022-02-17,0.0,11.36,67.07
2022-02-18,0.0,11.18,55.53
2022-02-19,0.05,11.02,56.83
2022-02-20,0.17,10.61,61.13
2022-02-21,0.0,10.35,64.56
2022-02-22,0.0,11.99,64.34
2022-02-23,1.83,13.2,66.41
2022-02-24,0.09,12.72,64.44
2022-02-25,0.13,12.0,63.32
2022-02-26,3.42,10.31,69.16
2022-02-27,0.65,12.2,65.55
2022-02-28,0.0,12.45,51.15
2022-03-01,0.0,14.59,49.12
2022-03-02,0.02,14.29,52.43
2022-03-03,0.0,14.4,51.51
2022-03-04,0.02,14.69,55.92
2022-03-05,0.0,15.49,50.42
2022-03-06,0.0,16.97,52.16
2022-03-07,0.0,16.81,60.18
2022-03-08,0.0,17.41,52.6
2022-03-09,0.0,17.96,44.67
2022-03-10,0.0,17.45,49.75
2022-03-11,0.0,17.49,54.56
2022-03-12,0.0,18.07,55.18
2022-03-13,0.0,19.05,58.68
2022-03-14,0.0,19.71,59.99
2022-03-15,0.02,20.97,57.76
2022-03-16,0.24,20.78,62.06
2022-03-17,0.0,21.54,59.1
2022-03-18,0.0,22.34,58.84
2022-03-19,0.0,22.55,55.29
2022-03-20,0.0,22.26,52.33
2022-03-21,0.0,21.35,46.28
2022-03-22,0.03,21.27,43.78
2022-03-23,0.11,20.31,49.26
2022-03-24,0.01,20.51,47.27
2022-03-25,0.0,19.95,45.78
2022-03-26,0.0,20.51,40.95
2022-03-27,0.0,21.15,38.48
2022-03-28,0.0,21.49,38.05
2022-03-29,0.0,21.98,35.59
2022-03-30,0.05,22.23,34.13
2022-03-31,0.0,22.21,32.98
2022-04-01,0.0,22.84,34.21
2022-04-02,0.04,23.38,35.55
2022-04-03,0.0,23.34,31.87
2022-04-04,0.0,23.25,26.58
2022-04-05,0.0,23.26,27.98
2022-04-06,0.0,23.7,26.81
2022-04-07,0.04,23.53,27.64
2022-04-08,0.04,23.35,31.28
2022-04-09,0.15,24.21,31.14
2022-04-10,1.62,24.33,31.42
2022-04-11,0.03,24.61,30.5
2022-04-12,0.0,24.57,31.6
2022-04-13,0.16,25.52,29.85
2022-04-14,6.19,23.79,36.62
2022-04-15,0.3,22.17,35.22
2022-04-16,0.41,22.91,30.49
2022-04-17,0.0,23.38,29.66
2022-04-18,0.0,25.54,24.41
2022-04-19,0.04,25.75,24.12
2022-04-20,0.0,25.81,26.85
2022-04-21,0.05,25.02,32.68
2022-04-22,0.98,25.12,33.13
2022-04-23,0.0,24.39,26.45
2022-04-24,0.0,24.3,22.61
2022-04-25,0.0,25.11,23.72
2022-04-26,0.09,26.16,25.0
2022-04-27,0.04,26.26,25.41
2022-04-28,0.01,26.22,26.14
2022-04-29,0.16,26.82,25.85
2022-04-30,5.44,26.45,31.75
2022-05-01,3.48,25.08,39.84
2022-05-02,4.61,23.86,49.33
2022-05-03,1.03,24.63,50.03
2022-05-04,2.7,25.05,50.09
2022-05-05,3.5,23.76,50.24
2022-05-06,1.55,23.51,52.25
2022-05-07,1.89,24.03,50.42
2022-05-08,3.99,23.8,50.59
2022-05-09,0.66,23.55,56.27
2022-05-10,5.92,24.21,59.65
2022-05-11,2.09,24.68,58.49
2022-05-12,26.42,23.78,69.95
2022-05-13,6.98,25.1,59.57
2022-05-14,0.01,26.17,42.77
2022-05-15,0.02,26.16,36.25
2022-05-16,0.17,26.59,36.75
2022-05-17,3.78,25.97,41.38
2022-05-18,0.08,25.73,40.87
2022-05-19,0.12,26.5,39.41
2022-05-20,5.51,26.09,45.15
2022-05-21,1.2,25.81,40.31
2022-05-22,3.61,24.76,41.42
2022-05-23,1.33,24.08,42.15
2022-05-24,1.35,22.5,49.85
2022-05-25,13.98,23.2,52.18
2022-05-26,0.27,23.58,49.31
2022-05-27,0.12,24.48,51.63
2022-05-28,0.61,24.54,57.24
2022-05-29,0.08,25.52,53.04
2022-05-30,0.16,26.4,45.15
2022-05-31,0.13,26.54,37.69
2022-06-01,2.22,27.06,38.34
2022-06-02,0.12,27.13,33.53
2022-06-03,0.01,27.39,29.06
2022-06-04,0.0,28.51,23.71
2022-06-05,0.0,28.05,26.31
2022-06-06,0.16,28.6,30.69
2022-06-07,0.26,28.18,31.79
2022-06-08,0.04,28.42,32.29
2022-06-09,0.04,29.94,29.18
2022-06-10,0.21,29.18,33.25
2022-06-11,11.67,27.48,48.16
2022-06-12,3.17,27.77,46.82
2022-06-13,0.03,29.23,36.54
2022-06-14,0.12,29.94,37.5
2022-06-15,0.1,29.93,42.0
2022-06-16,2.76,28.74,48.49
2022-06-17,0.58,27.03,54.67
2022-06-18,0.52,26.98,54.46
2022-06-19,0.5,26.69,50.03
2022-06-20,5.26,25.3,56.17
2022-06-21,3.82,24.68,61.38
2022-06-22,4.03,26.38,56.83
2022-06-23,3.87,27.08,52.67
2022-06-24,0.32,27.71,52.07
2022-06-25,1.78,27.76,56.99
2022-06-26,4.05,25.81,70.94
2022-06-27,5.02,25.48,72.28
2022-06-28,10.25,24.48,80.57
2022-06-29,4.74,24.76,82.15
2022-06-30,6.96,22.41,82.16
2022-07-01,3.08,25.23,70.7
2022-07-02,9.55,25.55,72.8
2022-07-03,2.77,25.39,75.86
2022-07-04,10.49,25.61,79.46
2022-07-05,2.74,25.57,74.44
2022-07-06,1.4,26.2,71.45
2022-07-07,1.66,27.01,69.75
2022-07-08,7.92,26.24,74.95
2022-07-09,17.43,23.09,81.5
2022-07-10,6.48,25.34,73.15
2022-07-11,4.46,25.66,72.88
2022-07-12,3.87,24.73,76.78
2022-07-13,4.36,25.86,72.65
2022-07-14,4.03,25.79,71.03
2022-07-15,1.83,25.97,68.24
2022-07-16,2.2,26.41,67.16
2022-07-17,0.4,27.51,64.19
2022-07-18,0.9,26.42,71.92
2022-07-19,3.24,25.48,74.97
2022-07-20,29.46,23.04,90.92
2022-07-21,3.12,23.51,87.24
2022-07-22,14.41,24.15,82.64
2022-07-23,4.02,24.59,81.33
2022-07-24,7.13,24.39,76.58
2022-07-25,10.12,23.64,78.55
2022-07-26,10.63,23.69,81.63
2022-07-27,5.17,22.14,89.21
2022-07-28,7.4,23.09,82.01
2022-07-29,7.4,23.24,85.9
2022-07-30,6.2,23.0,89.1
2022-07-31,2.93,23.1,87.19
2022-08-01,4.64,23.74,86.62
2022-08-02,6.06,23.79,85.31
2022-08-03,15.16,23.51,88.53
2022-08-04,5.93,23.82,84.73
2022-08-05,5.1,24.19,81.76
2022-08-06,3.2,23.66,84.42
2022-08-07,5.69,22.55,84.38
2022-08-08,6.3,25.13,79.07
2022-08-09,4.81,25.78,76.71
2022-08-10,23.44,24.56,81.14
2022-08-11,8.37,24.56,79.58
2022-08-12,5.48,24.81,79.66
2022-08-13,5.77,24.94,80.48
2022-08-14,23.88,23.21,86.18
2022-08-15,4.11,23.1,84.66
2022-08-16,0.34,23.92,82.36
2022-08-17,1.01,23.69,85.87
2022-08-18,0.43,23.73,85.45
2022-08-19,7.3,22.54,85.59
2022-08-20,8.84,23.3,80.33
2022-08-21,3.31,23.96,80.83
2022-08-22,1.68,24.12,83.7
2022-08-23,6.79,24.03,85.05
2022-08-24,8.9,23.88,83.17
2022-08-25,2.72,24.32,84.86
2022-08-26,0.49,24.15,84.84
2022-08-27,2.42,24.09,85.86
2022-08-28,11.08,23.47,86.13
2022-08-29,12.91,22.74,89.11
2022-08-30,1.07,23.25,86.38
2022-08-31,8.71,23.33,87.86
2022-09-01,12.43,22.85,91.09
2022-09-02,6.55,22.42,90.83
2022-09-03,0.97,22.76,85.17
2022-09-04,3.32,23.04,80.57
2022-09-05,2.05,23.38,74.83
2022-09-06,1.88,23.92,73.41
2022-09-07,3.54,23.41,81.59
2022-09-08,1.46,22.99,86.35
2022-09-09,1.51,22.65,89.02
2022-09-10,5.46,22.0,89.52
2022-09-11,6.17,22.73,85.64
2022-09-12,12.46,22.71,85.24
2022-09-13,1.49,22.4,83.59
2022-09-14,10.94,22.21,85.48
2022-09-15,20.68,21.08,91.28
2022-09-16,64.87,20.97,90.65
2022-09-17,24.87,21.02,89.33
2022-09-18,3.63,21.59,86.75
2022-09-19,2.85,22.93,83.21
2022-09-20,4.04,22.5,86.84
2022-09-21,3.84,22.86,83.5
2022-09-22,0.85,22.85,86.93
2022-09-23,6.11,22.18,91.57
2022-09-24,10.58,22.51,89.05
2022-09-25,24.28,20.54,93.45
2022-09-26,0.18,21.33,87.28
2022-09-27,0.01,21.76,87.54
2022-09-28,0.0,21.76,82.76
2022-09-29,0.0,21.44,79.29
2022-09-30,0.05,21.17,79.05
2022-10-01,2.23,21.45,77.95
2022-10-02,0.33,22.36,73.04
2022-10-03,0.02,23.07,71.69
2022-10-04,12.0,22.24,82.85
2022-10-05,11.22,20.37,91.22
2022-10-06,62.74,19.55,91.72
2022-10-07,57.31,19.29,95.67
2022-10-08,38.79,19.18,90.22
2022-10-09,50.88,18.11,90.28
2022-10-10,15.79,18.65,86.36
2022-10-11,2.24,18.72,93.22
2022-10-12,1.01,19.7,83.58
2022-10-13,0.02,18.85,81.29
2022-10-14,0.0,18.91,80.78
2022-10-15,0.0,18.74,87.02
2022-10-16,0.0,18.9,86.37
2022-10-17,0.0,18.81,84.99
2022-10-18,0.01,18.38,83.56
2022-10-19,0.05,17.47,79.41
2022-10-20,0.09,17.27,75.79
2022-10-21,0.27,17.51,70.69
2022-10-22,0.0,17.58,66.94
2022-10-23,0.0,16.86,67.59
2022-10-24,0.0,17.9,63.74
2022-10-25,0.0,17.9,67.2
2022-10-26,0.0,17.07,76.36
2022-10-27,0.01,16.54,85.55
2022-10-28,0.0,16.64,84.36
2022-10-29,0.0,16.74,84.09
2022-10-30,0.0,17.13,80.02
2022-10-31,0.0,17.4,77.09
2022-11-01,0.0,17.08,77.6
2022-11-02,0.0,17.1,78.36
2022-11-03,0.0,17.14,81.3
2022-11-04,0.0,17.2,81.81
2022-11-05,0.0,17.39,82.75
2022-11-06,0.0,17.15,85.09
2022-11-07,0.0,16.21,88.84
2022-11-08,0.0,16.62,86.68
2022-11-09,0.0,16.57,81.12
2022-11-10,0.0,15.37,75.51
2022-11-11,0.0,14.62,68.07
2022-11-12,0.0,14.37,67.12
2022-11-13,0.0,14.07,68.43
2022-11-14,0.0,14.88,63.39
2022-11-15,0.03,15.16,65.09
2022-11-16,0.28,14.64,74.89
2022-11-17,0.0,13.87,78.55
2022-11-18,0.0,13.66,83.54
2022-11-19,0.0,14.83,78.45
2022-11-20,0.0,15.37,69.42
2022-11-21,0.0,14.87,67.62
2022-11-22,0.0,14.92,63.89
2022-11-23,0.0,14.45,66.66
2022-11-24,0.0,14.71,62.32
2022-11-25,0.0,15.82,61.25
2022-11-26,0.0,16.43,61.48
2022-11-27,0.0,15.29,74.01
2022-11-28,0.0,14.2,77.03
2022-11-29,0.0,14.32,76.32
2022-11-30,0.0,14.37,77.32
2022-12-01,0.0,14.25,70.01
2022-12-02,0.0,14.05,74.03
2022-12-03,0.0,14.16,76.88
2022-12-04,0.0,14.39,66.48
2022-12-05,0.0,13.49,65.59
2022-12-06,0.0,13.25,61.59
2022-12-07,0.0,13.0,65.03
2022-12-08,0.0,13.28,68.0
2022-12-09,0.0,14.1,58.41
2022-12-10,0.0,14.85,49.43
2022-12-11,0.0,15.37,40.61
2022-12-12,3.69,14.98,42.66
2022-12-13,0.0,15.35,41.61
2022-12-14,0.0,14.18,48.09
2022-12-15,0.0,13.05,53.95
2022-12-16,0.0,12.17,61.15
2022-12-17,0.0,12.38,60.2
2022-12-18,0.0,12.71,68.95
2022-12-19,0.0,12.52,72.36
2022-12-20,0.0,12.49,63.91
2022-12-21,0.0,12.05,58.43
2022-12-22,0.0,12.02,41.69
2022-12-23,0.0,11.25,43.77
2022-12-24,0.0,10.88,62.88
2022-12-25,0.0,11.17,67.43
2022-12-26,0.0,11.27,68.19
2022-12-27,0.0,10.75,65.36
2022-12-28,0.0,9.92,58.5
2022-12-29,0.0,9.8,61.52
2022-12-30,0.0,10.8,74.22
2022-12-31,0.0,10.57,79.52
2023-01-01,0.0,9.57,81.61
2023-01-02,0.0,9.83,77.49
2023-01-03,0.0,8.66,69.8
2023-01-04,0.0,8.65,61.04
2023-01-05,0.0,9.67,55.6
2023-01-06,0.0,9.82,48.33
2023-01-07,0.0,11.93,41.89
2023-01-08,0.0,12.11,47.06
2023-01-09,0.0,12.89,52.37
2023-01-10,0.0,13.23,53.09
2023-01-11,0.0,11.61,57.29
2023-01-12,0.04,10.52,64.26
2023-01-13,0.01,10.67,71.32
2023-01-14,0.0,10.85,76.58
2023-01-15,0.0,9.51,71.06
2023-01-16,0.0,9.27,69.24
2023-01-17,0.0,8.68,63.03
2023-01-18,0.0,9.33,55.2
2023-01-19,0.16,9.78,56.31
2023-01-20,0.0,10.82,61.5
2023-01-21,0.0,11.3,61.2
2023-01-22,0.14,11.75,54.36
2023-01-23,0.07,12.01,57.29
2023-01-24,13.38,10.24,76.11
2023-01-25,12.65,10.76,82.1
2023-01-26,1.49,12.49,69.69
2023-01-27,0.0,13.16,52.31
2023-01-28,0.0,12.53,47.77
2023-01-29,0.0,14.14,45.74
2023-01-30,0.14,13.69,44.2
2023-01-31,0.03,12.89,48.73
2023-02-01,0.0,12.67,46.86
2023-02-02,0.0,12.57,40.91
2023-02-03,0.0,13.7,42.14
2023-02-04,0.0,13.32,49.53
2023-02-05,0.0,12.44,58.95
2023-02-06,0.0,12.63,59.7
2023-02-07,0.0,12.94,59.14
2023-02-08,0.0,12.64,60.72
2023-02-09,0.0,12.65,57.88
2023-02-10,0.0,13.4,56.1
2023-02-11,0.0,14.26,56.78
2023-02-12,0.0,12.22,46.0
2023-02-13,0.0,12.18,38.6
2023-02-14,0.0,12.9,45.3
2023-02-15,0.0,12.52,54.21
2023-02-16,0.0,14.12,56.4
2023-02-17,0.0,15.81,55.55
2023-02-18,0.0,15.36,58.93
2023-02-19,0.0,15.69,57.72
2023-02-20,0.0,16.63,48.42
2023-02-21,0.05,17.05,48.79
2023-02-22,0.01,16.35,48.16
2023-02-23,0.0,15.61,44.39
2023-02-24,0.01,15.56,38.99
2023-02-25,0.0,15.0,42.36
2023-02-26,0.25,14.8,47.98
2023-02-27,0.16,14.77,52.09
2023-02-28,0.0,16.1,47.43
2023-03-01,0.04,16.87,45.5
2023-03-02,0.02,17.29,48.39
2023-03-03,0.0,18.69,43.31
2023-03-04,0.0,18.37,43.66
2023-03-05,0.0,18.04,45.31
2023-03-06,0.0,17.28,45.27
2023-03-07,0.0,17.88,43.03
2023-03-08,0.36,16.3,49.18
2023-03-09,0.48,16.39,50.49
2023-03-10,0.02,17.21,49.53
2023-03-11,0.02,17.56,51.84
2023-03-12,0.0,18.64,50.77
2023-03-13,0.47,18.69,51.12
2023-03-14,0.28,18.48,50.0
2023-03-15,0.01,17.29,46.82
2023-03-16,0.21,17.35,50.67
2023-03-17,3.18,16.76,57.63
2023-03-18,0.86,15.66,64.56
2023-03-19,3.95,15.94,68.51
2023-03-20,10.24,14.42,84.16
2023-03-21,12.93,11.63,89.02
2023-03-22,1.86,14.97,73.35
2023-03-23,0.24,16.9,53.93
2023-03-24,1.33,17.71,52.12
2023-03-25,7.09,16.7,65.54
2023-03-26,0.13,17.98,57.22
2023-03-27,0.03,17.76,48.62
2023-03-28,0.01,17.79,45.93
2023-03-29,0.01,18.61,42.46
2023-03-30,0.4,19.54,42.64
2023-03-31,6.33,15.06,70.83
2023-04-01,9.69,13.98,79.84
2023-04-02,0.04,16.06,66.69
2023-04-03,0.01,18.49,52.75
2023-04-04,0.43,18.26,55.49
2023-04-05,0.04,18.87,47.94
2023-04-06,0.0,19.75,34.36
2023-04-07,0.0,20.35,32.45
2023-04-08,0.0,20.61,33.45
2023-04-09,0.01,20.34,31.98
2023-04-10,0.0,20.78,31.59
2023-04-11,0.0,22.17,31.62
2023-04-12,0.0,23.36,34.16
2023-04-13,0.0,23.73,33.72
2023-04-14,0.0,23.92,35.88
2023-04-15,0.0,24.85,37.47
2023-04-16,0.0,24.64,34.19
2023-04-17,0.0,26.0,30.73
2023-04-18,0.01,26.83,30.59
2023-04-19,0.43,25.48,37.1
2023-04-20,0.2,24.48,38.66
2023-04-21,4.49,18.44,57.32
2023-04-22,0.06,21.09,39.61
2023-04-23,0.0,21.33,35.34
2023-04-24,3.49,19.14,45.57
2023-04-25,0.01,19.65,47.12
2023-04-26,0.03,20.89,47.05
2023-04-27,1.09,20.73,55.0
2023-04-28,2.09,21.42,45.94
2023-04-29,1.33,21.9,48.7
2023-04-30,13.53,16.45,81.09
2023-05-01,3.62,17.45,66.72
2023-05-02,4.47,17.52,69.17
2023-05-03,1.93,18.66,70.96
2023-05-04,4.95,18.95,69.0
2023-05-05,0.0,21.17,58.49
2023-05-06,0.0,23.2,47.36
2023-05-07,0.03,23.21,39.29
2023-05-08,0.01,22.97,33.65
2023-05-09,0.21,22.76,39.07
2023-05-10,0.0,22.76,27.49
2023-05-11,0.03,22.79,30.94
2023-05-12,0.0,24.46,31.39
2023-05-13,0.02,25.46,32.15
2023-05-14,0.32,25.99,34.7
2023-05-15,3.69,25.37,39.38
2023-05-16,1.16,26.29,37.85
2023-05-17,0.11,27.09,37.65
2023-05-18,2.11,26.18,41.37
2023-05-19,0.01,25.48,40.23
2023-05-20,0.33,25.99,37.68
2023-05-21,0.09,25.97,37.64
2023-05-22,0.02,26.96,31.06
2023-05-23,4.62,26.42,38.34
2023-05-24,10.76,23.57,57.92
2023-05-25,4.1,22.31,64.06
2023-05-26,1.65,21.64,64.19
2023-05-27,2.95,21.68,65.07
2023-05-28,0.0,22.98,54.97
2023-05-29,0.0,24.83,50.0
2023-05-30,0.06,26.31,43.85
2023-05-31,1.11,26.19,47.31
2023-06-01,0.21,25.38,43.89
2023-06-02,0.66,25.59,40.03
2023-06-03,0.14,25.47,41.15
2023-06-04,0.0,26.84,37.47
2023-06-05,1.48,27.06,41.76
2023-06-06,0.65,26.4,45.28
2023-06-07,0.08,27.2,37.06
2023-06-08,0.43,28.02,31.67
2023-06-09,2.29,28.31,35.75
2023-06-10,0.05,28.17,38.16
2023-06-11,0.31,28.64,44.1
2023-06-12,3.1,28.39,50.01
2023-06-13,3.96,28.74,48.96
2023-06-14,2.55,29.01,47.45
2023-06-15,1.29,28.24,50.34
2023-06-16,0.01,28.16,49.29
2023-06-17,2.37,29.07,47.93
2023-06-18,3.62,28.94,52.16
2023-06-19,3.1,28.66,52.46
2023-06-20,1.18,26.96,56.03
2023-06-21,1.24,26.24,59.49
2023-06-22,0.13,27.95,57.63
2023-06-23,1.6,27.13,63.87
2023-06-24,14.66,26.46,71.97
2023-06-25,14.57,24.59,81.45
2023-06-26,17.26,25.2,75.65
2023-06-27,14.83,25.13,77.84
2023-06-28,9.96,24.4,80.34
2023-06-29,10.84,24.45,78.94
2023-06-30,10.47,23.2,86.36
2023-07-01,24.64,22.54,89.72
2023-07-02,9.15,23.45,86.4
2023-07-03,7.97,24.55,82.01
2023-07-04,5.69,24.07,86.46
2023-07-05,6.97,23.55,84.43
2023-07-06,6.24,23.98,77.55
2023-07-07,2.59,24.12,82.6
2023-07-08,8.68,23.59,88.2
2023-07-09,7.58,24.72,81.64
2023-07-10,8.99,25.4,81.34
2023-07-11,4.74,25.0,82.39
2023-07-12,7.06,23.99,88.72
2023-07-13,7.36,23.94,88.62
2023-07-14,5.86,24.19,86.72
2023-07-15,10.18,23.36,87.3
2023-07-16,4.41,24.67,84.01
2023-07-17,3.03,24.08,85.16
2023-07-18,9.08,22.92,87.32
2023-07-19,15.72,24.92,73.46
2023-07-20,2.98,25.95,75.87
2023-07-21,10.02,24.97,80.64
2023-07-22,9.12,24.8,80.74
2023-07-23,9.44,24.25,86.79
2023-07-24,10.39,24.36,83.63
2023-07-25,14.6,23.75,88.79
2023-07-26,9.57,23.46,88.4
2023-07-27,2.57,22.98,89.32
2023-07-28,1.34,23.95,85.77
2023-07-29,3.12,23.46,88.46
2023-07-30,6.26,24.01,86.09
2023-07-31,8.76,24.84,85.47
2023-08-01,3.27,24.98,86.37
2023-08-02,5.09,24.97,83.64
2023-08-03,6.61,24.18,86.47
2023-08-04,18.49,24.06,86.93
2023-08-05,2.97,23.33,90.8
2023-08-06,8.5,23.71,92.92
2023-08-07,12.29,24.21,91.53
2023-08-08,8.63,23.62,92.31
2023-08-09,14.72,24.27,88.42
2023-08-10,6.91,23.62,93.35
2023-08-11,9.53,24.3,89.92
2023-08-12,35.41,23.65,90.89
2023-08-13,41.74,21.84,95.74
2023-08-14,13.35,21.5,83.0
2023-08-15,0.08,22.49,85.59
2023-08-16,2.1,23.49,87.75
2023-08-17,3.09,24.24,90.0
2023-08-18,7.65,24.58,86.46
2023-08-19,20.12,24.29,86.6
2023-08-20,23.53,23.94,90.15
2023-08-21,9.89,22.06,89.28
2023-08-22,29.63,22.29,91.39
2023-08-23,22.68,21.41,94.27
2023-08-24,10.83,22.32,92.81
2023-08-25,8.02,23.52,91.64
2023-08-26,1.53,23.53,89.19
2023-08-27,0.54,23.55,87.64
2023-08-28,2.75,22.96,87.14
2023-08-29,2.74,22.99,87.29
2023-08-30,0.1,23.41,86.99
2023-08-31,0.02,23.7,87.69
2023-09-01,0.03,24.0,88.6
2023-09-02,0.04,24.01,89.39
2023-09-03,1.25,24.29,86.29
2023-09-04,0.69,24.18,82.53
2023-09-05,2.09,23.69,81.13
2023-09-06,0.28,24.04,71.29
2023-09-07,1.54,23.75,73.72
2023-09-08,5.24,22.56,85.73
2023-09-09,17.19,21.77,91.37
2023-09-10,22.63,22.13,88.25
2023-09-11,13.13,23.12,83.24
2023-09-12,1.13,23.78,81.27
2023-09-13,0.06,23.66,88.54
2023-09-14,0.17,23.41,87.48
2023-09-15,1.78,23.61,85.72
2023-09-16,4.17,22.45,88.92
2023-09-17,6.01,22.49,87.85
2023-09-18,5.02,23.06,85.39
2023-09-19,5.45,22.85,86.77
2023-09-20,2.43,22.66,87.95
2023-09-21,4.8,21.91,91.28
2023-09-22,11.38,22.29,87.99
2023-09-23,11.24,22.47,89.49
2023-09-24,2.18,21.86,90.86
2023-09-25,0.3,22.04,88.42
2023-09-26,0.0,22.19,84.41
2023-09-27,0.02,22.62,84.19
2023-09-28,0.12,22.53,84.01
2023-09-29,0.19,23.03,78.44
2023-09-30,0.15,23.15,81.06
2023-10-01,0.09,22.89,84.77
2023-10-02,4.29,22.08,87.92
2023-10-03,5.01,21.12,89.32
2023-10-04,2.35,20.84,88.04
2023-10-05,0.33,21.61,86.17
2023-10-06,0.23,21.32,84.31
2023-10-07,0.04,21.04,82.79
2023-10-08,0.06,20.91,82.59
2023-10-09,0.05,21.32,75.46
2023-10-10,0.09,20.91,67.6
2023-10-11,0.0,20.23,67.42
2023-10-12,0.0,19.75,61.93
2023-10-13,0.0,19.56,64.88
2023-10-14,0.0,19.55,68.5
2023-10-15,0.67,19.64,70.91
2023-10-16,5.89,18.91,77.79
2023-10-17,0.65,17.49,68.53
2023-10-18,0.02,17.93,63.33
2023-10-19,0.0,17.46,64.28
2023-10-20,0.0,16.82,67.25
2023-10-21,0.0,17.26,68.31
2023-10-22,0.0,17.49,70.24
2023-10-23,0.15,17.36,70.05
2023-10-24,0.29,17.09,68.67
2023-10-25,0.33,18.24,65.27
2023-10-26,0.0,17.58,66.82
2023-10-27,0.0,17.54,66.91
2023-10-28,0.0,17.31,65.5
2023-10-29,0.0,17.45,68.07
2023-10-30,0.0,17.76,69.26
2023-10-31,0.0,18.19,69.48
2023-11-01,0.0,18.92,68.68
2023-11-02,0.0,18.02,68.28
2023-11-03,0.0,17.67,64.46
2023-11-04,0.0,16.8,63.14
2023-11-05,0.0,16.68,60.95
2023-11-06,0.0,16.41,62.21
2023-11-07,0.0,16.27,58.89
2023-11-08,0.0,15.85,61.12
2023-11-09,0.09,16.25,62.66
2023-11-10,0.5,16.12,64.29
2023-11-11,0.68,15.62,70.91
2023-11-12,0.0,16.13,65.41
2023-11-13,0.0,16.51,70.26
2023-11-14,0.0,16.94,69.56
2023-11-15,0.0,17.16,68.49
2023-11-16,0.0,16.75,69.89
2023-11-17,0.0,17.45,67.59
2023-11-18,0.0,16.89,69.73
2023-11-19,0.0,16.34,73.95
2023-11-20,0.0,16.83,68.17
2023-11-21,0.0,16.33,64.72
2023-11-22,0.0,15.34,69.3
2023-11-23,0.0,15.42,71.28
2023-11-24,0.0,15.5,68.7
2023-11-25,0.0,15.71,63.53
2023-11-26,0.0,15.08,67.6
2023-11-27,0.0,15.58,66.8
2023-11-28,0.0,15.23,60.03
2023-11-29,0.01,15.04,58.62
2023-11-30,0.01,14.81,63.62
2023-12-01,0.0,14.51,66.15
2023-12-02,0.0,14.92,61.84
2023-12-03,1.79,15.48,53.04
2023-12-04,2.21,11.68,79.05
2023-12-05,0.01,12.53,77.38
2023-12-06,0.0,13.88,58.77
2023-12-07,0.0,13.8,55.69
2023-12-08,0.0,13.33,60.38
2023-12-09,0.0,12.32,62.32
2023-12-10,0.0,11.74,55.65
2023-12-11,0.0,11.56,54.91
2023-12-12,0.0,10.46,58.47
2023-12-13,0.0,10.39,56.16
2023-12-14,0.0,11.29,50.17
2023-12-15,0.0,12.08,46.86
2023-12-16,0.0,11.54,48.67
2023-12-17,0.0,11.47,46.85
2023-12-18,0.0,11.63,46.66
2023-12-19,0.0,11.9,42.72
2023-12-20,0.0,11.91,45.24
2023-12-21,0.0,13.94,43.2
2023-12-22,0.0,13.93,49.53
2023-12-23,0.0,12.82,59.36
2023-12-24,0.0,13.1,58.22
2023-12-25,0.0,13.03,58.03
2023-12-26,0.0,12.52,57.48
2023-12-27,0.0,12.34,58.36
2023-12-28,0.0,12.53,55.78
2023-12-29,0.0,12.6,57.26
2023-12-30,0.0,12.53,50.31
2023-12-31,0.0,12.1,50.11
2024-01-01,0.0,11.38,47.98
2024-01-02,0.0,11.34,45.92
2024-01-03,0.0,10.85,44.64
2024-01-04,0.0,10.53,43.0
2024-01-05,0.03,10.51,45.18
2024-01-06,0.0,10.64,52.68
2024-01-07,0.0,11.7,54.62
2024-01-08,0.0,11.95,48.67
2024-01-09,0.0,11.58,42.59
2024-01-10,0.0,11.7,43.86
2024-01-11,0.0,11.13,42.12
2024-01-12,0.0,11.02,39.8
2024-01-13,0.0,12.19,38.16
2024-01-14,0.0,11.73,38.39
2024-01-15,0.0,10.53,47.52
2024-01-16,0.0,9.74,52.16
2024-01-17,0.0,9.39,57.54
2024-01-18,0.0,9.09,58.66
2024-01-19,0.0,9.24,59.38
2024-01-20,0.0,8.95,61.15
2024-01-21,0.0,8.75,56.18
2024-01-22,0.0,8.32,50.63
2024-01-23,0.0,9.33,46.88
2024-01-24,0.0,9.02,46.28
2024-01-25,0.0,8.97,46.28
2024-01-26,0.0,8.49,50.6
2024-01-27,0.0,9.55,47.15
2024-01-28,0.0,9.75,50.28
2024-01-29,0.0,10.41,49.62
2024-01-30,0.4,10.0,52.33
2024-01-31,0.94,10.38,54.19
2024-02-01,2.23,7.37,76.66
2024-02-02,0.0,9.4,51.16
2024-02-03,1.14,11.78,37.85
2024-02-04,5.76,10.6,63.33
2024-02-05,0.0,10.59,69.23
2024-02-06,0.0,10.16,57.97
2024-02-07,0.0,10.02,44.43
2024-02-08,0.0,10.53,34.12
2024-02-09,0.0,11.22,29.95
2024-02-10,0.0,11.63,31.16
2024-02-11,0.0,13.05,29.49
2024-02-12,0.02,13.18,32.86
2024-02-13,0.02,13.33,37.97
2024-02-14,0.04,13.85,40.25
2024-02-15,0.0,13.39,45.03
2024-02-16,0.0,14.14,40.3
2024-02-17,0.0,13.35,38.69
2024-02-18,0.04,13.87,39.4
2024-02-19,1.74,14.59,43.11
2024-02-20,0.28,13.03,60.66
2024-02-21,0.01,13.6,56.44
2024-02-22,0.01,12.52,43.43
2024-02-23,0.0,11.44,32.96
2024-02-24,0.0,11.03,32.06
2024-02-25,0.0,11.4,32.09
2024-02-26,0.0,13.56,26.89
2024-02-27,0.25,13.69,43.84
2024-02-28,0.0,14.38,52.24
2024-02-29,0.0,14.91,44.27
2024-03-01,1.05,16.97,36.38
2024-03-02,21.13,13.79,65.59
2024-03-03,16.0,11.47,87.84
2024-03-04,0.0,13.08,68.96
2024-03-05,0.0,13.44,44.24
2024-03-06,0.0,14.85,35.21
2024-03-07,0.0,14.83,37.88
2024-03-08,0.0,14.57,39.39
2024-03-09,0.0,14.77,35.41
2024-03-10,0.0,14.99,35.32
2024-03-11,0.0,16.65,34.54
2024-03-12,0.0,17.18,39.26
2024-03-13,0.02,17.44,36.84
2024-03-14,0.0,16.85,37.71
2024-03-15,0.0,17.44,38.07
2024-03-16,0.0,16.81,36.87
2024-03-17,0.0,17.78,34.37
2024-03-18,0.0,18.29,32.21
2024-03-19,0.01,16.86,35.22
2024-03-20,0.28,17.97,35.07
2024-03-21,0.0,15.81,47.6
2024-03-22,0.0,17.32,50.51
2024-03-23,0.0,19.23,38.8
2024-03-24,0.0,19.26,38.57
2024-03-25,0.0,19.56,41.82
2024-03-26,0.0,20.24,40.42
2024-03-27,0.0,21.13,39.55
2024-03-28,0.14,22.59,40.36
2024-03-29,0.03,23.46,43.25
2024-03-30,0.2,23.85,38.92
2024-03-31,0.0,23.69,32.51
2024-04-01,0.0,21.7,35.79
2024-04-02,0.0,21.65,31.86
2024-04-03,0.0,22.24,26.67
2024-04-04,0.0,23.09,30.37
2024-04-05,0.0,23.39,27.02
2024-04-06,0.0,23.13,24.2
2024-04-07,0.0,22.6,21.48
2024-04-08,0.0,22.33,19.88
2024-04-09,0.0,22.13,18.6
2024-04-10,0.0,21.9,20.73
2024-04-11,0.01,22.47,23.17
2024-04-12,0.04,22.65,27.48
2024-04-13,0.0,23.39,31.97
2024-04-14,0.0,23.68,35.33
2024-04-15,0.0,23.04,35.55
2024-04-16,0.0,24.14,37.84
2024-04-17,0.0,24.47,33.28
2024-04-18,0.0,25.68,25.97
2024-04-19,0.0,26.27,26.64
2024-04-20,0.0,25.52,23.2
2024-04-21,0.0,25.02,25.01
2024-04-22,0.0,25.2,27.95
2024-04-23,0.0,24.14,27.18
2024-04-24,0.0,24.09,23.34
2024-04-25,0.0,24.82,21.53
2024-04-26,0.0,25.4,20.44
2024-04-27,0.62,26.29,25.7
2024-04-28,0.02,25.77,25.98
2024-04-29,0.03,25.65,25.53
2024-04-30,0.13,25.16,24.84
2024-05-01,0.0,23.52,16.91
2024-05-02,0.0,22.98,15.74
2024-05-03,0.0,25.16,16.43
2024-05-04,0.0,26.19,19.84
2024-05-05,0.0,26.97,22.4
2024-05-06,0.02,26.68,25.07
2024-05-07,1.21,24.35,43.23
2024-05-08,8.3,22.75,55.57
2024-05-09,3.65,22.61,61.91
2024-05-10,2.4,22.0,65.96
2024-05-11,1.77,22.72,62.76
2024-05-12,1.26,24.78,51.08
2024-05-13,1.57,24.86,45.18
2024-05-14,0.0,25.42,37.16
2024-05-15,0.01,26.68,27.03
2024-05-16,0.0,27.06,24.86
2024-05-17,0.0,27.62,29.47
2024-05-18,0.21,29.54,27.54
2024-05-19,1.6,27.9,35.01
2024-05-20,1.14,27.32,39.37
2024-05-21,3.72,26.74,45.44
2024-05-22,8.02,25.46,61.08
2024-05-23,0.31,25.94,56.95
2024-05-24,0.01,26.96,51.88
2024-05-25,0.24,28.0,47.61
2024-05-26,0.19,28.83,46.46
2024-05-27,0.13,29.67,42.0
2024-05-28,0.01,30.11,27.75
2024-05-29,0.02,30.22,22.15
2024-05-30,0.04,30.98,22.6
2024-05-31,2.47,30.72,22.33
2024-06-01,1.32,28.49,26.68
2024-06-02,1.17,28.14,30.84
2024-06-03,1.54,27.87,34.41
2024-06-04,9.3,27.01,40.12
2024-06-05,1.4,26.21,47.15
2024-06-06,0.58,27.21,41.5
2024-06-07,0.07,28.81,35.91
2024-06-08,0.01,29.35,32.95
2024-06-09,0.07,29.89,29.8
2024-06-10,0.0,30.18,25.41
2024-06-11,0.02,30.74,20.5
2024-06-12,0.02,30.35,20.04
2024-06-13,0.08,31.1,21.99
2024-06-14,0.03,32.43,22.12
2024-06-15,0.0,32.78,22.84
2024-06-16,0.06,32.91,23.43
2024-06-17,0.02,33.38,24.92
2024-06-18,0.72,33.34,27.87
2024-06-19,4.92,32.01,37.26
2024-06-20,1.9,29.0,48.13
2024-06-21,0.82,28.15,51.83
2024-06-22,2.64,27.52,60.12
2024-06-23,2.75,28.06,60.84
2024-06-24,3.55,27.85,64.05
2024-06-25,7.33,28.85,61.71
2024-06-26,10.18,26.9,71.69
2024-06-27,14.49,25.53,75.87
2024-06-28,2.55,26.11,73.47
2024-06-29,6.99,25.66,77.06
2024-06-30,9.52,24.7,81.43
2024-07-01,15.14,23.47,86.74
2024-07-02,9.59,23.67,86.89
2024-07-03,17.09,22.77,89.19
2024-07-04,18.47,23.98,83.42
2024-07-05,27.39,23.63,86.0
2024-07-06,40.24,22.95,92.95
2024-07-07,62.23,21.71,93.04
2024-07-08,2.48,23.53,84.3
2024-07-09,0.22,25.1,81.01
2024-07-10,1.44,24.85,88.0
2024-07-11,10.0,25.42,88.33
2024-07-12,17.33,24.67,89.89
2024-07-13,8.64,24.47,88.81
2024-07-14,4.56,24.86,87.09
2024-07-15,4.87,24.6,85.44
2024-07-16,8.28,24.92,84.54
2024-07-17,4.04,24.9,81.82
2024-07-18,2.59,23.78,85.2
2024-07-19,8.38,23.43,86.61
2024-07-20,14.67,25.64,76.97
2024-07-21,2.76,24.64,86.42
2024-07-22,10.66,24.35,82.64
2024-07-23,11.37,24.25,81.9
2024-07-24,7.84,24.38,85.08
2024-07-25,8.85,24.98,84.28
2024-07-26,5.58,25.04,82.01
2024-07-27,0.07,25.99,74.68
2024-07-28,0.93,26.29,79.24
2024-07-29,3.01,25.57,84.46
2024-07-30,8.92,25.69,83.52
2024-07-31,7.19,24.07,92.98
2024-08-01,0.92,25.19,82.6
2024-08-02,4.36,24.7,84.02
2024-08-03,7.08,24.51,79.9
2024-08-04,1.47,24.21,83.64
2024-08-05,4.82,24.16,85.62
2024-08-06,29.12,22.52,93.18
2024-08-07,12.64,22.41,90.36
2024-08-08,5.05,23.74,87.89
2024-08-09,13.07,23.82,87.23
2024-08-10,13.39,23.1,88.1
2024-08-11,9.46,23.29,88.02
2024-08-12,2.08,23.41,88.56
2024-08-13,0.67,23.79,87.68
2024-08-14,6.28,23.56,89.29
2024-08-15,13.36,24.69,86.71
2024-08-16,10.53,23.39,87.35
2024-08-17,4.7,24.45,86.57
2024-08-18,27.48,23.09,91.5
2024-08-19,2.46,24.0,87.4
2024-08-20,8.39,21.81,94.74
2024-08-21,1.4,21.86,89.68
2024-08-22,1.89,22.32,93.79
2024-08-23,2.99,22.71,82.09
2024-08-24,0.79,23.86,81.29
2024-08-25,0.66,24.14,84.22
2024-08-26,2.83,24.3,80.55
2024-08-27,6.07,23.02,89.72
2024-08-28,12.93,23.72,85.15
2024-08-29,8.21,23.45,87.09
2024-08-30,3.22,24.5,84.65
2024-08-31,0.28,24.93,86.08
2024-09-01,4.73,23.23,92.44
2024-09-02,5.83,21.95,87.83
2024-09-03,2.6,23.84,83.43
2024-09-04,18.65,23.17,90.09
2024-09-05,8.77,22.78,89.91
2024-09-06,2.76,22.82,87.16
2024-09-07,2.05,23.86,81.53
2024-09-08,2.5,24.38,84.5
2024-09-09,0.37,23.96,84.41
2024-09-10,4.6,23.86,84.92
2024-09-11,21.05,23.6,87.81
2024-09-12,38.06,22.55,90.43
2024-09-13,45.51,21.56,90.34
2024-09-14,0.01,22.51,80.24
2024-09-15,0.71,22.99,82.02
2024-09-16,3.31,22.69,86.33
2024-09-17,12.88,21.56,89.83
2024-09-18,0.0,22.84,82.25
2024-09-19,0.0,23.74,87.21
2024-09-20,0.01,23.79,88.51
2024-09-21,0.73,23.37,79.61
2024-09-22,2.29,25.08,71.85
2024-09-23,0.17,24.72,81.84
2024-09-24,6.63,24.01,80.87
2024-09-25,12.71,21.84,93.43
2024-09-26,9.84,22.13,86.18
2024-09-27,19.66,20.83,89.27
2024-09-28,13.09,21.37,89.47
2024-09-29,0.24,22.39,87.35
2024-09-30,0.0,22.23,91.34
2024-10-01,0.0,22.65,90.07
2024-10-02,0.0,22.93,89.39
2024-10-03,0.14,22.76,83.82
2024-10-04,0.23,22.05,81.18
2024-10-05,0.02,21.87,80.58
2024-10-06,0.37,21.56,79.2
2024-10-07,0.19,21.72,82.69
2024-10-08,0.06,21.69,84.0
2024-10-09,0.02,21.11,82.44
2024-10-10,0.0,21.05,82.38
2024-10-11,0.0,20.85,66.25
2024-10-12,0.0,20.42,71.05
2024-10-13,0.0,20.12,74.85
2024-10-14,0.0,20.19,69.45
2024-10-15,0.0,19.57,72.44
2024-10-16,0.11,19.21,77.12
2024-10-17,0.1,19.46,78.95
2024-10-18,0.01,19.21,81.27
2024-10-19,0.86,18.71,83.55
2024-10-20,1.17,19.7,77.93
2024-10-21,0.06,19.33,77.64
2024-10-22,0.05,19.18,77.78
2024-10-23,0.0,20.02,68.07
2024-10-24,0.0,20.0,72.95
2024-10-25,0.0,20.09,84.33
2024-10-26,0.0,19.92,86.65
2024-10-27,0.0,19.81,86.59
2024-10-28,0.0,19.83,86.43
2024-10-29,0.0,19.9,86.57
2024-10-30,0.0,19.96,85.47
2024-10-31,0.0,20.25,78.9
2024-11-01,0.0,19.31,74.69
2024-11-02,0.0,18.81,72.24
2024-11-03,0.0,18.85,74.59
2024-11-04,0.0,17.91,79.66
2024-11-05,0.0,17.57,81.06
2024-11-06,0.0,17.98,83.5
2024-11-07,0.0,18.57,79.29
2024-11-08,0.0,17.6,84.83
2024-11-09,0.0,17.21,90.59
2024-11-10,0.0,17.55,89.62
2024-11-11,0.01,17.48,86.11
2024-11-12,0.0,17.39,82.6
2024-11-13,0.0,16.55,76.78
2024-11-14,0.0,17.0,66.43
2024-11-15,0.0,16.57,58.79
2024-11-16,0.0,15.74,59.46
2024-11-17,0.0,15.88,63.4
2024-11-18,0.0,15.43,64.37
2024-11-19,0.0,14.7,68.3
2024-11-20,0.0,14.57,71.45
2024-11-21,0.0,14.14,75.11
2024-11-22,0.0,13.64,76.52
2024-11-23,0.0,13.59,72.82
2024-11-24,0.0,13.86,66.31
2024-11-25,0.0,14.23,65.01
2024-11-26,0.0,13.6,70.4
2024-11-27,0.0,13.7,69.14
2024-11-28,0.0,13.49,69.41
2024-11-29,0.0,14.59,66.73
2024-11-30,0.0,14.0,66.51
2024-12-01,0.0,13.96,64.09
2024-12-02,0.0,14.54,57.44
2024-12-03,0.0,14.02,55.94
2024-12-04,0.0,14.57,48.96
2024-12-05,0.0,13.32,56.81
2024-12-06,0.0,12.26,60.69
2024-12-07,0.0,11.34,58.7
2024-12-08,0.06,11.06,61.99
2024-12-09,1.19,9.14,70.58
2024-12-10,0.01,9.84,59.11
2024-12-11,0.0,11.76,45.57
2024-12-12,0.0,12.17,45.34
2024-12-13,0.0,12.09,41.97
2024-12-14,0.0,11.96,41.18
2024-12-15,0.0,12.85,45.56
2024-12-16,0.0,14.79,45.6
2024-12-17,0.0,14.74,50.38
2024-12-18,0.0,13.56,49.72
2024-12-19,0.0,13.52,49.97
2024-12-20,0.0,12.84,47.34
2024-12-21,0.0,11.64,50.94
2024-12-22,0.0,11.32,51.68
2024-12-23,0.22,11.8,49.7
2024-12-24,1.3,11.53,65.79
2024-12-25,0.0,11.85,68.06
2024-12-26,0.0,12.84,53.92
2024-12-27,0.14,13.6,50.94
2024-12-28,3.25,13.08,55.0
2024-12-29,0.46,12.73,76.45
2024-12-30,0.0,12.87,63.24
2024-12-31,0.0,11.84,55.13
2025-01-01,0.0,11.98,47.1
2025-01-02,0.0,13.94,40.8
2025-01-03,0.0,15.35,40.58
2025-01-04,0.0,15.46,38.34
2025-01-05,0.0,14.31,40.44
2025-01-06,0.0,13.37,56.84
2025-01-07,0.0,11.82,63.97
2025-01-08,0.0,10.91,52.64
2025-01-09,0.0,10.8,54.65
2025-01-10,0.0,11.39,49.72
2025-01-11,0.14,12.46,48.87
2025-01-12,0.0,9.98,69.57
2025-01-13,0.0,12.3,62.86
2025-01-14,0.0,12.37,59.81
2025-01-15,0.03,12.73,52.19
2025-01-16,2.96,11.29,62.19
2025-01-17,0.01,13.07,58.68
2025-01-18,0.0,13.69,45.43
2025-01-19,0.0,16.53,33.78
2025-01-20,0.0,17.63,30.79
2025-01-21,0.0,17.7,33.97
2025-01-22,0.0,15.41,40.89
2025-01-23,0.0,13.95,45.28
2025-01-24,0.0,12.9,51.75
2025-01-25,0.0,13.76,42.14
2025-01-26,0.0,12.41,38.17
2025-01-27,0.0,12.48,36.26
2025-01-28,0.0,12.71,37.49
2025-01-29,0.0,12.91,39.97
2025-01-30,0.0,12.32,42.12
2025-01-31,0.0,12.87,38.94
2025-02-01,0.0,13.56,37.68
2025-02-02,0.0,13.84,36.0
2025-02-03,0.0,15.57,30.51
2025-02-04,0.6,16.39,43.83
2025-02-05,0.04,15.39,53.67
2025-02-06,0.0,13.7,39.61
2025-02-07,0.0,13.62,30.27
2025-02-08,0.0,14.59,27.66
2025-02-09,0.0,14.99,30.86
2025-02-10,0.0,14.34,35.84
2025-02-11,0.0,14.37,37.16
2025-02-12,0.0,13.71,42.38
2025-02-13,0.0,12.67,40.27
2025-02-14,0.0,13.07,28.57
2025-02-15,0.02,12.0,37.58
2025-02-16,0.0,14.04,40.08
2025-02-17,0.05,14.36,41.4
2025-02-18,0.01,13.75,41.85
2025-02-19,0.0,13.9,35.3
2025-02-20,0.04,13.75,40.0
2025-02-21,0.2,14.71,49.77
2025-02-22,0.01,14.88,50.0
2025-02-23,0.0,14.23,48.29
2025-02-24,0.0,14.02,47.77
2025-02-25,0.0,14.53,45.15
2025-02-26,0.01,16.17,41.61
2025-02-27,4.11,15.84,56.82
2025-02-28,24.4,10.49,82.36
2025-03-01,13.58,12.63,73.02
2025-03-02,0.15,15.28,49.98
2025-03-03,0.01,15.9,37.49
2025-03-04,3.79,16.03,43.79
2025-03-05,0.0,15.36,43.24
2025-03-06,0.0,15.07,35.96
2025-03-07,0.0,14.45,39.92
2025-03-08,0.0,14.79,40.25
2025-03-09,0.0,16.22,37.55
2025-03-10,0.0,17.06,40.18
2025-03-11,0.03,17.82,42.73
2025-03-12,0.01,19.84,43.46
2025-03-13,1.06,19.83,46.49
2025-03-14,0.78,19.94,42.28
2025-03-15,1.7,19.62,43.03
2025-03-16,9.63,18.4,54.91
2025-03-17,2.27,17.34,46.16
2025-03-18,0.0,17.75,40.17
2025-03-19,0.0,18.92,35.38
2025-03-20,0.0,18.62,31.46
2025-03-21,0.01,18.14,30.38
2025-03-22,0.28,16.43,32.93
2025-03-23,0.03,17.18,32.36
2025-03-24,0.0,18.53,30.11
2025-03-25,0.01,20.23,32.76
2025-03-26,0.0,21.88,33.35
2025-03-27,0.0,23.13,29.58
2025-03-28,0.0,22.91,26.5
2025-03-29,0.0,22.07,21.19
2025-03-30,0.0,22.41,19.25
2025-03-31,0.0,21.39,20.49
2025-04-01,0.0,20.34,22.03
2025-04-02,0.0,20.85,20.94
2025-04-03,0.0,20.93,20.67
2025-04-04,0.0,21.1,23.0
2025-04-05,0.0,21.3,25.63
2025-04-06,0.0,22.38,26.11
2025-04-07,0.0,23.06,26.89
2025-04-08,0.0,22.58,35.75
2025-04-09,1.69,23.29,41.93
2025-04-10,19.5,20.0,66.85
2025-04-11,1.16,20.25,61.16
2025-04-12,2.31,20.75,51.56
2025-04-13,3.11,20.99,46.39
2025-04-14,3.4,21.09,50.65
2025-04-15,0.02,22.17,49.6
2025-04-16,1.29,22.72,52.18
2025-04-17,5.79,22.2,55.24
2025-04-18,4.18,22.99,55.57
2025-04-19,8.21,22.77,56.28
2025-04-20,0.0,23.93,46.58
2025-04-21,0.0,25.22,39.37
2025-04-22,0.0,25.47,33.0
2025-04-23,0.0,24.93,24.89
2025-04-24,0.0,24.51,23.14
2025-04-25,0.0,24.21,23.27
2025-04-26,0.0,24.95,21.98
2025-04-27,0.06,24.77,23.43
2025-04-28,0.52,23.21,34.93
2025-04-29,0.01,22.31,40.62
2025-04-30,0.0,21.85,53.77
2025-05-01,0.21,21.91,56.32
2025-05-02,0.81,22.28,52.97
2025-05-03,0.18,23.07,47.83
2025-05-04,7.2,22.51,56.19
2025-05-05,0.85,22.69,53.94
2025-05-06,0.0,23.23,48.35
2025-05-07,1.2,23.49,48.74
2025-05-08,0.48,24.59,47.57
2025-05-09,0.04,25.56,43.09
2025-05-10,1.05,26.03,44.77
2025-05-11,7.71,25.0,56.17
2025-05-12,1.91,25.38,51.42
2025-05-13,0.16,26.07,41.86
2025-05-14,0.08,26.63,36.76
2025-05-15,0.07,26.83,33.45
2025-05-16,0.69,26.8,35.42
2025-05-17,1.99,26.61,35.27
2025-05-18,3.29,25.12,44.54
2025-05-19,12.25,24.04,58.56
2025-05-20,7.1,24.84,60.48
2025-05-21,10.76,24.9,61.98
2025-05-22,2.61,23.49,62.7
2025-05-23,0.84,25.16,57.19
2025-05-24,4.59,24.25,67.12
2025-05-25,1.61,24.64,66.37
2025-05-26,1.72,25.48,58.87
2025-05-27,8.14,25.88,61.26
2025-05-28,12.38,25.36,66.65
2025-05-29,1.16,26.42,59.43
2025-05-30,1.43,27.14,52.91
2025-05-31,2.86,26.69,48.96
2025-06-01,4.0,26.15,41.69
2025-06-02,1.89,24.97,40.75
2025-06-03,1.65,24.41,48.08
2025-06-04,3.57,23.62,50.47
2025-06-05,1.67,23.1,54.28
2025-06-06,0.56,24.58,45.7
2025-06-07,0.0,26.14,42.8
2025-06-08,0.0,27.59,44.2
2025-06-09,0.0,28.23,46.82
2025-06-10,2.44,28.21,53.15
2025-06-11,18.42,26.95,68.32
2025-06-12,2.53,27.06,67.53
2025-06-13,4.39,26.66,69.38
2025-06-14,0.09,27.6,60.65
2025-06-15,5.08,27.63,58.54
2025-06-16,3.27,26.36,68.16
2025-06-17,3.06,26.03,70.31
2025-06-18,4.07,25.85,70.72
2025-06-19,15.17,25.37,76.69
2025-06-20,9.9,24.65,80.43
2025-06-21,2.2,26.3,72.81
2025-06-22,22.13,25.38,80.84
2025-06-23,15.0,24.71,82.75
2025-06-24,0.44,25.49,77.92
2025-06-25,2.84,24.74,81.69
2025-06-26,1.91,25.15,78.57
2025-06-27,8.29,24.99,81.26
2025-06-28,13.4,24.54,83.44
2025-06-29,21.22,23.85,79.95
2025-06-30,28.02,23.94,78.07
2025-07-01,3.69,24.92,73.52
2025-07-02,12.39,24.7,81.57
2025-07-03,7.19,24.67,83.32
2025-07-04,3.41,25.12,80.97
2025-07-05,0.28,25.09,82.95
2025-07-06,0.61,25.27,81.18
2025-07-07,2.21,25.47,75.72
2025-07-08,7.06,24.42,86.89
2025-07-09,4.29,22.81,90.93
2025-07-10,2.2,23.28,83.16
2025-07-11,2.97,24.0,83.9
2025-07-12,10.16,25.13,79.96
2025-07-13,7.94,25.36,79.94
2025-07-14,9.31,24.11,84.72
2025-07-15,5.85,23.2,84.83
2025-07-16,5.21,23.78,79.63
2025-07-17,6.91,23.87,83.97
2025-07-18,0.73,24.45,81.49
2025-07-19,0.37,24.84,81.82
2025-07-20,7.8,23.72,86.72
2025-07-21,4.4,23.89,78.36
2025-07-22,0.65,24.64,79.61
2025-07-23,1.48,25.36,78.98
2025-07-24,8.5,25.69,81.26
2025-07-25,9.24,26.02,80.29
2025-07-26,3.04,25.56,81.72
2025-07-27,13.39,24.28,83.9
2025-07-28,11.28,23.68,85.28
2025-07-29,10.07,23.52,84.85
2025-07-30,5.54,24.0,84.49
2025-07-31,5.17,23.88,85.35
2025-08-01,5.11,23.9,86.05
2025-08-02,12.66,23.79,91.36
2025-08-03,20.17,23.07,91.56
2025-08-04,24.71,23.6,90.88
2025-08-05,29.53,22.42,92.79
2025-08-06,9.32,22.91,88.62
2025-08-07,4.58,24.29,86.5
2025-08-08,13.33,23.77,90.98
2025-08-09,9.45,23.56,88.76
2025-08-10,11.15,23.42,90.88
2025-08-11,14.01,22.91,91.95
2025-08-12,6.96,24.82,87.86
2025-08-13,24.58,23.71,91.56
2025-08-14,10.85,22.97,90.44
2025-08-15,0.67,23.26,89.27
2025-08-16,2.24,23.94,85.81
2025-08-17,6.17,24.38,85.43
2025-08-18,5.89,24.21,83.46
2025-08-19,15.32,23.98,85.49
2025-08-20,9.62,23.02,90.91
2025-08-21,11.62,23.72,87.19
2025-08-22,24.07,23.23,90.9
2025-08-23,4.68,23.99,82.59
2025-08-24,7.49,23.82,86.85
2025-08-25,4.29,23.24,88.02
2025-08-26,0.74,23.69,84.83
2025-08-27,4.49,23.9,89.49
2025-08-28,23.54,22.24,92.31
2025-08-29,11.7,21.8,90.72
2025-08-30,13.3,22.92,87.27
2025-08-31,13.22,22.52,89.25
2025-09-01,28.07,22.1,92.01
2025-09-02,20.18,21.36,89.96
2025-09-03,3.98,22.33,82.72
2025-09-04,7.92,23.49,84.77
2025-09-05,3.55,23.21,87.92
2025-09-06,5.58,23.47,88.03
2025-09-07,2.68,23.03,91.25
2025-09-08,3.29,23.21,87.84
2025-09-09,0.05,22.86,91.08
2025-09-10,7.31,22.74,93.29
2025-09-11,12.21,21.84,93.55
2025-09-12,12.94,23.02,88.12
2025-09-13,1.35,23.56,87.69
2025-09-14,5.7,23.16,88.76
2025-09-15,21.22,21.84,94.56
2025-09-16,7.94,20.84,91.1
2025-09-17,4.18,21.12,84.24
2025-09-18,3.42,22.03,84.25
2025-09-19,1.56,22.06,87.98
2025-09-20,0.0,22.51,89.31
2025-09-21,0.0,22.92,86.67
2025-09-22,0.0,22.71,89.63
2025-09-23,5.15,22.94,88.54
2025-09-24,4.79,23.78,87.15
2025-09-25,0.0,23.67,83.67
2025-09-26,0.0,24.25,80.79
2025-09-27,0.0,23.82,83.13
2025-09-28,0.85,22.17,91.16
2025-09-29,1.7,22.88,86.38
2025-09-30,0.43,21.92,90.58
2025-10-01,1.69,22.53,76.99
2025-10-02,3.52,21.1,88.2
2025-10-03,3.66,21.36,87.66
2025-10-04,0.08,22.19,86.74
2025-10-05,1.8,21.61,83.91
2025-10-06,3.77,21.11,80.72
2025-10-07,6.56,19.64,72.83
2025-10-08,0.45,19.71,71.26
2025-10-09,0.14,19.34,72.44
2025-10-10,0.0,19.1,71.89
2025-10-11,0.0,19.38,77.37
2025-10-12,0.0,19.48,76.36
2025-10-13,0.0,18.81,83.99
2025-10-14,0.0,19.02,86.92
2025-10-15,0.0,19.23,80.43
2025-10-16,0.0,19.9,77.64
2025-10-17,0.0,19.78,82.55
2025-10-18,0.0,19.52,79.97
2025-10-19,0.0,19.57,78.8
2025-10-20,0.0,19.81,80.64
2025-10-21,0.0,20.4,76.94
2025-10-22,0.08,20.57,73.38
2025-10-23,0.41,20.51,66.03
2025-10-24,0.0,19.16,62.12
2025-10-25,0.0,17.74,61.18
2025-10-26,0.0,17.52,56.71
2025-10-27,0.7,18.12,49.4
2025-10-28,6.26,17.58,59.67
2025-10-29,0.08,19.34,66.58
2025-10-30,4.15,18.6,80.7
2025-10-31,2.37,18.43,78.63
2025-11-01,0.01,19.49,74.72
2025-11-02,0.02,18.35,80.57
2025-11-03,0.0,17.93,78.72
2025-11-04,0.15,18.34,81.12
2025-11-05,0.34,18.42,73.43
2025-11-06,0.0,17.45,70.83
2025-11-07,0.0,17.2,63.76
2025-11-08,0.0,16.74,61.85
2025-11-09,0.0,15.79,63.65
2025-11-10,0.0,15.88,59.73
2025-11-11,0.0,15.67,59.23
2025-11-12,0.0,15.37,56.95
2025-11-13,0.0,14.51,57.65
2025-11-14,0.0,14.66,58.98
2025-11-15,0.0,14.28,60.42
2025-11-16,0.0,14.73,63.6
2025-11-17,0.0,14.61,64.46
2025-11-18,0.0,15.68,62.41
2025-11-19,0.0,14.61,77.71
2025-11-20,0.0,14.67,80.75
2025-11-21,0.0,14.37,77.28
2025-11-22,0.0,13.5,73.42
2025-11-23,0.0,13.55,66.53
2025-11-24,0.0,13.0,62.73
2025-11-25,0.0,12.89,60.07
2025-11-26,0.0,13.37,57.37
2025-11-27,0.0,13.94,55.58
2025-11-28,0.0,14.95,52.22
2025-11-29,0.0,14.68,49.32
2025-11-30,0.0,14.35,50.81
2025-12-01,0.0,13.95,54.87
2025-12-02,0.0,13.66,59.53
2025-12-03,0.0,12.15,61.03
2025-12-04,0.0,12.52,50.35
2025-12-05,0.0,12.66,53.75
2025-12-06,0.0,12.92,49.0
2025-12-07,0.0,13.64,46.87
2025-12-08,0.0,14.06,42.95
2025-12-09,0.0,12.75,45.01
2025-12-10,0.0,12.47,46.59
2025-12-11,0.0,13.18,48.95
2025-12-12,0.0,12.72,58.61
2025-12-13,0.0,13.04,59.25
2025-12-14,0.0,13.73,61.35
2025-12-15,0.0,12.81,63.53
2025-12-16,0.0,12.74,56.51
2025-12-17,0.0,12.07,53.33
2025-12-18,0.0,13.47,46.11
2025-12-19,0.0,11.87,50.95
2025-12-20,0.0,10.48,59.76
2025-12-21,0.0,11.43,58.5
2025-12-22,0.0,12.44,59.95
2025-12-23,0.0,13.76,46.11
2025-12-24,0.0,11.5,43.74
2025-12-25,0.0,10.29,51.66
2025-12-26,0.0,9.69,59.53
2025-12-27,0.0,10.97,48.26
2025-12-28,0.0,11.38,44.83
2025-12-29,0.0,11.23,44.88
2025-12-30,0.0,11.83,43.88
2025-12-31,0.0,10.34,48.42
